date,state,district,market,commodity,arrivals_tonnes,min_price,max_price,modal_price,year,month,date_str,price_lag_1,price_lag_2,price_lag_3,price_lag_7,price_lag_14,price_lag_30,rolling_mean_7,rolling_mean_14,rolling_mean_30,rolling_std_7,rolling_std_14,rolling_std_30,price_change_1d,price_change_7d,price_change_30d,day_of_week,day_of_month,quarter
2024-02-08,Madhya Pradesh,Ujjain,Ujjain APMC,Onion,35.05,213.0,1025.0,213.0,2024,2,2024-02-08,1000.0,264.0,700.0,229.0,400.0,200.0,394.7142857142857,360.2857142857143,464.9,324.1505382203945,257.71613142293666,310.9434309345983,736.0,771.0,800.0,3,8,1
2024-02-09,Madhya Pradesh,Ujjain,Ujjain APMC,Onion,41.3,180.0,1257.0,200.0,2024,2,2024-02-09,213.0,1000.0,264.0,170.0,376.0,1148.0,392.42857142857144,346.92857142857144,465.3333333333333,325.567124232396,260.3321736922669,310.57036887473424,-787.0,43.0,-935.0,4,9,1
2024-02-10,Madhya Pradesh,Ujjain,Ujjain APMC,Onion,33.05,222.0,1122.0,222.0,2024,2,2024-02-10,200.0,213.0,1000.0,200.0,214.0,1210.0,396.7142857142857,334.35714285714283,433.73333333333335,322.3324961824949,263.05559726557277,285.9693657735379,-13.0,0.0,-1010.0,5,10,1
2024-02-12,Madhya Pradesh,Ujjain,Ujjain APMC,Onion,27.29,188.0,1451.0,188.0,2024,2,2024-02-12,222.0,200.0,213.0,200.0,700.0,986.0,399.85714285714283,334.92857142857144,400.8,320.1949554940076,262.7825846839679,247.83746064013746,22.0,22.0,-764.0,0,12,1
2024-02-13,Madhya Pradesh,Ujjain,Ujjain APMC,Onion,45.6,190.0,1311.0,190.0,2024,2,2024-02-13,188.0,222.0,200.0,700.0,201.0,400.0,398.14285714285717,298.35714285714283,374.2,321.4728752535889,242.94621346578464,224.59747902905514,-34.0,-512.0,-212.0,1,13,1
2024-02-15,Madhya Pradesh,Ujjain,Ujjain APMC,Onion,47.79,100.0,1149.0,200.0,2024,2,2024-02-15,190.0,188.0,222.0,264.0,140.0,280.0,325.2857142857143,297.57142857142856,367.2,298.6406504400198,243.30282311609886,227.0250479876462,2.0,-74.0,-90.0,3,15,1
2024-02-16,Madhya Pradesh,Ujjain,Ujjain APMC,Onion,43.2,329.0,1119.0,329.0,2024,2,2024-02-16,200.0,190.0,188.0,1000.0,250.0,570.0,316.14285714285717,301.85714285714283,364.53333333333336,301.79265982427324,240.82961009581248,228.54935833513565,10.0,-800.0,-370.0,4,16,1
2024-02-17,Madhya Pradesh,Ujjain,Ujjain APMC,Onion,29.91,443.0,1152.0,443.0,2024,2,2024-02-17,329.0,200.0,190.0,213.0,229.0,511.0,220.28571428571428,307.5,356.5,49.42574998828816,240.44629977798172,225.29057864807874,129.0,116.0,-182.0,5,17,1
2024-02-19,Madhya Pradesh,Ujjain,Ujjain APMC,Onion,24.46,430.0,1497.0,430.0,2024,2,2024-02-19,443.0,329.0,200.0,200.0,170.0,583.0,253.14285714285714,322.7857142857143,354.23333333333335,97.16725883998268,241.87001549510921,224.02104016538615,114.0,243.0,-140.0,0,19,1
2024-02-20,Madhya Pradesh,Ujjain,Ujjain APMC,Onion,29.94,220.0,1811.0,1811.0,2024,2,2024-02-20,430.0,443.0,329.0,222.0,200.0,534.0,286.0,341.35714285714283,349.1333333333333,113.68523797456439,239.20335961843688,220.34482902523686,-13.0,208.0,-104.0,1,20,1
2024-02-21,Madhya Pradesh,Ujjain,Ujjain APMC,Onion,26.21,274.0,2550.0,274.0,2024,2,2024-02-21,1811.0,430.0,443.0,188.0,200.0,450.0,513.0,456.42857142857144,391.7,582.8624766329247,455.59136790055027,345.2397617648469,1381.0,1623.0,1361.0,2,21,1
2024-02-22,Madhya Pradesh,Ujjain,Ujjain APMC,Onion,12.12,746.0,2550.0,746.0,2024,2,2024-02-22,274.0,1811.0,430.0,190.0,700.0,381.0,525.2857142857143,461.7142857142857,385.8333333333333,575.7330730716895,452.80823391729166,345.70997245881006,-1537.0,84.0,-107.0,3,22,1
2024-02-23,Madhya Pradesh,Ujjain,Ujjain APMC,Onion,41.18,330.0,2550.0,400.0,2024,2,2024-02-23,746.0,274.0,1811.0,200.0,264.0,856.0,604.7142857142857,465.0,398.0,559.9028827352455,454.8326826765742,351.90133805391804,472.0,546.0,-110.0,4,23,1
2024-02-24,Madhya Pradesh,Ujjain,Ujjain APMC,Onion,19.84,243.0,1163.0,243.0,2024,2,2024-02-24,400.0,746.0,274.0,329.0,1000.0,220.0,633.2857142857143,474.7142857142857,382.8,540.5779975438987,451.6507208301274,341.11939461031864,-346.0,71.0,180.0,5,24,1
2024-02-27,Madhya Pradesh,Ujjain,Ujjain APMC,Onion,105.88,323.0,1593.0,600.0,2024,2,2024-02-27,243.0,400.0,746.0,443.0,213.0,474.0,621.0,420.64285714285717,383.56666666666666,549.5489059219389,428.6547126037024,340.7665479912678,-157.0,-200.0,-231.0,1,27,1
2024-02-28,Madhya Pradesh,Ujjain,Ujjain APMC,Onion,56.83,400.0,1242.0,400.0,2024,2,2024-02-28,600.0,243.0,400.0,430.0,200.0,100.0,643.4285714285714,448.2857142857143,387.76666666666665,544.2517362222673,426.70822828709566,342.6906399548194,357.0,170.0,500.0,2,28,1
2024-02-29,Madhya Pradesh,Ujjain,Ujjain APMC,Onion,78.44,240.0,1449.0,1449.0,2024,2,2024-02-29,400.0,600.0,243.0,1811.0,222.0,400.0,639.1428571428571,462.57142857142856,397.76666666666665,546.3266509367903,421.06709026649725,338.35348617857534,-200.0,-1411.0,0.0,3,29,1
2024-03-01,Madhya Pradesh,Ujjain,Ujjain APMC,Onion,42.78,210.0,1219.0,1219.0,2024,3,2024-03-01,1449.0,400.0,600.0,274.0,188.0,376.0,587.4285714285714,550.2142857142857,432.73333333333335,419.27232882016625,489.30848828044736,389.0047365488899,1049.0,1175.0,1073.0,4,1,1
2024-03-02,Madhya Pradesh,Ujjain,Ujjain APMC,Onion,32.77,160.0,1045.0,1045.0,2024,3,2024-03-02,1219.0,1449.0,400.0,746.0,190.0,214.0,722.4285714285714,623.8571428571429,460.8333333333333,452.3652127587682,507.8344456373791,414.3846358599478,-230.0,473.0,1005.0,5,2,1
2024-03-04,Madhya Pradesh,Ujjain,Ujjain APMC,Onion,39.13,350.0,2072.0,600.0,2024,3,2024-03-04,1045.0,1219.0,1449.0,400.0,200.0,700.0,765.1428571428571,684.9285714285714,488.53333333333336,468.78048472301276,503.03379061996867,424.9555541330243,-174.0,645.0,345.0,0,4,1
2024-03-05,Madhya Pradesh,Ujjain,Ujjain APMC,Onion,32.67,250.0,2350.0,2350.0,2024,3,2024-03-05,600.0,1045.0,1219.0,243.0,329.0,201.0,793.7142857142857,713.5,485.2,448.4713719163926,484.386011041099,423.62975051009033,-445.0,357.0,399.0,1,5,1
2024-03-06,Madhya Pradesh,Ujjain,Ujjain APMC,Onion,48.71,350.0,1843.0,1843.0,2024,3,2024-03-06,2350.0,600.0,1045.0,600.0,443.0,140.0,1094.7142857142858,857.8571428571429,556.8333333333334,669.7376885233289,637.8288722923024,539.7052888851235,1750.0,1750.0,2210.0,2,6,1
2024-03-07,Madhya Pradesh,Ujjain,Ujjain APMC,Onion,36.97,200.0,1701.0,1701.0,2024,3,2024-03-07,1843.0,2350.0,600.0,400.0,430.0,250.0,1272.2857142857142,957.8571428571429,613.6,681.3906648136868,676.3666344341833,582.2362715101739,-507.0,1443.0,1593.0,3,7,1
2024-03-09,Madhya Pradesh,Ujjain,Ujjain APMC,Onion,39.03,320.0,1389.0,1389.0,2024,3,2024-03-09,1701.0,1843.0,2350.0,1449.0,1811.0,229.0,1458.142857142857,1048.642857142857,661.9666666666667,572.5488126414576,685.3058393203675,610.5686147627745,-142.0,252.0,1472.0,5,9,1
2024-03-11,Madhya Pradesh,Ujjain,Ujjain APMC,Onion,42.71,400.0,1625.0,1625.0,2024,3,2024-03-11,1389.0,1701.0,1843.0,1219.0,274.0,170.0,1449.5714285714287,1018.5,700.6333333333333,573.1572957873657,657.9284214048726,618.8780439903594,-312.0,170.0,1219.0,0,11,1
2024-03-12,Madhya Pradesh,Ujjain,Ujjain APMC,Onion,42.46,274.0,1362.0,1362.0,2024,3,2024-03-12,1625.0,1389.0,1701.0,1045.0,746.0,200.0,1507.5714285714287,1115.0,749.1333333333333,566.4391279866583,639.1399268969559,632.7173326126807,236.0,580.0,1425.0,1,12,1
2024-03-13,Madhya Pradesh,Ujjain,Ujjain APMC,Onion,33.27,249.0,1472.0,1472.0,2024,3,2024-03-13,1362.0,1625.0,1389.0,600.0,400.0,200.0,1552.857142857143,1159.0,787.8666666666667,535.0985667991238,632.9565545912294,633.5084428217486,-263.0,762.0,1162.0,2,13,1
2024-03-14,Madhya Pradesh,Ujjain,Ujjain APMC,Onion,44.02,240.0,2111.0,500.0,2024,3,2024-03-14,1472.0,1362.0,1625.0,2350.0,243.0,700.0,1677.4285714285713,1235.5714285714287,830.2666666666667,343.50102238705574,597.9481215322579,635.3704829268611,110.0,-878.0,772.0,3,14,1
2024-03-15,Madhya Pradesh,Ujjain,Ujjain APMC,Onion,32.57,280.0,2000.0,2000.0,2024,3,2024-03-15,500.0,1472.0,1362.0,1843.0,600.0,264.0,1413.142857142857,1253.9285714285713,823.6,438.3710105118072,568.3440810860042,637.8289469107226,-972.0,-1343.0,236.0,4,15,1
2024-03-16,Madhya Pradesh,Ujjain,Ujjain APMC,Onion,45.81,200.0,1950.0,1950.0,2024,3,2024-03-16,2000.0,500.0,1472.0,1701.0,400.0,1000.0,1435.5714285714287,1353.9285714285713,881.4666666666667,467.10414868023366,567.5991901503564,663.5395024144137,1500.0,299.0,1000.0,5,16,1
2024-03-18,Madhya Pradesh,Ujjain,Ujjain APMC,Onion,65.39,180.0,1949.0,1949.0,2024,3,2024-03-18,1950.0,2000.0,500.0,1389.0,1449.0,213.0,1471.142857142857,1464.642857142857,913.1333333333333,499.0732840546997,516.0433206536139,691.4723288817821,-50.0,561.0,1737.0,0,18,1
2024-03-19,Madhya Pradesh,Ujjain,Ujjain APMC,Onion,30.38,200.0,1950.0,200.0,2024,3,2024-03-19,1949.0,1950.0,2000.0,1625.0,1219.0,200.0,1551.142857142857,1500.357142857143,971.0,527.7696557436867,531.9347280870603,703.3972243138395,-1.0,324.0,1749.0,1,19,1
2024-03-20,Madhya Pradesh,Ujjain,Ujjain APMC,Onion,31.76,220.0,1896.0,1896.0,2024,3,2024-03-20,200.0,1949.0,1950.0,1362.0,1045.0,222.0,1347.5714285714287,1427.5714285714287,971.0,730.4436681777402,633.4282442860758,703.3972243138395,-1749.0,-1162.0,-22.0,2,20,1
2024-03-21,Madhya Pradesh,Ujjain,Ujjain APMC,Onion,42.17,416.0,1739.0,1739.0,2024,3,2024-03-21,1896.0,200.0,1949.0,1472.0,600.0,188.0,1423.857142857143,1488.357142857143,1026.8,759.5082682392666,634.7224235404441,708.3121462686661,1696.0,424.0,1708.0,3,21,1
2024-03-22,Madhya Pradesh,Ujjain,Ujjain APMC,Onion,31.45,500.0,1557.0,900.0,2024,3,2024-03-22,1739.0,1896.0,200.0,500.0,2350.0,190.0,1462.0,1569.7142857142858,1078.5,768.9744252357597,582.9844210309869,701.5483737345952,-157.0,1239.0,1549.0,4,22,1
2024-03-23,Madhya Pradesh,Ujjain,Ujjain APMC,Onion,23.8,310.0,1850.0,1850.0,2024,3,2024-03-23,900.0,1739.0,1896.0,2000.0,1843.0,200.0,1519.142857142857,1466.142857142857,1102.1666666666667,697.0739866449924,562.126027087939,682.2518537563844,-839.0,-1100.0,700.0,5,23,1
2024-03-26,Madhya Pradesh,Ujjain,Ujjain APMC,Onion,28.64,1496.0,1800.0,1800.0,2024,3,2024-03-26,1850.0,900.0,1739.0,1950.0,1701.0,329.0,1497.7142857142858,1466.642857142857,1157.1666666666667,681.9703596407776,562.4900145633844,673.4665894656072,950.0,-100.0,1521.0,1,26,1
2024-03-27,Madhya Pradesh,Ujjain,Ujjain APMC,Onion,39.46,360.0,1700.0,1700.0,2024,3,2024-03-27,1800.0,1850.0,900.0,1949.0,1389.0,443.0,1476.2857142857142,1473.7142857142858,1206.2,667.5953650442547,566.2724851805245,664.5819738753075,-50.0,-149.0,1357.0,2,27,1
2024-03-28,Madhya Pradesh,Ujjain,Ujjain APMC,Onion,43.38,384.0,1650.0,1650.0,2024,3,2024-03-28,1700.0,1800.0,1850.0,200.0,1625.0,430.0,1440.7142857142858,1495.9285714285713,1248.1,644.4420621192968,568.7881130811521,654.351553197831,-100.0,1500.0,1270.0,3,28,1
2024-03-29,Madhya Pradesh,Ujjain,Ujjain APMC,Onion,40.06,518.0,1650.0,1650.0,2024,3,2024-03-29,1650.0,1700.0,1800.0,1896.0,1362.0,1811.0,1647.857142857143,1497.7142857142858,1288.7666666666667,340.5644474356402,569.2635496946813,639.4967139293499,-50.0,-246.0,-161.0,4,29,1
2024-04-01,Madhya Pradesh,Ujjain,Ujjain APMC,Onion,67.37,355.0,1425.0,1425.0,2024,4,2024-04-01,1650.0,1650.0,1700.0,1739.0,1472.0,274.0,1612.7142857142858,1518.2857142857142,1283.4,322.926572812724,569.1857110173914,635.6268478086591,0.0,-89.0,1376.0,0,1,2
2024-04-02,Madhya Pradesh,Ujjain,Ujjain APMC,Onion,86.92,120.0,1293.0,1200.0,2024,4,2024-04-02,1425.0,1650.0,1650.0,900.0,500.0,746.0,1567.857142857143,1514.9285714285713,1321.7666666666667,324.26657170268055,569.6181533793849,606.6762292412953,-225.0,525.0,679.0,1,2,2
2024-04-03,Madhya Pradesh,Ujjain,Ujjain APMC,Onion,115.59,140.0,1300.0,1300.0,2024,4,2024-04-03,1200.0,1425.0,1650.0,1850.0,2000.0,400.0,1610.7142857142858,1564.9285714285713,1336.9,226.3188858563028,500.1648134958521,597.410351087263,-225.0,-650.0,800.0,2,3,2
2024-04-04,Madhya Pradesh,Ujjain,Ujjain APMC,Onion,57.03,267.0,1600.0,1600.0,2024,4,2024-04-04,1300.0,1200.0,1425.0,1800.0,1950.0,243.0,1532.142857142857,1514.9285714285713,1366.9,224.8676859632712,488.1710709428554,570.742248123532,100.0,-500.0,1057.0,3,4,2
2024-04-05,Madhya Pradesh,Ujjain,Ujjain APMC,Onion,61.79,200.0,1843.0,1843.0,2024,4,2024-04-05,1600.0,1300.0,1200.0,1700.0,1949.0,600.0,1503.5714285714287,1489.9285714285713,1412.1333333333334,196.01688459828978,472.8996420262668,530.9866374923217,300.0,-100.0,1000.0,4,5,2
2024-04-06,Madhya Pradesh,Ujjain,Ujjain APMC,Onion,70.48,498.0,1600.0,1400.0,2024,4,2024-04-06,1843.0,1600.0,1300.0,1650.0,200.0,400.0,1524.0,1482.357142857143,1453.5666666666666,225.1821484931703,465.7791829319416,513.642884350283,243.0,193.0,1443.0,5,6,2
2024-04-08,Madhya Pradesh,Ujjain,Ujjain APMC,Onion,50.9,682.0,1811.0,1811.0,2024,4,2024-04-08,1400.0,1843.0,1600.0,1650.0,1896.0,1449.0,1488.2857142857142,1568.0714285714287,1486.9,221.66544933428767,288.2091826556414,473.81702783043687,-443.0,-250.0,-49.0,0,8,2
2024-04-13,Madhya Pradesh,Ujjain,Ujjain APMC,Onion,85.94,341.0,1699.0,500.0,2024,4,2024-04-13,1811.0,1400.0,1843.0,1425.0,1739.0,1219.0,1511.2857142857142,1562.0,1498.9666666666667,248.02668827212588,281.5888983825669,477.41440708461454,411.0,386.0,592.0,5,13,2
2024-04-15,Madhya Pradesh,Ujjain,Ujjain APMC,Onion,186.82,374.0,1711.0,1600.0,2024,4,2024-04-15,500.0,1811.0,1400.0,1200.0,900.0,1045.0,1379.142857142857,1473.5,1475.0,458.6438082620795,393.9605114924395,508.9587748361931,-1311.0,-700.0,-545.0,0,15,2
2024-04-16,Madhya Pradesh,Ujjain,Ujjain APMC,Onion,52.44,519.0,1764.0,1650.0,2024,4,2024-04-16,1600.0,500.0,1811.0,1300.0,1850.0,600.0,1436.2857142857142,1523.5,1493.5,457.5211158280803,358.3899358992187,502.839849050474,1100.0,300.0,1000.0,1,16,2
2024-04-18,Madhya Pradesh,Ujjain,Ujjain APMC,Onion,74.04,676.0,1750.0,1750.0,2024,4,2024-04-18,1650.0,1600.0,500.0,1600.0,1800.0,2350.0,1486.2857142857142,1509.2142857142858,1528.5,459.2663404045322,348.21593180788716,474.232210689207,50.0,50.0,-700.0,3,18,2
2024-04-19,Madhya Pradesh,Ujjain,Ujjain APMC,Onion,70.75,400.0,1751.0,800.0,2024,4,2024-04-19,1750.0,1650.0,1600.0,1843.0,1700.0,1843.0,1507.7142857142858,1505.642857142857,1508.5,468.8555976295597,345.24787241428925,450.4476509061809,100.0,-93.0,-93.0,4,19,2
2024-04-20,Madhya Pradesh,Ujjain,Ujjain APMC,Onion,58.68,100.0,1700.0,1700.0,2024,4,2024-04-20,800.0,1750.0,1650.0,1400.0,1650.0,1701.0,1358.7142857142858,1441.357142857143,1473.7333333333333,508.59109780048743,387.48193151777696,463.79282929530854,-950.0,-600.0,-901.0,5,20,2
2024-04-22,Madhya Pradesh,Ujjain,Ujjain APMC,Onion,82.03,339.0,1850.0,1800.0,2024,4,2024-04-22,1700.0,800.0,1750.0,1811.0,1650.0,1389.0,1401.5714285714287,1444.9285714285713,1473.7,525.0243985260297,389.776556165534,463.77596776446075,900.0,-111.0,311.0,0,22,2
2024-04-23,Madhya Pradesh,Ujjain,Ujjain APMC,Onion,80.87,600.0,2061.0,2061.0,2024,4,2024-04-23,1800.0,1700.0,800.0,500.0,1425.0,1625.0,1400.0,1455.642857142857,1487.4,523.6092690801672,397.8257459941779,467.2451619645841,100.0,1300.0,175.0,1,23,2
2024-04-24,Madhya Pradesh,Ujjain,Ujjain APMC,Onion,182.85,300.0,1711.0,1400.0,2024,4,2024-04-24,2061.0,1800.0,1700.0,1600.0,1200.0,1362.0,1623.0,1501.0714285714287,1501.9333333333334,392.3896872583004,429.13821769927443,478.322134515868,261.0,461.0,699.0,2,24,2
2024-04-25,Madhya Pradesh,Ujjain,Ujjain APMC,Onion,152.01,200.0,1554.0,1300.0,2024,4,2024-04-25,1400.0,2061.0,1800.0,1650.0,1300.0,1472.0,1594.4285714285713,1515.357142857143,1503.2,401.51872398966134,421.60765705038665,477.988991360752,-661.0,-250.0,-72.0,3,25,2
2024-04-26,Madhya Pradesh,Ujjain,Ujjain APMC,Onion,103.01,325.0,1651.0,1651.0,2024,4,2024-04-26,1300.0,1400.0,2061.0,1750.0,1600.0,500.0,1544.4285714285713,1515.357142857143,1497.4666666666667,415.0107858609852,421.60765705038665,479.4055754234889,-100.0,-450.0,800.0,4,26,2
2024-04-27,Madhya Pradesh,Ujjain,Ujjain APMC,Onion,86.51,300.0,1825.0,1825.0,2024,4,2024-04-27,1651.0,1300.0,1400.0,800.0,1843.0,2000.0,1530.2857142857142,1519.0,1535.8333333333333,408.47305675556896,422.6143905227589,441.37458353252043,351.0,851.0,-349.0,5,27,2
2024-04-29,Madhya Pradesh,Ujjain,Ujjain APMC,Onion,175.42,250.0,1632.0,400.0,2024,4,2024-04-29,1825.0,1651.0,1300.0,1700.0,1400.0,1950.0,1676.7142857142858,1517.7142857142858,1530.0,259.66370192084645,421.57897856135463,436.15403795859356,174.0,125.0,-125.0,0,29,2
2024-04-30,Madhya Pradesh,Ujjain,Ujjain APMC,Onion,190.57,100.0,4000.0,1201.0,2024,4,2024-04-30,400.0,1825.0,1651.0,1800.0,1811.0,1949.0,1491.0,1446.2857142857142,1478.3333333333333,546.5924746402328,516.9790099252548,474.7811353000261,-1425.0,-1400.0,-1549.0,1,30,2
2024-05-02,Madhya Pradesh,Ujjain,Ujjain APMC,Onion,364.98,202.0,2250.0,300.0,2024,5,2024-05-02,1201.0,400.0,1825.0,2061.0,500.0,200.0,1405.4285714285713,1402.7142857142858,1453.4,536.9577441918678,509.5280514013288,468.8148373549391,801.0,-860.0,1001.0,3,2,2
2024-05-03,Madhya Pradesh,Ujjain,Ujjain APMC,Onion,334.59,210.0,1822.0,300.0,2024,5,2024-05-03,300.0,1201.0,400.0,1400.0,1600.0,1896.0,1153.857142857143,1388.4285714285713,1456.7333333333333,588.659898575125,538.7502224573111,459.86579251607407,-901.0,-1100.0,-1596.0,4,3,2
2024-05-04,Madhya Pradesh,Ujjain,Ujjain APMC,Onion,351.91,248.0,2039.0,400.0,2024,5,2024-05-04,300.0,300.0,1201.0,1300.0,1650.0,1739.0,996.7142857142857,1295.5714285714287,1403.5333333333333,655.0765131610494,607.1670299001769,498.03023958413405,0.0,-1000.0,-1439.0,5,4,2
2024-05-06,Madhya Pradesh,Ujjain,Ujjain APMC,Onion,442.95,325.0,2600.0,500.0,2024,5,2024-05-06,400.0,300.0,300.0,1651.0,1750.0,900.0,868.1428571428571,1206.2857142857142,1358.9,673.6867295144011,641.949845701052,526.1364284853411,100.0,-1251.0,-500.0,0,6,2
2024-05-07,Madhya Pradesh,Ujjain,Ujjain APMC,Onion,413.52,247.0,2931.0,500.0,2024,5,2024-05-07,500.0,400.0,300.0,1825.0,800.0,1850.0,703.7142857142857,1117.0,1345.5666666666666,585.4527348658517,647.415096898665,542.9660993630001,100.0,-1325.0,-1350.0,1,7,2
2024-05-08,Madhya Pradesh,Ujjain,Ujjain APMC,Onion,494.24,310.0,1801.0,500.0,2024,5,2024-05-08,500.0,500.0,400.0,400.0,1700.0,1800.0,514.4285714285714,1095.5714285714287,1300.5666666666666,313.5665039205447,663.4799532402229,555.5157084177284,0.0,100.0,-1300.0,2,8,2
2024-05-09,Madhya Pradesh,Ujjain,Ujjain APMC,Onion,427.55,300.0,1955.0,500.0,2024,5,2024-05-09,500.0,500.0,500.0,1201.0,1800.0,1700.0,528.7142857142857,1009.8571428571429,1257.2333333333333,309.7389838157907,656.8683110197798,565.8217511045228,0.0,-701.0,-1200.0,3,9,2
2024-05-10,Madhya Pradesh,Ujjain,Ujjain APMC,Onion,214.34,400.0,2011.0,1100.0,2024,5,2024-05-10,500.0,500.0,500.0,300.0,2061.0,1650.0,428.57142857142856,917.0,1217.2333333333333,95.11897312113717,627.8229784801545,575.7703495338214,0.0,200.0,-1150.0,4,10,2
2024-05-11,Madhya Pradesh,Ujjain,Ujjain APMC,Onion,238.2,309.0,1825.0,1800.0,2024,5,2024-05-11,1100.0,500.0,500.0,300.0,1400.0,1650.0,542.8571428571429,848.3571428571429,1198.9,257.27509827124106,539.4362594616515,570.245159014358,600.0,800.0,-550.0,5,11,2
2024-05-15,Madhya Pradesh,Ujjain,Ujjain APMC,Onion,479.84,320.0,1813.0,400.0,2024,5,2024-05-15,1800.0,1100.0,500.0,400.0,1300.0,1425.0,757.1428571428571,876.9285714285714,1203.9,515.9365040297854,579.9718115544947,574.9748630187657,700.0,1400.0,375.0,2,15,2
2024-05-16,Madhya Pradesh,Ujjain,Ujjain APMC,Onion,348.19,250.0,1690.0,400.0,2024,5,2024-05-16,400.0,1800.0,1100.0,500.0,1651.0,1200.0,757.1428571428571,812.6428571428571,1169.7333333333333,515.9365040297854,579.3490521057441,591.5973661859567,-1400.0,-100.0,-800.0,3,16,2
2024-05-17,Madhya Pradesh,Ujjain,Ujjain APMC,Onion,492.25,173.0,1735.0,400.0,2024,5,2024-05-17,400.0,400.0,1800.0,500.0,1825.0,1300.0,742.8571428571429,723.2857142857143,1143.0666666666666,525.5382728122441,534.8640989967494,607.9892202613654,0.0,-100.0,-900.0,4,17,2
2024-05-18,Madhya Pradesh,Ujjain,Ujjain APMC,Onion,294.97,250.0,4529.0,1400.0,2024,5,2024-05-18,400.0,400.0,400.0,500.0,400.0,1600.0,728.5714285714286,621.5,1113.0666666666666,534.5224838248494,435.42459384269625,622.0210625845805,0.0,-100.0,-1200.0,5,18,2
2024-05-20,Madhya Pradesh,Ujjain,Ujjain APMC,Onion,299.61,200.0,1683.0,400.0,2024,5,2024-05-20,1400.0,400.0,400.0,500.0,1201.0,1843.0,857.1428571428571,692.9285714285714,1106.4,576.9377287516769,476.38873336249816,617.6788921382238,1000.0,900.0,-443.0,0,20,2
2024-05-21,Madhya Pradesh,Ujjain,Ujjain APMC,Onion,286.43,300.0,1600.0,800.0,2024,5,2024-05-21,400.0,1400.0,400.0,1100.0,300.0,1400.0,842.8571428571429,635.7142857142857,1058.3,588.3795341363233,458.4373841265951,614.5169760007477,-1000.0,-700.0,-1000.0,1,21,2
2024-05-22,Madhya Pradesh,Ujjain,Ujjain APMC,Onion,250.87,123.0,6550.0,1300.0,2024,5,2024-05-22,800.0,400.0,1400.0,1800.0,300.0,1811.0,800.0,671.4285714285714,1038.3,577.3502691896263,449.66409929835663,612.7738599583666,400.0,-1000.0,-1011.0,2,22,2
2024-05-23,Madhya Pradesh,Ujjain,Ujjain APMC,Onion,151.89,365.0,1829.0,1530.0,2024,5,2024-05-23,1300.0,800.0,400.0,400.0,400.0,500.0,728.5714285714286,742.8571428571429,1021.2666666666667,449.8677054212193,465.2778916771316,597.4653320390278,500.0,900.0,800.0,3,23,2
2024-05-24,Madhya Pradesh,Ujjain,Ujjain APMC,Onion,253.74,176.0,1811.0,500.0,2024,5,2024-05-24,1530.0,1300.0,800.0,400.0,500.0,1600.0,890.0,823.5714285714286,1055.6,510.91421328177387,498.0825872646663,596.0706738935091,230.0,1130.0,-70.0,4,24,2
2024-05-25,Madhya Pradesh,Ujjain,Ujjain APMC,Onion,148.13,380.0,1771.0,1250.0,2024,5,2024-05-25,500.0,1530.0,1300.0,400.0,500.0,1650.0,904.2857142857143,823.5714285714286,1018.9333333333333,496.1134662842484,498.0825872646663,595.259835084115,-1030.0,100.0,-1150.0,5,25,2
2024-05-27,Madhya Pradesh,Ujjain,Ujjain APMC,Onion,259.84,250.0,1560.0,600.0,2024,5,2024-05-27,1250.0,500.0,1530.0,1400.0,500.0,1750.0,1025.7142857142858,877.1428571428571,1005.6,454.3807926859425,500.9288076460272,585.0289471175911,750.0,-150.0,-500.0,0,27,2
2024-05-28,Madhya Pradesh,Ujjain,Ujjain APMC,Onion,230.16,400.0,1781.0,600.0,2024,5,2024-05-28,600.0,1250.0,500.0,400.0,500.0,800.0,911.4285714285714,884.2857142857143,967.2666666666667,445.06286340353427,495.82432195461973,572.1045198293712,-650.0,200.0,-200.0,1,28,2
2024-05-29,Madhya Pradesh,Ujjain,Ujjain APMC,Onion,192.82,400.0,2100.0,1500.0,2024,5,2024-05-29,600.0,600.0,1250.0,800.0,1100.0,1700.0,940.0,891.4285714285714,960.6,411.9465984809204,490.55474316732096,575.2773603917594,0.0,-200.0,-1100.0,2,29,2
2024-05-30,Madhya Pradesh,Ujjain,Ujjain APMC,Onion,182.16,156.0,1887.0,1700.0,2024,5,2024-05-30,1500.0,600.0,600.0,1300.0,1800.0,1800.0,1040.0,920.0,953.9333333333333,455.00915741700635,514.691842083875,567.5198269866775,900.0,200.0,-300.0,3,30,2
2024-05-31,Madhya Pradesh,Ujjain,Ujjain APMC,Onion,163.42,361.0,1926.0,600.0,2024,5,2024-05-31,1700.0,1500.0,600.0,1530.0,400.0,2061.0,1097.142857142857,912.8571428571429,950.6,514.3511863086773,502.07919343816343,562.6518860073128,200.0,170.0,-361.0,4,31,2
2024-06-01,Madhya Pradesh,Ujjain,Ujjain APMC,Onion,237.39,200.0,2026.0,900.0,2024,6,2024-06-01,600.0,1700.0,1500.0,500.0,400.0,1400.0,964.2857142857143,927.1428571428571,901.9,503.91325784163695,489.04032508622413,525.2099317547156,-1100.0,100.0,-800.0,5,1,2
2024-06-03,Madhya Pradesh,Ujjain,Ujjain APMC,Onion,301.7,129.0,2578.0,1600.0,2024,6,2024-06-03,900.0,600.0,1700.0,1250.0,400.0,1300.0,1021.4285714285714,962.8571428571429,885.2333333333333,463.552534650554,465.26135866642966,516.7232757271156,300.0,-350.0,-400.0,0,3,2
2024-06-04,Madhya Pradesh,Ujjain,Ujjain APMC,Onion,238.02,100.0,1950.0,600.0,2024,6,2024-06-04,1600.0,900.0,600.0,600.0,1400.0,1651.0,1071.4285714285713,1048.5714285714287,895.2333333333333,508.9672082242821,464.1262617146191,527.8108780505625,700.0,1000.0,-51.0,1,4,2
2024-06-05,Madhya Pradesh,Ujjain,Ujjain APMC,Onion,357.27,170.0,2181.0,600.0,2024,6,2024-06-05,600.0,1600.0,900.0,600.0,400.0,1825.0,1071.4285714285713,991.4285714285714,860.2,508.9672082242821,466.7705274272633,510.5137642104038,-1000.0,0.0,-1225.0,2,5,2
2024-06-06,Madhya Pradesh,Ujjain,Ujjain APMC,Onion,295.62,313.0,2092.0,1400.0,2024,6,2024-06-06,600.0,600.0,1600.0,1500.0,800.0,400.0,1071.4285714285713,1005.7142857142857,819.3666666666667,508.9672082242821,450.03784944609515,478.6817014095773,0.0,-900.0,200.0,3,6,2
2024-06-07,Madhya Pradesh,Ujjain,Ujjain APMC,Onion,550.7,200.0,2000.0,1300.0,2024,6,2024-06-07,1400.0,600.0,600.0,1700.0,1300.0,1201.0,1057.142857142857,1048.5714285714287,852.7,496.17585208318724,457.4487300882373,483.26769550347694,800.0,-300.0,199.0,4,7,2
2024-06-08,Madhya Pradesh,Ujjain,Ujjain APMC,Onion,443.53,200.0,2211.0,600.0,2024,6,2024-06-08,1300.0,1400.0,600.0,600.0,1530.0,300.0,1000.0,1048.5714285714287,856.0,428.17441928883846,457.4487300882373,486.0580354166603,-100.0,700.0,1000.0,5,8,2
2024-06-10,Madhya Pradesh,Ujjain,Ujjain APMC,Onion,576.61,200.0,2761.0,2300.0,2024,6,2024-06-10,600.0,1300.0,1400.0,900.0,500.0,300.0,1000.0,982.1428571428571,866.0,428.17441928883846,449.6182752142018,477.2305161211312,-700.0,-300.0,300.0,0,10,2
2024-06-11,Madhya Pradesh,Ujjain,Ujjain APMC,Onion,608.53,478.0,2350.0,2000.0,2024,6,2024-06-11,2300.0,600.0,1300.0,1600.0,1250.0,400.0,1200.0,1110.7142857142858,932.6666666666666,645.4972243679033,547.7852510963412,531.9899748428849,1700.0,700.0,1900.0,1,11,2
2024-06-12,Madhya Pradesh,Ujjain,Ujjain APMC,Onion,622.88,250.0,2299.0,1800.0,2024,6,2024-06-12,2000.0,2300.0,600.0,600.0,600.0,500.0,1257.142857142857,1164.2857142857142,986.0,702.0378500174642,596.9243514204138,556.3898410039617,-300.0,1400.0,1500.0,2,12,2
2024-06-13,Madhya Pradesh,Ujjain,Ujjain APMC,Onion,560.74,400.0,2298.0,600.0,2024,6,2024-06-13,1800.0,2000.0,2300.0,600.0,600.0,500.0,1428.5714285714287,1250.0,1029.3333333333333,660.0865744084532,595.8187643906496,567.7416443353823,-200.0,1200.0,1300.0,3,13,2
2024-06-14,Madhya Pradesh,Ujjain,Ujjain APMC,Onion,617.59,400.0,2300.0,1800.0,2024,6,2024-06-14,600.0,1800.0,2000.0,1400.0,1500.0,500.0,1428.5714285714287,1250.0,1032.6666666666667,660.0865744084532,595.8187643906496,564.8126533049108,-1200.0,-800.0,100.0,4,14,2
2024-06-15,Madhya Pradesh,Ujjain,Ujjain APMC,Onion,371.45,100.0,2510.0,2100.0,2024,6,2024-06-15,1800.0,600.0,1800.0,1300.0,1700.0,500.0,1485.7142857142858,1271.4285714285713,1076.0,674.3603671345948,610.7102692496937,572.3550863123226,1200.0,500.0,1300.0,5,15,2
2024-06-18,Madhya Pradesh,Ujjain,Ujjain APMC,Onion,365.7,451.0,2503.0,2100.0,2024,6,2024-06-18,2100.0,1800.0,600.0,600.0,600.0,1100.0,1600.0,1300.0,1129.3333333333333,704.7458170621996,640.912810582868,591.0711103338281,300.0,1500.0,1000.0,1,18,2
2024-06-19,Madhya Pradesh,Ujjain,Ujjain APMC,Onion,486.91,500.0,8887.0,2300.0,2024,6,2024-06-19,2100.0,2100.0,1800.0,2300.0,900.0,1800.0,1814.2857142857142,1407.142857142857,1162.6666666666667,563.9993245521123,640.2695174261036,616.9889806948344,0.0,-200.0,300.0,2,19,2
2024-06-20,Madhya Pradesh,Ujjain,Ujjain APMC,Onion,440.82,461.0,3150.0,2700.0,2024,6,2024-06-20,2300.0,2100.0,2100.0,2000.0,1600.0,400.0,1814.2857142857142,1507.142857142857,1179.3333333333333,563.9993245521123,663.8631528517653,641.0817008201349,200.0,300.0,1900.0,3,20,2
2024-06-21,Madhya Pradesh,Ujjain,Ujjain APMC,Onion,415.31,580.0,3010.0,2000.0,2024,6,2024-06-21,2700.0,2300.0,2100.0,1800.0,600.0,400.0,1914.2857142857142,1585.7142857142858,1256.0,656.8322247184377,736.7883976130078,680.9557178371972,400.0,900.0,2300.0,4,21,2
2024-06-22,Madhya Pradesh,Ujjain,Ujjain APMC,Onion,323.53,500.0,2910.0,2700.0,2024,6,2024-06-22,2000.0,2700.0,2300.0,600.0,600.0,400.0,1942.857142857143,1685.7142857142858,1309.3333333333333,655.3806600166123,685.9660709899953,674.2246291665062,-700.0,1400.0,1600.0,5,22,2
2024-06-24,Madhya Pradesh,Ujjain,Ujjain APMC,Onion,390.52,571.0,2911.0,2600.0,2024,6,2024-06-24,2700.0,2000.0,2700.0,1800.0,1400.0,1400.0,2242.8571428571427,1835.7142857142858,1386.0,345.7221565416519,659.3786619084822,697.6195979531225,700.0,900.0,1300.0,0,24,2
2024-06-25,Madhya Pradesh,Ujjain,Ujjain APMC,Onion,383.47,438.0,3010.0,2700.0,2024,6,2024-06-25,2600.0,2700.0,2000.0,2100.0,1300.0,400.0,2357.1428571428573,1921.4285714285713,1426.0,304.7247001100236,676.1640349780539,732.0052760314856,-100.0,500.0,2200.0,1,25,2
2024-06-26,Madhya Pradesh,Ujjain,Ujjain APMC,Onion,383.58,500.0,2863.0,2100.0,2024,6,2024-06-26,2700.0,2600.0,2700.0,2100.0,600.0,800.0,2442.8571428571427,2021.4285714285713,1502.6666666666667,304.7247001100237,680.6993817770434,741.2288647139005,100.0,600.0,1900.0,2,26,2
2024-06-27,Madhya Pradesh,Ujjain,Ujjain APMC,Onion,373.42,367.0,2850.0,2800.0,2024,6,2024-06-27,2100.0,2700.0,2600.0,2300.0,2300.0,1300.0,2442.8571428571427,2128.5714285714284,1546.0,304.7247001100237,544.0992152576189,736.719663148043,-600.0,-200.0,800.0,3,27,2
2024-06-28,Madhya Pradesh,Ujjain,Ujjain APMC,Onion,270.57,700.0,2759.0,1750.0,2024,6,2024-06-28,2800.0,2100.0,2700.0,2700.0,2000.0,1530.0,2514.285714285714,2164.285714285714,1596.0,323.6694374850764,571.9160009021541,769.6152195785222,700.0,100.0,1270.0,4,28,2
2024-06-29,Madhya Pradesh,Ujjain,Ujjain APMC,Onion,292.84,500.0,2711.0,2700.0,2024,6,2024-06-29,1750.0,2800.0,2100.0,2000.0,1800.0,500.0,2378.5714285714284,2146.4285714285716,1603.3333333333333,418.18769993981573,581.2666162105646,770.0126883564228,-1050.0,-250.0,1250.0,5,29,2
2024-07-01,Madhya Pradesh,Ujjain,Ujjain APMC,Onion,414.77,749.0,2950.0,2500.0,2024,7,2024-07-01,2700.0,1750.0,2800.0,2700.0,600.0,1250.0,2478.5714285714284,2210.714285714286,1676.6666666666667,395.6609900503461,589.712632568601,766.061730353791,950.0,0.0,1450.0,0,1,3
2024-07-02,Madhya Pradesh,Ujjain,Ujjain APMC,Onion,460.61,422.0,3000.0,2700.0,2024,7,2024-07-02,2500.0,2700.0,1750.0,2600.0,1800.0,600.0,2450.0,2346.4285714285716,1718.3333333333333,384.0572873934317,367.1429640398367,775.9847284905646,-200.0,-100.0,1900.0,1,2,3
2024-07-03,Madhya Pradesh,Ujjain,Ujjain APMC,Onion,511.71,500.0,2903.0,2000.0,2024,7,2024-07-03,2700.0,2500.0,2700.0,2700.0,2100.0,600.0,2464.285714285714,2410.714285714286,1788.3333333333333,392.3373184245573,342.04057981730637,766.2811374483886,200.0,0.0,2100.0,2,3,3
2024-07-04,Madhya Pradesh,Ujjain,Ujjain APMC,Onion,382.57,300.0,3015.0,2700.0,2024,7,2024-07-04,2000.0,2700.0,2500.0,2100.0,2100.0,1500.0,2364.285714285714,2403.5714285714284,1835.0,411.00921088045266,349.98037621595955,733.3379048969318,-700.0,-100.0,500.0,3,4,3
2024-07-05,Madhya Pradesh,Ujjain,Ujjain APMC,Onion,442.17,856.0,3124.0,2900.0,2024,7,2024-07-05,2700.0,2000.0,2700.0,2800.0,2300.0,1700.0,2450.0,2446.4285714285716,1875.0,409.26763859362376,346.66781135342274,747.03436656394,700.0,-100.0,1000.0,4,5,3
2024-07-06,Madhya Pradesh,Ujjain,Ujjain APMC,Onion,421.17,800.0,2950.0,2900.0,2024,7,2024-07-06,2900.0,2700.0,2000.0,1750.0,2700.0,600.0,2464.285714285714,2489.285714285714,1915.0,424.96498455195007,363.83564095120556,769.1408103896824,200.0,1150.0,2300.0,5,6,3
2024-07-08,Madhya Pradesh,Ujjain,Ujjain APMC,Onion,512.54,768.0,2900.0,2700.0,2024,7,2024-07-08,2900.0,2900.0,2700.0,2700.0,2000.0,900.0,2628.5714285714284,2503.5714285714284,1991.6666666666667,309.3772546815409,376.4532281267275,747.8801459082057,0.0,200.0,2000.0,0,8,3
2024-07-09,Madhya Pradesh,Ujjain,Ujjain APMC,Onion,327.26,500.0,2861.0,2600.0,2024,7,2024-07-09,2700.0,2900.0,2900.0,2500.0,2700.0,1600.0,2628.5714285714284,2553.5714285714284,2051.6666666666665,309.3772546815409,349.98037621595984,729.2513087162538,-200.0,200.0,1100.0,1,9,3
2024-07-10,Madhya Pradesh,Ujjain,Ujjain APMC,Onion,442.2,700.0,2804.0,2800.0,2024,7,2024-07-10,2600.0,2700.0,2900.0,2700.0,2600.0,600.0,2642.8571428571427,2546.4285714285716,2085.0,304.7247001100242,347.77550545977675,730.7471377366768,-100.0,-100.0,2000.0,2,10,3
2024-07-11,Madhya Pradesh,Ujjain,Ujjain APMC,Onion,386.59,949.0,2811.0,2500.0,2024,7,2024-07-11,2800.0,2600.0,2700.0,2000.0,2700.0,600.0,2657.1428571428573,2560.714285714286,2158.3333333333335,310.14589500826463,354.1938688109913,685.575938766883,200.0,800.0,2200.0,3,11,3
2024-07-12,Madhya Pradesh,Ujjain,Ujjain APMC,Onion,373.49,950.0,2800.0,2400.0,2024,7,2024-07-12,2500.0,2800.0,2600.0,2700.0,2100.0,1400.0,2728.5714285714284,2546.4285714285716,2221.6666666666665,149.6026483086239,352.1714430142317,621.411537429565,-300.0,-200.0,1100.0,4,12,3
2024-07-13,Madhya Pradesh,Ujjain,Ujjain APMC,Onion,323.14,798.0,2811.0,2600.0,2024,7,2024-07-13,2400.0,2500.0,2800.0,2900.0,2800.0,1300.0,2685.714285714286,2567.8571428571427,2255.0,195.1800145897101,331.4346105929526,602.3445571408796,-100.0,-500.0,1100.0,5,13,3
2024-07-15,Madhya Pradesh,Ujjain,Ujjain APMC,Onion,341.9,1000.0,2811.0,2300.0,2024,7,2024-07-15,2600.0,2400.0,2500.0,2900.0,1750.0,600.0,2642.8571428571427,2553.5714285714284,2298.3333333333335,171.82493859684863,324.9048888724019,577.5219555959784,200.0,-300.0,2000.0,0,15,3
2024-07-16,Madhya Pradesh,Ujjain,Ujjain APMC,Onion,240.59,800.0,2801.0,2100.0,2024,7,2024-07-16,2300.0,2600.0,2400.0,2700.0,2700.0,2300.0,2557.1428571428573,2592.8571428571427,2355.0,171.8249385968482,243.26081512612197,480.364444979019,-300.0,-400.0,0.0,1,16,3
2024-07-18,Madhya Pradesh,Ujjain,Ujjain APMC,Onion,426.11,851.0,2851.0,2300.0,2024,7,2024-07-18,2100.0,2300.0,2600.0,2600.0,2500.0,2000.0,2471.4285714285716,2550.0,2348.3333333333335,228.86885410853387,273.8612787525849,482.5369975690875,-200.0,-500.0,100.0,3,18,3
2024-07-19,Madhya Pradesh,Ujjain,Ujjain APMC,Onion,508.85,600.0,2761.0,2543.5,2024,7,2024-07-19,2300.0,2100.0,2300.0,2800.0,2700.0,1800.0,2428.5714285714284,2535.714285714286,2358.3333333333335,228.86885410853372,281.772256256015,478.1579837995653,200.0,-500.0,500.0,4,19,3
2024-07-20,Madhya Pradesh,Ujjain,Ujjain APMC,Onion,413.41,700.0,2725.0,2535.5,2024,7,2024-07-20,2543.5,2300.0,2100.0,2500.0,2000.0,600.0,2391.9285714285716,2524.535714285714,2383.116666666667,173.27060449179842,277.8300853375715,467.36756714185134,243.5,43.5,1943.5,5,20,3
2024-07-22,Madhya Pradesh,Ujjain,Ujjain APMC,Onion,239.72,800.0,2771.0,2612.5,2024,7,2024-07-22,2535.5,2543.5,2300.0,2400.0,2700.0,1800.0,2397.0,2562.785714285714,2447.633333333333,177.43050282669606,233.36400374042114,324.4828493776379,-8.0,135.5,735.5,0,22,3
2024-07-23,Madhya Pradesh,Ujjain,Ujjain APMC,Onion,387.55,828.0,2711.0,2600.0,2024,7,2024-07-23,2612.5,2535.5,2543.5,2600.0,2900.0,2100.0,2427.3571428571427,2556.535714285714,2474.7166666666667,195.30738898074767,230.56131040819466,301.66956926907534,77.0,12.5,512.5,1,23,3
2024-07-24,Madhya Pradesh,Ujjain,Ujjain APMC,Onion,415.61,1030.0,2810.0,2400.0,2024,7,2024-07-24,2600.0,2612.5,2535.5,2300.0,2900.0,2100.0,2427.3571428571427,2535.1071428571427,2491.383333333333,195.30738898074767,209.12888725261624,293.967001529945,-12.5,300.0,500.0,2,24,3
2024-07-25,Madhya Pradesh,Ujjain,Ujjain APMC,Onion,386.31,800.0,2772.0,2539.5,2024,7,2024-07-25,2400.0,2600.0,2612.5,2100.0,2700.0,2300.0,2441.6428571428573,2499.3928571428573,2501.383333333333,187.95826537774394,183.0938366575427,285.1648852534444,-200.0,300.0,100.0,3,25,3
2024-07-26,Madhya Pradesh,Ujjain,Ujjain APMC,Onion,320.93,550.0,2701.0,2400.0,2024,7,2024-07-26,2539.5,2400.0,2600.0,2300.0,2600.0,2700.0,2504.4285714285716,2487.9285714285716,2509.366666666667,113.4546269702268,174.3843960405244,282.6742347447087,139.5,239.5,-160.5,4,26,3
2024-07-27,Madhya Pradesh,Ujjain,Ujjain APMC,Onion,311.76,650.0,2728.0,2600.0,2024,7,2024-07-27,2400.0,2539.5,2400.0,2543.5,2800.0,2000.0,2518.714285714286,2473.6428571428573,2499.366666666667,86.52304950265587,172.68094507272548,280.99926166713,-139.5,-143.5,400.0,5,27,3
2024-07-29,Madhya Pradesh,Ujjain,Ujjain APMC,Onion,274.18,400.0,2727.0,2100.0,2024,7,2024-07-29,2600.0,2400.0,2539.5,2535.5,2500.0,2700.0,2526.785714285714,2459.3571428571427,2519.366666666667,91.70098924533133,150.44631403458916,265.13607219993685,200.0,64.5,-100.0,0,29,3
2024-07-30,Madhya Pradesh,Ujjain,Ujjain APMC,Onion,340.64,886.0,2725.0,2300.0,2024,7,2024-07-30,2100.0,2600.0,2400.0,2612.5,2400.0,2600.0,2464.5714285714284,2430.785714285714,2499.366666666667,185.03612903327814,177.65575119895965,273.5372991439914,-500.0,-512.5,-500.0,1,30,3
2024-07-31,Madhya Pradesh,Ujjain,Ujjain APMC,Onion,379.79,900.0,2707.0,2400.0,2024,7,2024-07-31,2300.0,2100.0,2600.0,2600.0,2600.0,2700.0,2419.9285714285716,2423.6428571428573,2489.366666666667,181.05257720973376,180.968168532421,275.210074411298,200.0,-300.0,-400.0,2,31,3
2024-08-01,Madhya Pradesh,Ujjain,Ujjain APMC,Onion,272.97,1000.0,2800.0,2600.0,2024,8,2024-08-01,2400.0,2300.0,2100.0,2400.0,2300.0,2100.0,2391.3571428571427,2409.3571428571427,2479.366666666667,162.75613513416442,173.72463052989326,272.7318353676179,100.0,0.0,300.0,3,1,3
2024-08-02,Madhya Pradesh,Ujjain,Ujjain APMC,Onion,308.25,943.0,2752.0,2500.0,2024,8,2024-08-02,2600.0,2400.0,2300.0,2539.5,2100.0,2800.0,2419.9285714285716,2430.785714285714,2496.0333333333333,181.05257720973376,177.65575119895965,263.88326616312844,200.0,60.5,-200.0,4,2,3
2024-08-03,Madhya Pradesh,Ujjain,Ujjain APMC,Onion,248.93,800.0,2754.0,2500.0,2024,8,2024-08-03,2500.0,2600.0,2400.0,2400.0,2300.0,1750.0,2414.285714285714,2459.3571428571427,2486.0333333333333,177.2810520855862,150.44631403458905,257.57603274310884,-100.0,100.0,750.0,5,3,3
2024-08-05,Madhya Pradesh,Ujjain,Ujjain APMC,Onion,259.72,800.0,2950.0,2707.5,2024,8,2024-08-05,2500.0,2500.0,2600.0,2600.0,2543.5,2700.0,2428.5714285714284,2473.6428571428573,2511.0333333333333,179.94708216849,143.48498026079378,216.85184571155182,0.0,-100.0,-200.0,0,5,3
2024-08-06,Madhya Pradesh,Ujjain,Ujjain APMC,Onion,363.71,700.0,3000.0,2272.5,2024,8,2024-08-06,2707.5,2500.0,2500.0,2100.0,2535.5,2500.0,2443.9285714285716,2485.3571428571427,2511.2833333333333,200.43628010156576,155.79355528433362,217.08141184315394,207.5,607.5,207.5,1,6,3
2024-08-07,Madhya Pradesh,Ujjain,Ujjain APMC,Onion,400.45,800.0,2971.0,2841.5,2024,8,2024-08-07,2272.5,2707.5,2500.0,2300.0,2612.5,2700.0,2468.5714285714284,2466.5714285714284,2503.7,157.0022368660822,164.87394452253025,221.41946461489277,-435.0,-27.5,-427.5,2,7,3
2024-08-08,Madhya Pradesh,Ujjain,Ujjain APMC,Onion,447.2,800.0,3254.0,3100.0,2024,8,2024-08-08,2841.5,2272.5,2707.5,2400.0,2600.0,2000.0,2545.9285714285716,2482.9285714285716,2508.4166666666665,190.03013545475744,189.92203432166565,227.17747442266014,569.0,441.5,841.5,3,8,3
2024-08-10,Madhya Pradesh,Ujjain,Ujjain APMC,Onion,718.03,150.0,3472.0,2778.5,2024,8,2024-08-10,3100.0,2841.5,2272.5,2600.0,2400.0,2700.0,2645.9285714285716,2518.6428571428573,2545.0833333333335,268.4426426277195,250.8645381147311,231.02683391438902,258.5,500.0,400.0,5,10,3
2024-08-12,Madhya Pradesh,Ujjain,Ujjain APMC,Onion,597.98,1100.0,3517.0,3300.0,2024,8,2024-08-12,2778.5,3100.0,2841.5,2500.0,2539.5,2900.0,2671.4285714285716,2545.6785714285716,2547.7,271.8095884639715,257.4050689195833,233.27557331072882,-321.5,278.5,-121.5,0,12,3
2024-08-13,Madhya Pradesh,Ujjain,Ujjain APMC,Onion,612.99,800.0,3511.0,3200.0,2024,8,2024-08-13,3300.0,2778.5,3100.0,2500.0,2400.0,2900.0,2785.714285714286,2600.0,2561.0333333333333,345.82472163690005,326.87294638272544,263.5705733317696,521.5,800.0,400.0,1,13,3
2024-08-14,Madhya Pradesh,Ujjain,Ujjain APMC,Onion,871.08,800.0,3650.0,3212.5,2024,8,2024-08-14,3200.0,3300.0,2778.5,2707.5,2600.0,2700.0,2885.714285714286,2657.1428571428573,2571.0333333333333,350.6109973012438,357.6937575298531,281.92649853235434,-100.0,492.5,500.0,2,14,3
2024-08-16,Madhya Pradesh,Ujjain,Ujjain APMC,Onion,640.76,880.0,3971.0,3025.0,2024,8,2024-08-16,3212.5,3200.0,3300.0,2272.5,2100.0,2600.0,2957.8571428571427,2700.8928571428573,2588.116666666667,359.66763758199176,386.4674420843366,304.62446307830913,12.5,940.0,612.5,4,16,3
2024-08-17,Madhya Pradesh,Ujjain,Ujjain APMC,Onion,277.57,800.0,3316.0,2900.0,2024,8,2024-08-17,3025.0,3212.5,3200.0,2841.5,2300.0,2800.0,3065.3571428571427,2766.964285714286,2602.2833333333333,195.8166051619333,353.4989100345372,314.9050673405917,-187.5,183.5,225.0,5,17,3
2024-08-20,Madhya Pradesh,Ujjain,Ujjain APMC,Onion,142.47,952.0,3350.0,3300.0,2024,8,2024-08-20,2900.0,3025.0,3212.5,3100.0,2400.0,2500.0,3073.714285714286,2809.8214285714284,2605.616666666667,185.65511419988698,327.9807456322643,317.58793741026557,-125.0,-200.0,400.0,1,20,3
2024-08-21,Madhya Pradesh,Ujjain,Ujjain APMC,Onion,193.65,800.0,3611.0,3200.0,2024,8,2024-08-21,3300.0,2900.0,3025.0,2778.5,2600.0,2400.0,3102.285714285714,2874.1071428571427,2632.2833333333333,204.779120261905,329.67257524418613,341.12798900861026,400.0,521.5,900.0,2,21,3
2024-08-22,Madhya Pradesh,Ujjain,Ujjain APMC,Onion,454.43,1345.0,3607.0,3400.0,2024,8,2024-08-22,3200.0,3300.0,2900.0,3300.0,2500.0,2600.0,3162.5,2916.964285714286,2658.95,147.7258158436376,330.29697967166095,353.39214201009594,-100.0,-100.0,600.0,3,22,3
2024-08-23,Madhya Pradesh,Ujjain,Ujjain APMC,Onion,755.15,600.0,3800.0,3400.0,2024,8,2024-08-23,3400.0,3200.0,3300.0,3200.0,2500.0,2300.0,3176.785714285714,2981.25,2685.616666666667,166.83770985173913,330.48407095327315,378.10967400307777,200.0,200.0,1100.0,4,23,3
2024-08-24,Madhya Pradesh,Ujjain,Ujjain APMC,Onion,763.04,825.0,3700.0,3551.0,2024,8,2024-08-24,3400.0,3400.0,3200.0,3212.5,2707.5,2100.0,3205.3571428571427,3045.535714285714,2722.2833333333333,187.34120259696707,316.9262510843425,392.4876822871357,0.0,187.5,1300.0,5,24,3
2024-08-27,Madhya Pradesh,Ujjain,Ujjain APMC,Onion,416.41,200.0,3751.0,3500.0,2024,8,2024-08-27,3551.0,3400.0,3400.0,3025.0,2272.5,2300.0,3253.714285714286,3105.785714285714,2770.65,228.62976934024385,327.71403541958836,402.4367834271287,151.0,526.0,1251.0,1,27,3
2024-08-28,Madhya Pradesh,Ujjain,Ujjain APMC,Onion,616.4,500.0,3700.0,3500.0,2024,8,2024-08-28,3500.0,3551.0,3400.0,2900.0,2841.5,2543.5,3321.5714285714284,3193.464285714286,2810.65,219.7512663163075,240.12316265150395,413.52753212765367,-51.0,600.0,956.5,2,28,3
2024-08-29,Madhya Pradesh,Ujjain,Ujjain APMC,Onion,758.99,800.0,3525.0,3175.0,2024,8,2024-08-29,3500.0,3500.0,3551.0,3300.0,3100.0,2535.5,3407.285714285714,3240.5,2842.5333333333333,124.11649673555218,230.1639883614811,428.81084434734925,0.0,200.0,964.5,3,29,3
2024-08-30,Madhya Pradesh,Ujjain,Ujjain APMC,Onion,753.19,686.0,3415.0,2901.0,2024,8,2024-08-30,3175.0,3500.0,3500.0,3200.0,2778.5,2612.5,3389.4285714285716,3245.8571428571427,2863.85,148.68518996284493,227.49965583841197,428.91668168490224,-325.0,-25.0,562.5,4,30,3
2024-08-31,Madhya Pradesh,Ujjain,Ujjain APMC,Onion,440.86,749.0,3511.0,3208.0,2024,8,2024-08-31,2901.0,3175.0,3500.0,3400.0,3300.0,2600.0,3346.714285714286,3254.6071428571427,2873.4666666666667,231.85894726875,209.80963703131295,426.313182865671,-274.0,-499.0,301.0,5,31,3
2024-09-03,Madhya Pradesh,Ujjain,Ujjain APMC,Onion,570.63,800.0,4021.0,3500.0,2024,9,2024-09-03,3208.0,2901.0,3175.0,3400.0,3200.0,2400.0,3319.285714285714,3248.035714285714,2893.733333333333,235.82741873788342,209.719268793545,427.31525012396565,307.0,-192.0,808.0,1,3,3
2024-09-04,Madhya Pradesh,Ujjain,Ujjain APMC,Onion,712.59,800.0,3911.0,3300.0,2024,9,2024-09-04,3500.0,3208.0,2901.0,3551.0,3212.5,2539.5,3333.5714285714284,3269.464285714286,2930.4,244.40462157582175,219.5306588265923,430.66927466204584,292.0,-51.0,960.5,2,4,3
2024-09-05,Madhya Pradesh,Ujjain,Ujjain APMC,Onion,720.96,800.0,3800.0,3600.0,2024,9,2024-09-05,3300.0,3500.0,3208.0,3500.0,3025.0,2400.0,3297.714285714286,3275.714285714286,2955.75,224.8160094282426,219.02912646897158,429.2466285289262,-200.0,-200.0,900.0,3,5,3
2024-09-06,Madhya Pradesh,Ujjain,Ujjain APMC,Onion,650.8,600.0,3700.0,3000.0,2024,9,2024-09-06,3600.0,3300.0,3500.0,3500.0,2900.0,2600.0,3312.0,3316.785714285714,2995.75,242.3090313353348,222.28643287830408,431.57799371049276,300.0,100.0,1000.0,4,6,3
2024-09-07,Madhya Pradesh,Ujjain,Ujjain APMC,Onion,385.96,567.0,3721.0,3400.0,2024,9,2024-09-07,3000.0,3600.0,3300.0,3175.0,3300.0,2100.0,3240.5714285714284,3323.9285714285716,3009.0833333333335,251.18642289666167,209.0776316203113,425.0595918329537,-600.0,-175.0,900.0,5,7,3
2024-09-09,Madhya Pradesh,Ujjain,Ujjain APMC,Onion,721.86,600.0,3461.0,3299.5,2024,9,2024-09-09,3400.0,3000.0,3600.0,2901.0,3200.0,2300.0,3272.714285714286,3331.0714285714284,3052.4166666666665,255.7516466455423,209.90381104237352,394.34118090053045,400.0,499.0,1100.0,0,9,3
2024-09-10,Madhya Pradesh,Ujjain,Ujjain APMC,Onion,382.32,500.0,3532.0,3200.0,2024,9,2024-09-10,3299.5,3400.0,3000.0,3208.0,3400.0,2400.0,3329.6428571428573,3338.1785714285716,3085.733333333333,196.77116876500108,206.78580586079175,370.05420696427166,-100.5,91.5,899.5,1,10,3
2024-09-11,Madhya Pradesh,Ujjain,Ujjain APMC,Onion,401.96,723.0,3800.0,3700.0,2024,9,2024-09-11,3200.0,3299.5,3400.0,3500.0,3400.0,2600.0,3328.5,3323.8928571428573,3112.4,197.61684307434007,209.08207613385258,347.0445017672786,-99.5,-300.0,600.0,2,11,3
2024-09-12,Madhya Pradesh,Ujjain,Ujjain APMC,Onion,648.35,500.0,3852.0,3250.0,2024,9,2024-09-12,3700.0,3200.0,3299.5,3300.0,3551.0,2500.0,3357.0714285714284,3345.3214285714284,3149.0666666666666,237.06546714839644,231.63877773734453,349.143946535381,500.0,400.0,1200.0,3,12,3
2024-09-13,Madhya Pradesh,Ujjain,Ujjain APMC,Onion,426.23,800.0,3951.0,3500.0,2024,9,2024-09-13,3250.0,3700.0,3200.0,3600.0,3500.0,2500.0,3349.9285714285716,3323.8214285714284,3174.0666666666666,239.80902620131033,224.9522690520167,327.2294021160043,-450.0,-350.0,750.0,4,13,3
2024-09-14,Madhya Pradesh,Ujjain,Ujjain APMC,Onion,385.36,879.0,4671.0,4500.0,2024,9,2024-09-14,3500.0,3250.0,3700.0,3000.0,3500.0,2707.5,3335.6428571428573,3323.8214285714284,3207.4,224.94716310831276,224.9522690520167,306.47195405239285,250.0,500.0,792.5,5,14,3
2024-09-17,Madhya Pradesh,Ujjain,Ujjain APMC,Onion,1039.89,800.0,4174.0,3950.5,2024,9,2024-09-17,4500.0,3500.0,3250.0,3400.0,3175.0,2272.5,3549.9285714285716,3395.25,3267.15,451.89420116618123,386.1819394852871,373.13395833409675,1000.0,1100.0,2227.5,1,17,3
2024-09-19,Madhya Pradesh,Ujjain,Ujjain APMC,Onion,591.78,800.0,4330.0,3985.5,2024,9,2024-09-19,3950.5,4500.0,3500.0,3299.5,2901.0,2841.5,3628.5714285714284,3450.6428571428573,3323.0833333333335,469.03024321212087,407.2052699415056,343.48227087042136,-549.5,651.0,1109.0,3,19,3
2024-09-20,Madhya Pradesh,Ujjain,Ujjain APMC,Onion,707.17,500.0,4351.0,4050.0,2024,9,2024-09-20,3985.5,3950.5,4500.0,3200.0,3208.0,3100.0,3726.5714285714284,3528.1071428571427,3361.2166666666667,460.40167504143034,397.6434999116427,351.5811988258457,35.0,785.5,885.5,4,20,3
2024-09-21,Madhya Pradesh,Ujjain,Ujjain APMC,Onion,1140.82,800.0,4411.0,4002.0,2024,9,2024-09-21,4050.0,3985.5,3950.5,3700.0,3500.0,2778.5,3848.0,3588.25,3392.883333333333,407.4171694958409,409.016444563149,369.5652544529226,64.5,350.0,1271.5,5,21,3
2024-09-23,Madhya Pradesh,Ujjain,Ujjain APMC,Onion,1027.13,380.0,4500.0,4063.5,2024,9,2024-09-23,4002.0,4050.0,3985.5,3250.0,3300.0,3300.0,3891.1428571428573,3624.1071428571427,3433.6666666666665,405.11631192841276,422.4678949372957,366.92730026282305,-48.0,752.0,702.0,0,23,3
2024-09-24,Madhya Pradesh,Ujjain,Ujjain APMC,Onion,607.48,689.0,4501.0,4197.5,2024,9,2024-09-24,4063.5,4002.0,4050.0,3500.0,3600.0,3200.0,4007.3571428571427,3678.6428571428573,3459.116666666667,291.2095056664174,426.66968076431107,383.4429257384385,61.5,563.5,863.5,1,24,3
2024-09-25,Madhya Pradesh,Ujjain,Ujjain APMC,Onion,927.97,800.0,4437.0,3806.5,2024,9,2024-09-25,4197.5,4063.5,4002.0,4500.0,3000.0,3212.5,4107.0,3721.3214285714284,3492.366666666667,190.6392754217674,447.56940188701145,402.95150160246504,134.0,-302.5,985.0,2,25,3
2024-09-26,Madhya Pradesh,Ujjain,Ujjain APMC,Onion,630.05,700.0,4548.0,3921.5,2024,9,2024-09-26,3806.5,4197.5,4063.5,3950.5,3400.0,3025.0,4007.9285714285716,3778.9285714285716,3512.1666666666665,119.1673992651598,396.58440061756016,403.31901750978807,-391.0,-144.0,781.5,3,26,3
2024-09-27,Madhya Pradesh,Ujjain,Ujjain APMC,Onion,576.64,600.0,4126.0,3800.0,2024,9,2024-09-27,3921.5,3806.5,4197.5,3985.5,3299.5,2900.0,4003.785714285714,3816.1785714285716,3542.05,121.96784314690373,382.49618435215626,399.16951178407203,115.0,-64.0,1021.5,4,27,3
2024-09-28,Madhya Pradesh,Ujjain,Ujjain APMC,Onion,429.1,712.0,3900.0,3800.0,2024,9,2024-09-28,3800.0,3921.5,3806.5,4050.0,3200.0,3300.0,3977.285714285714,3851.9285714285716,3572.05,144.6463668004638,352.7207904900967,382.7334840689925,-121.5,-250.0,500.0,5,28,3
2024-09-30,Madhya Pradesh,Ujjain,Ujjain APMC,Onion,512.04,700.0,3731.0,3344.5,2024,9,2024-09-30,3800.0,3800.0,3921.5,4002.0,3700.0,3200.0,3941.5714285714284,3894.785714285714,3588.7166666666667,154.24532099101697,299.9136872172098,381.36231942624397,0.0,-202.0,600.0,0,30,3
2024-10-01,Madhya Pradesh,Ujjain,Ujjain APMC,Onion,340.07,849.0,3975.0,3200.0,2024,10,2024-10-01,3344.5,3800.0,3800.0,4063.5,3250.0,3400.0,3847.6428571428573,3869.3928571428573,3593.5333333333333,268.8972409499189,331.1021907422063,377.172989976509,-455.5,-719.0,-55.5,1,1,4
2024-10-03,Madhya Pradesh,Ujjain,Ujjain APMC,Onion,232.82,750.0,4231.0,3408.5,2024,10,2024-10-03,3200.0,3344.5,3800.0,4197.5,3500.0,3400.0,3724.285714285714,3865.8214285714284,3586.866666666667,341.60465174707485,338.4845529450646,382.4424440206779,-144.5,-997.5,-200.0,3,3,4
2024-10-04,Madhya Pradesh,Ujjain,Ujjain APMC,Onion,371.71,701.0,4351.0,4000.0,2024,10,2024-10-04,3408.5,3200.0,3344.5,3806.5,4500.0,3551.0,3611.5714285714284,3859.285714285714,3587.15,284.9034088615898,346.87094220971176,382.3023525864143,208.5,-398.0,-142.5,4,4,4
2024-10-05,Madhya Pradesh,Ujjain,Ujjain APMC,Onion,515.41,200.0,4330.0,4020.5,2024,10,2024-10-05,4000.0,3408.5,3200.0,3921.5,3950.5,3500.0,3639.214285714286,3823.5714285714284,3602.116666666667,314.7884020977266,298.1457347018096,389.5583636352383,591.5,78.5,500.0,5,5,4
2024-10-07,Madhya Pradesh,Ujjain,Ujjain APMC,Onion,629.06,753.0,4051.0,3700.0,2024,10,2024-10-07,4020.5,4000.0,3408.5,3800.0,3985.5,3500.0,3653.3571428571427,3828.5714285714284,3619.4666666666667,331.37185988525255,301.01129911982525,396.3846080150793,20.5,220.5,520.5,0,7,4
2024-10-08,Madhya Pradesh,Ujjain,Ujjain APMC,Onion,432.79,1000.0,4150.0,3800.0,2024,10,2024-10-08,3700.0,4020.5,4000.0,3800.0,4050.0,3175.0,3639.0714285714284,3808.1785714285716,3626.133333333333,326.110082202755,299.2276344153476,395.9877204063876,-320.5,-100.0,525.0,1,8,4
2024-10-09,Madhya Pradesh,Ujjain,Ujjain APMC,Onion,470.04,600.0,4100.0,3400.0,2024,10,2024-10-09,3800.0,3700.0,4020.5,3344.5,4002.0,2901.0,3639.0714285714284,3790.3214285714284,3646.9666666666667,326.110082202755,291.0337415769287,387.79080152464974,100.0,455.5,899.0,2,9,4
2024-10-14,Madhya Pradesh,Ujjain,Ujjain APMC,Onion,322.23,501.0,4051.0,3700.0,2024,10,2024-10-14,3400.0,3800.0,3700.0,3200.0,4063.5,3208.0,3647.0,3747.3214285714284,3663.6,318.33669282695314,301.6321375924229,364.70562999730083,-400.0,200.0,192.0,0,14,4
2024-10-15,Madhya Pradesh,Ujjain,Ujjain APMC,Onion,600.62,660.0,3802.0,3400.0,2024,10,2024-10-15,3700.0,3400.0,3800.0,3408.5,4197.5,3500.0,3718.4285714285716,3721.3571428571427,3680.0,250.1050493578406,287.6426354250856,354.4291427653535,300.0,291.5,200.0,1,15,4
2024-10-16,Madhya Pradesh,Ujjain,Ujjain APMC,Onion,597.25,900.0,3800.0,3000.0,2024,10,2024-10-16,3400.0,3700.0,3400.0,4000.0,3806.5,3300.0,3717.214285714286,3664.3928571428573,3676.6666666666665,251.87494535034696,264.09891638809455,356.64370159174473,-300.0,-600.0,100.0,2,16,4
2024-10-17,Madhya Pradesh,Ujjain,Ujjain APMC,Onion,407.12,500.0,3811.0,3000.0,2024,10,2024-10-17,3000.0,3400.0,3700.0,4020.5,3921.5,3600.0,3574.3571428571427,3606.785714285714,3666.6666666666665,334.7181294619067,313.9684400042217,371.4671362763297,-400.0,-1020.5,-600.0,3,17,4
2024-10-18,Madhya Pradesh,Ujjain,Ujjain APMC,Onion,593.79,864.0,3975.0,3000.0,2024,10,2024-10-18,3000.0,3000.0,3400.0,3700.0,3800.0,3000.0,3428.5714285714284,3540.964285714286,3646.6666666666665,330.22358947782624,338.5466371852686,390.8279084494766,0.0,-700.0,0.0,4,18,4
2024-10-19,Madhya Pradesh,Ujjain,Ujjain APMC,Onion,521.68,500.0,3958.0,3500.0,2024,10,2024-10-19,3000.0,3000.0,3000.0,3800.0,3800.0,3400.0,3328.5714285714284,3483.8214285714284,3646.6666666666665,340.16802570830515,358.3947440775617,390.8279084494766,0.0,-800.0,-400.0,5,19,4
2024-10-21,Madhya Pradesh,Ujjain,Ujjain APMC,Onion,390.53,1201.0,4151.0,4000.0,2024,10,2024-10-21,3500.0,3000.0,3000.0,3400.0,3344.5,3299.5,3285.714285714286,3462.3928571428573,3650.0,285.356919363403,346.81768534510354,389.07407769091793,500.0,100.0,200.5,0,21,4
2024-10-22,Madhya Pradesh,Ujjain,Ujjain APMC,Onion,466.26,850.0,4100.0,4000.0,2024,10,2024-10-22,4000.0,3500.0,3000.0,3700.0,3200.0,3200.0,3371.4285714285716,3509.214285714286,3673.35,394.6064947695188,372.94089623949185,388.33302340770547,500.0,300.0,800.0,1,22,4
2024-10-23,Madhya Pradesh,Ujjain,Ujjain APMC,Onion,604.81,874.0,4251.0,3800.0,2024,10,2024-10-23,4000.0,4000.0,3500.0,3400.0,3408.5,3700.0,3414.285714285714,3566.3571428571427,3700.016666666667,448.80794492585824,383.0692560687404,382.1256446946965,0.0,600.0,300.0,2,23,4
2024-10-24,Madhya Pradesh,Ujjain,Ujjain APMC,Onion,544.33,1134.0,4250.0,4100.0,2024,10,2024-10-24,3800.0,4000.0,4000.0,3000.0,4000.0,3250.0,3471.4285714285716,3594.3214285714284,3703.35,471.5728494951267,384.9444319110798,382.56140255407627,-200.0,800.0,550.0,3,24,4
2024-10-25,Madhya Pradesh,Ujjain,Ujjain APMC,Onion,527.95,500.0,4200.0,4000.0,2024,10,2024-10-25,4100.0,3800.0,4000.0,3000.0,4020.5,3500.0,3628.5714285714284,3601.464285714286,3731.6833333333334,471.5728494951276,393.8752469562392,379.2899555779233,300.0,1100.0,600.0,4,25,4
2024-10-26,Madhya Pradesh,Ujjain,Ujjain APMC,Onion,471.62,500.0,4175.0,4000.0,2024,10,2024-10-26,4000.0,4100.0,3800.0,3000.0,3700.0,4500.0,3771.4285714285716,3600.0,3748.35,394.60649476952153,392.2322702763722,379.7434966867324,-100.0,1000.0,-500.0,5,26,4
2024-10-28,Madhya Pradesh,Ujjain,Ujjain APMC,Onion,348.33,1025.0,4300.0,3900.0,2024,10,2024-10-28,4000.0,4000.0,4100.0,3500.0,3800.0,3950.5,3914.285714285714,3621.4285714285716,3731.6833333333334,203.54009783965185,406.0666323278892,355.8363262680726,0.0,500.0,49.5,0,28,4
2024-11-04,Madhya Pradesh,Ujjain,Ujjain APMC,Onion,269.05,1296.0,5374.0,4300.0,2024,11,2024-11-04,3900.0,4000.0,4000.0,4000.0,3400.0,3985.5,3971.4285714285716,3628.5714285714284,3730.0,95.11897312115512,410.30677346547856,354.88366233613465,-100.0,-100.0,-85.5,0,4,4
2024-11-05,Madhya Pradesh,Ujjain,Ujjain APMC,Onion,213.24,200.0,5041.0,4801.0,2024,11,2024-11-05,4300.0,3900.0,4000.0,4000.0,3700.0,4050.0,4014.285714285714,3692.8571428571427,3740.483333333333,157.35915849390204,441.0900583332645,367.12549492372864,400.0,300.0,250.0,1,5,4
2024-11-06,Madhya Pradesh,Ujjain,Ujjain APMC,Onion,265.26,1485.0,5100.0,5000.0,2024,11,2024-11-06,4801.0,4300.0,3900.0,3800.0,3400.0,4002.0,4128.714285714285,3771.5,3765.516666666667,335.56654297159844,531.3719181370224,411.8397638547768,501.0,1001.0,799.0,2,6,4
2024-11-07,Madhya Pradesh,Ujjain,Ujjain APMC,Onion,250.29,1150.0,5308.0,5000.0,2024,11,2024-11-07,5000.0,4801.0,4300.0,4100.0,3000.0,4063.5,4300.142857142857,3885.785714285714,3798.7833333333333,432.2423812983659,611.3649518868473,468.06912036235207,199.0,900.0,936.5,3,7,4
2024-11-08,Madhya Pradesh,Ujjain,Ujjain APMC,Onion,328.84,1600.0,5120.0,4800.0,2024,11,2024-11-08,5000.0,5000.0,4801.0,4000.0,3000.0,4197.5,4428.714285714285,4028.6428571428573,3830.0,492.4478700958216,622.038535430436,515.1894362003343,0.0,1000.0,802.5,4,8,4
2024-11-09,Madhya Pradesh,Ujjain,Ujjain APMC,Onion,345.52,550.0,4851.0,4700.0,2024,11,2024-11-09,4800.0,5000.0,5000.0,4000.0,3000.0,3806.5,4543.0,4157.214285714285,3850.0833333333335,468.6252945228988,577.49940773482,541.1013048648482,-200.0,800.0,993.5,5,9,4
2024-11-11,Madhya Pradesh,Ujjain,Ujjain APMC,Onion,360.7,883.0,4751.0,4500.0,2024,11,2024-11-11,4700.0,4800.0,5000.0,3900.0,3500.0,3921.5,4643.0,4278.642857142857,3879.866666666667,403.6206965291473,487.11199267375355,562.7756172777065,-100.0,800.0,778.5,0,11,4
2024-11-12,Madhya Pradesh,Ujjain,Ujjain APMC,Onion,221.77,500.0,5024.0,4700.0,2024,11,2024-11-12,4500.0,4700.0,4800.0,4300.0,4000.0,3800.0,4728.714285714285,4350.071428571428,3899.15,256.39469201846947,434.64405672223035,574.0495015000175,-200.0,200.0,700.0,1,12,4
2024-11-13,Madhya Pradesh,Ujjain,Ujjain APMC,Onion,287.86,400.0,4850.0,4800.0,2024,11,2024-11-13,4700.0,4500.0,4700.0,4801.0,4000.0,3800.0,4785.857142857143,4400.071428571428,3929.15,177.29488484015604,431.52688913201837,591.9279451431436,200.0,-101.0,900.0,2,13,4
2024-11-14,Madhya Pradesh,Ujjain,Ujjain APMC,Onion,204.11,600.0,4900.0,4700.0,2024,11,2024-11-14,4800.0,4700.0,4500.0,5000.0,3800.0,3344.5,4785.714285714285,4457.214285714285,3962.483333333333,177.28105208560623,427.42271970343654,612.213303533167,100.0,-200.0,1455.5,3,14,4
2024-11-16,Madhya Pradesh,Ujjain,Ujjain APMC,Onion,170.7,300.0,4731.0,4300.0,2024,11,2024-11-16,4700.0,4800.0,4700.0,5000.0,4100.0,3200.0,4742.857142857143,4521.5,4007.6666666666665,151.18578920371658,386.7149118884921,615.0449988209954,-100.0,-300.0,1500.0,5,16,4
2024-11-18,Madhya Pradesh,Ujjain,Ujjain APMC,Onion,149.79,663.0,4200.0,3800.0,2024,11,2024-11-18,4300.0,4700.0,4800.0,4800.0,4000.0,3408.5,4642.857142857143,4535.785714285715,4044.3333333333335,181.26539343501304,373.41175016975063,597.7812472303189,-400.0,-500.0,891.5,0,18,4
2024-11-19,Madhya Pradesh,Ujjain,Ujjain APMC,Onion,145.56,500.0,4457.0,3849.0,2024,11,2024-11-19,3800.0,4300.0,4700.0,4700.0,4000.0,4000.0,4500.0,4521.5,4057.383333333333,351.18845842843393,398.4710683446082,587.6087087001313,-500.0,-900.0,-200.0,1,19,4
2024-11-20,Madhya Pradesh,Ujjain,Ujjain APMC,Onion,119.48,501.0,4100.0,3800.0,2024,11,2024-11-20,3849.0,3800.0,4300.0,4500.0,3900.0,4020.5,4378.428571428572,4510.714285714285,4052.35,412.3800258430223,415.3584973473908,588.7627756868538,49.0,-651.0,-171.5,2,20,4
2024-11-21,Madhya Pradesh,Ujjain,Ujjain APMC,Onion,61.03,500.0,3951.0,3600.0,2024,11,2024-11-21,3800.0,3849.0,3800.0,4700.0,4300.0,3700.0,4278.428571428572,4503.571428571428,4045.0,460.09848842136466,427.35532221861075,590.5477293916732,-49.0,-900.0,100.0,3,21,4
2024-11-22,Madhya Pradesh,Ujjain,Ujjain APMC,Onion,57.4,650.0,4000.0,1000.0,2024,11,2024-11-22,3600.0,3800.0,3849.0,4800.0,4801.0,3800.0,4121.285714285715,4453.571428571428,4041.6666666666665,479.5535125807924,489.44422394349465,592.8399989607835,-200.0,-1200.0,-200.0,4,22,4
2024-11-23,Madhya Pradesh,Ujjain,Ujjain APMC,Onion,19.38,950.0,3834.0,3834.0,2024,11,2024-11-23,1000.0,3600.0,3800.0,4700.0,5000.0,3400.0,3578.4285714285716,4182.071428571428,3948.3333333333335,1197.1315518275148,1033.615794137315,812.0709724942897,-2600.0,-3700.0,-2400.0,5,23,4
2024-11-25,Madhya Pradesh,Ujjain,Ujjain APMC,Onion,30.17,771.0,3601.0,3601.0,2024,11,2024-11-25,3834.0,1000.0,3600.0,4300.0,5000.0,3700.0,3454.714285714286,4098.785714285715,3962.8,1102.9506961307197,1009.3309420350955,805.8074297207173,2834.0,-466.0,134.0,0,25,4
2024-11-26,Madhya Pradesh,Ujjain,Ujjain APMC,Onion,18.76,1571.0,3900.0,2600.0,2024,11,2024-11-26,3601.0,3834.0,1000.0,3800.0,4800.0,3400.0,3354.8571428571427,3998.8571428571427,3959.5,1043.718740621155,982.1303263935907,807.1224215992771,-233.0,-199.0,201.0,1,26,4
2024-11-27,Madhya Pradesh,Ujjain,Ujjain APMC,Onion,25.45,680.0,4000.0,4000.0,2024,11,2024-11-27,2600.0,3601.0,3834.0,3849.0,4700.0,3000.0,3183.4285714285716,3841.714285714286,3932.8333333333335,1056.8850232551088,1019.3812926379526,838.837828366637,-1001.0,-1249.0,-400.0,2,27,4
2024-11-28,Madhya Pradesh,Ujjain,Ujjain APMC,Onion,24.09,650.0,4311.0,3300.0,2024,11,2024-11-28,4000.0,2600.0,3601.0,3800.0,4500.0,3000.0,3205.0,3791.714285714286,3966.1666666666665,1074.1339146804116,990.8115111106925,820.1517556518769,1400.0,200.0,1000.0,3,28,4
2024-12-02,Madhya Pradesh,Ujjain,Ujjain APMC,Onion,23.85,1500.0,4000.0,4000.0,2024,12,2024-12-02,3300.0,4000.0,2600.0,3600.0,4700.0,3000.0,3133.5714285714284,3706.0,3976.1666666666665,1044.1797190686498,976.6289745067763,809.7278846170746,-700.0,-300.0,300.0,0,2,4
2024-12-03,Madhya Pradesh,Ujjain,Ujjain APMC,Onion,12.45,1538.0,3539.0,3539.0,2024,12,2024-12-03,4000.0,3300.0,4000.0,1000.0,4800.0,3500.0,3190.714285714286,3656.0,4009.5,1084.1397072157738,939.0197016037542,788.4609954711242,700.0,3000.0,500.0,1,3,4
2024-12-05,Madhya Pradesh,Ujjain,Ujjain APMC,Onion,25.91,1000.0,3960.0,3880.0,2024,12,2024-12-05,3539.0,4000.0,3300.0,3834.0,4700.0,4000.0,3553.4285714285716,3565.9285714285716,4010.8,492.1543989247213,879.4328123447381,787.6236804902271,-461.0,-295.0,-461.0,3,5,4
2024-12-06,Madhya Pradesh,Ujjain,Ujjain APMC,Onion,10.21,2756.0,3851.0,3851.0,2024,12,2024-12-06,3880.0,3539.0,4000.0,3601.0,4300.0,4000.0,3560.0,3507.3571428571427,4006.8,496.8101582428993,823.6280533891949,787.985051494834,341.0,279.0,-120.0,4,6,4
2024-12-07,Madhya Pradesh,Ujjain,Ujjain APMC,Onion,30.1,767.0,3950.0,3950.0,2024,12,2024-12-07,3851.0,3880.0,3539.0,2600.0,3800.0,3800.0,3595.714285714286,3475.285714285714,4001.8333333333335,509.0830692810093,798.7552266420021,788.4987955442408,-29.0,1251.0,51.0,5,7,4
2024-12-09,Madhya Pradesh,Ujjain,Ujjain APMC,Onion,10.37,1800.0,3507.0,3507.0,2024,12,2024-12-09,3950.0,3851.0,3880.0,4000.0,3849.0,4100.0,3788.5714285714284,3486.0,4006.8333333333335,267.30373307211437,804.431763133745,787.6499346411676,99.0,-50.0,-150.0,0,9,4
2024-12-11,Madhya Pradesh,Ujjain,Ujjain APMC,Onion,29.93,1628.0,3661.0,3661.0,2024,12,2024-12-11,3507.0,3950.0,3851.0,3300.0,3800.0,4000.0,3718.1428571428573,3461.5714285714284,3987.0666666666666,267.25981651533715,797.7252962966967,792.6562038306836,-443.0,207.0,-493.0,2,11,4
2024-12-12,Madhya Pradesh,Ujjain,Ujjain APMC,Onion,26.51,1200.0,3900.0,3900.0,2024,12,2024-12-12,3661.0,3507.0,3950.0,4000.0,3600.0,4000.0,3769.714285714286,3451.6428571428573,3975.766666666667,199.32027350115135,794.0456881975111,794.8787234902424,154.0,-339.0,-339.0,3,12,4
2024-12-13,Madhya Pradesh,Ujjain,Ujjain APMC,Onion,38.94,1535.0,3454.0,3454.0,2024,12,2024-12-13,3900.0,3661.0,3507.0,3539.0,1000.0,3900.0,3755.4285714285716,3473.0714285714284,3972.4333333333334,182.978010648697,802.3617507838239,794.983265203758,239.0,361.0,0.0,4,13,4
2024-12-14,Madhya Pradesh,Ujjain,Ujjain APMC,Onion,23.8,800.0,3224.0,3224.0,2024,12,2024-12-14,3454.0,3900.0,3661.0,3880.0,3834.0,4300.0,3743.285714285714,3648.3571428571427,3957.5666666666666,201.60664199187573,374.5075961318314,800.5353675588914,-446.0,-426.0,-846.0,5,14,4
2024-12-16,Madhya Pradesh,Ujjain,Ujjain APMC,Onion,38.51,900.0,3079.0,3079.0,2024,12,2024-12-16,3224.0,3454.0,3900.0,3851.0,3601.0,4801.0,3649.5714285714284,3604.785714285714,3921.7,268.7507253589361,386.5393160561373,808.7264637091171,-230.0,-627.0,-1577.0,0,16,4
2024-12-17,Madhya Pradesh,Ujjain,Ujjain APMC,Onion,38.17,200.0,2591.0,2591.0,2024,12,2024-12-17,3079.0,3224.0,3454.0,3950.0,2600.0,5000.0,3539.285714285714,3567.5,3864.3,324.8587971646137,411.3147307018208,805.2681776470741,-145.0,-871.0,-1921.0,1,17,4
2024-12-18,Madhya Pradesh,Ujjain,Ujjain APMC,Onion,37.49,200.0,2249.0,1800.0,2024,12,2024-12-18,2591.0,3079.0,3224.0,3507.0,4000.0,5000.0,3345.1428571428573,3566.8571428571427,3784.0,428.1586265904383,412.9469806055161,808.2182190814417,-488.0,-916.0,-2409.0,2,18,4
2024-12-19,Madhya Pradesh,Ujjain,Ujjain APMC,Onion,34.39,900.0,1943.0,1400.0,2024,12,2024-12-19,1800.0,2591.0,3079.0,3661.0,3300.0,4800.0,3101.285714285714,3409.714285714286,3677.3333333333335,712.3813852812536,607.9780396554639,852.1686466297941,-791.0,-1861.0,-3000.0,3,19,4
2024-12-20,Madhya Pradesh,Ujjain,Ujjain APMC,Onion,49.72,1062.0,2000.0,2000.0,2024,12,2024-12-20,1400.0,1800.0,2591.0,3900.0,4000.0,4700.0,2778.285714285714,3274.0,3564.0,903.3007462054023,812.135930267079,921.0204984801876,-400.0,-2500.0,-3300.0,4,20,4
2024-12-21,Madhya Pradesh,Ujjain,Ujjain APMC,Onion,31.83,480.0,1997.0,1997.0,2024,12,2024-12-21,2000.0,1400.0,1800.0,3454.0,3539.0,4500.0,2506.8571428571427,3131.1428571428573,3474.0,788.1925375125506,849.6437133060213,937.948678840124,600.0,-1454.0,-2500.0,5,21,4
2024-12-23,Madhya Pradesh,Ujjain,Ujjain APMC,Onion,30.94,603.0,1626.0,1626.0,2024,12,2024-12-23,1997.0,2000.0,1400.0,3224.0,3880.0,4700.0,2298.714285714286,3021.0,3390.5666666666666,681.5540365678287,891.6156467550727,954.7107048132749,-3.0,-1227.0,-2703.0,0,23,4
2024-12-24,Madhya Pradesh,Ujjain,Ujjain APMC,Onion,41.0,752.0,1810.0,1100.0,2024,12,2024-12-24,1626.0,1997.0,2000.0,3079.0,3851.0,4800.0,2070.4285714285716,2860.0,3288.1,580.0410494504804,927.3606053244324,974.0919856726705,-371.0,-1453.0,-3174.0,1,24,4
2024-12-25,Madhya Pradesh,Ujjain,Ujjain APMC,Onion,38.68,515.0,1786.0,1786.0,2024,12,2024-12-25,1100.0,1626.0,1997.0,2591.0,3950.0,4700.0,1787.7142857142858,2663.5,3164.766666666667,480.22727754182455,990.5288991241022,1009.6501163627256,-526.0,-1491.0,-3600.0,2,25,4
2024-12-26,Madhya Pradesh,Ujjain,Ujjain APMC,Onion,26.8,200.0,1741.0,1741.0,2024,12,2024-12-26,1786.0,1100.0,1626.0,1800.0,3507.0,4300.0,1672.7142857142858,2508.9285714285716,3067.633333333333,328.09282948869645,941.9843591944822,996.9508161815496,686.0,-14.0,-2514.0,3,26,4
2024-12-27,Madhya Pradesh,Ujjain,Ujjain APMC,Onion,35.97,464.0,1742.0,1742.0,2024,12,2024-12-27,1741.0,1786.0,1100.0,1400.0,3661.0,3800.0,1664.2857142857142,2382.785714285714,2982.3333333333335,325.02139123740585,915.9336706394166,997.3475627480824,-45.0,341.0,-2059.0,4,27,4
2024-12-28,Madhya Pradesh,Ujjain,Ujjain APMC,Onion,40.33,607.0,2200.0,2200.0,2024,12,2024-12-28,1742.0,1741.0,1786.0,2000.0,3900.0,3849.0,1713.142857142857,2245.714285714286,2913.733333333333,303.67659802900596,851.2381415481688,1009.8656767399666,1.0,-258.0,-2107.0,5,28,4
2024-12-30,Madhya Pradesh,Ujjain,Ujjain APMC,Onion,10.43,1101.0,2461.0,2461.0,2024,12,2024-12-30,2200.0,1742.0,1741.0,1997.0,3454.0,3800.0,1741.7142857142858,2124.285714285714,2858.766666666667,342.13677298496543,705.9572256132882,1002.0510580746397,458.0,203.0,-1600.0,0,30,4
2024-12-31,Madhya Pradesh,Ujjain,Ujjain APMC,Onion,15.74,800.0,2620.0,2620.0,2024,12,2024-12-31,2461.0,2200.0,1742.0,1626.0,3224.0,3600.0,1808.0,2053.3571428571427,2814.133333333333,432.7797746352386,604.7050911417515,988.408987432217,261.0,835.0,-1139.0,1,31,4
2025-01-01,Madhya Pradesh,Ujjain,Ujjain APMC,Onion,28.36,1094.0,2468.0,2468.0,2025,1,2025-01-01,2620.0,2461.0,2200.0,1100.0,3079.0,1000.0,1950.0,2010.2142857142858,2781.4666666666667,517.8259038196735,531.9274355617534,977.676793548705,159.0,1520.0,1620.0,2,1,1
2025-01-02,Madhya Pradesh,Ujjain,Ujjain APMC,Onion,27.64,1933.0,2600.0,2600.0,2025,1,2025-01-02,2468.0,2620.0,2461.0,1786.0,2591.0,3834.0,2145.4285714285716,1966.5714285714287,2830.4,384.564627053696,457.3256228058209,920.5041572140101,-152.0,682.0,-1366.0,3,2,1
2025-01-03,Madhya Pradesh,Ujjain,Ujjain APMC,Onion,48.76,700.0,2409.0,2409.0,2025,1,2025-01-03,2600.0,2468.0,2620.0,1741.0,1800.0,3601.0,2261.714285714286,1967.2142857142858,2789.266666666667,380.8169789131884,458.27623154120823,901.4857825234699,132.0,859.0,-1001.0,4,3,1
2025-01-04,Madhya Pradesh,Ujjain,Ujjain APMC,Onion,47.32,448.0,2269.0,2101.0,2025,1,2025-01-04,2409.0,2600.0,2468.0,1742.0,1400.0,2600.0,2357.1428571428573,2010.7142857142858,2749.5333333333333,304.66726581163846,469.93820028586606,890.6787699638779,-191.0,667.0,-191.0,5,4,1
2025-01-06,Madhya Pradesh,Ujjain,Ujjain APMC,Onion,94.59,1060.0,2493.0,1600.0,2025,1,2025-01-06,2101.0,2409.0,2600.0,2200.0,2000.0,4000.0,2408.4285714285716,2060.785714285714,2732.9,193.9629321484287,435.98027100237385,898.1952537133014,-308.0,-99.0,-1899.0,0,6,1
2025-01-07,Madhya Pradesh,Ujjain,Ujjain APMC,Onion,53.33,966.0,2323.0,1600.0,2025,1,2025-01-07,1600.0,2101.0,2409.0,2461.0,1997.0,3300.0,2322.714285714286,2032.2142857142858,2652.9,361.57420367318974,453.043074632572,888.2723778444184,-501.0,-861.0,-1700.0,1,7,1
2025-01-08,Madhya Pradesh,Ujjain,Ujjain APMC,Onion,71.44,655.0,2279.0,2279.0,2025,1,2025-01-08,1600.0,1600.0,2101.0,2620.0,1626.0,4000.0,2199.714285714286,2003.857142857143,2596.233333333333,443.79151046623326,467.60730683619573,899.7189861412206,0.0,-1020.0,-2400.0,2,8,1
2025-01-10,Madhya Pradesh,Ujjain,Ujjain APMC,Onion,65.25,550.0,2084.0,2084.0,2025,1,2025-01-10,2279.0,1600.0,1600.0,2468.0,1100.0,3539.0,2151.0,2050.5,2538.866666666667,407.1731818280716,459.5152546224944,861.1676409080428,679.0,-189.0,-1260.0,4,10,1
2025-01-11,Madhya Pradesh,Ujjain,Ujjain APMC,Onion,72.63,571.0,1856.0,1100.0,2025,1,2025-01-11,2084.0,2279.0,1600.0,2600.0,1786.0,3880.0,2096.1428571428573,2120.785714285714,2490.366666666667,382.4645641848909,369.3566503595701,843.6936641047931,-195.0,-516.0,-1796.0,5,11,1
2025-01-13,Madhya Pradesh,Ujjain,Ujjain APMC,Onion,45.3,643.0,1714.0,1714.0,2025,1,2025-01-13,1100.0,2084.0,2279.0,2409.0,1741.0,3851.0,1881.857142857143,2071.785714285714,2397.7,464.52033632246673,453.1788878529217,838.4545779649253,-984.0,-1309.0,-2751.0,0,13,1
2025-01-15,Madhya Pradesh,Ujjain,Ujjain APMC,Onion,19.02,350.0,2000.0,2000.0,2025,1,2025-01-15,1714.0,1100.0,2084.0,2101.0,1742.0,3950.0,1782.5714285714287,2069.8571428571427,2326.4666666666667,403.31288810832723,454.7496110951777,800.653084000515,614.0,-387.0,-2236.0,2,15,1
2025-01-16,Madhya Pradesh,Ujjain,Ujjain APMC,Onion,51.58,700.0,1901.0,1901.0,2025,1,2025-01-16,2000.0,1714.0,1100.0,1600.0,2200.0,3507.0,1768.142857142857,2088.285714285714,2261.4666666666667,391.6607497020057,445.57645093337266,741.2544229481703,286.0,400.0,-1507.0,3,16,1
2025-01-17,Madhya Pradesh,Ujjain,Ujjain APMC,Onion,52.74,704.0,2113.0,2113.0,2025,1,2025-01-17,1901.0,2000.0,1714.0,1600.0,2461.0,3661.0,1811.142857142857,2066.9285714285716,2207.9333333333334,386.61454903275956,446.9734916052728,705.3219823956782,-99.0,301.0,-1760.0,4,17,1
2025-01-18,Madhya Pradesh,Ujjain,Ujjain APMC,Onion,57.42,424.0,2100.0,2100.0,2025,1,2025-01-18,2113.0,1901.0,2000.0,2279.0,2620.0,3900.0,1884.4285714285713,2042.0714285714287,2156.3333333333335,388.5369382451908,432.8251493272041,649.7911247063325,212.0,-166.0,-1787.0,5,18,1
2025-01-20,Madhya Pradesh,Ujjain,Ujjain APMC,Onion,67.69,1000.0,2251.0,2100.0,2025,1,2025-01-20,2100.0,2113.0,1901.0,2084.0,2468.0,3454.0,1858.857142857143,2004.9285714285713,2096.3333333333335,363.31181675039267,400.5216721853095,560.1547405256222,-13.0,16.0,-1354.0,0,20,1
2025-01-21,Madhya Pradesh,Ujjain,Ujjain APMC,Onion,67.69,949.0,2200.0,2200.0,2025,1,2025-01-21,2100.0,2100.0,2113.0,1100.0,2600.0,3224.0,1861.142857142857,1978.642857142857,2051.2,365.0106978210423,379.30698084044326,498.1022883456427,0.0,1000.0,-1124.0,1,21,1
2025-01-22,Madhya Pradesh,Ujjain,Ujjain APMC,Onion,55.94,1372.0,2187.0,2100.0,2025,1,2025-01-22,2200.0,2100.0,2100.0,1714.0,2409.0,3079.0,2018.2857142857142,1950.0714285714287,2017.0666666666666,164.32966285863768,342.1476209262621,447.4756732615893,100.0,486.0,-879.0,2,22,1
2025-01-23,Madhya Pradesh,Ujjain,Ujjain APMC,Onion,77.65,1177.0,2090.0,2090.0,2025,1,2025-01-23,2100.0,2200.0,2100.0,2000.0,2101.0,2591.0,2073.4285714285716,1928.0,1984.4333333333334,95.59263769217822,319.48131039595154,400.6041715944099,-100.0,100.0,-491.0,3,23,1
2025-01-24,Madhya Pradesh,Ujjain,Ujjain APMC,Onion,137.79,740.0,2080.0,2080.0,2025,1,2025-01-24,2090.0,2100.0,2200.0,1901.0,1600.0,1800.0,2086.285714285714,1927.2142857142858,1967.7333333333333,89.95686797145524,319.0363322862899,384.5679109870092,-10.0,189.0,290.0,4,24,1
2025-01-25,Madhya Pradesh,Ujjain,Ujjain APMC,Onion,96.03,744.0,2191.0,2191.0,2025,1,2025-01-25,2080.0,2090.0,2100.0,2113.0,1600.0,1400.0,2111.8571428571427,1961.5,1977.0666666666666,40.1763967664935,306.7210584428698,383.7535967108302,-10.0,-33.0,680.0,5,25,1
2025-01-27,Madhya Pradesh,Ujjain,Ujjain APMC,Onion,132.28,525.0,2120.0,2063.0,2025,1,2025-01-27,2191.0,2080.0,2090.0,2100.0,2279.0,2000.0,2123.0,2003.7142857142858,2003.4333333333334,50.12983143793632,293.5264183029612,369.6523700892998,111.0,91.0,191.0,0,27,1
2025-01-28,Madhya Pradesh,Ujjain,Ujjain APMC,Onion,139.88,636.0,2066.0,2000.0,2025,1,2025-01-28,2063.0,2191.0,2080.0,2100.0,2084.0,1997.0,2117.714285714286,1988.2857142857142,2005.5333333333333,54.701353687399525,283.4473030853889,369.81111052976405,-128.0,-37.0,66.0,1,28,1
2025-01-29,Madhya Pradesh,Ujjain,Ujjain APMC,Onion,96.1,855.0,1969.0,1969.0,2025,1,2025-01-29,2000.0,2063.0,2191.0,2200.0,1100.0,1626.0,2103.4285714285716,1982.2857142857142,2005.6333333333334,70.79043518923673,282.15146738845294,369.8091290842021,-63.0,-200.0,374.0,2,29,1
2025-01-30,Madhya Pradesh,Ujjain,Ujjain APMC,Onion,150.22,300.0,2021.0,1700.0,2025,1,2025-01-30,1969.0,2000.0,2063.0,2100.0,1714.0,1100.0,2070.4285714285716,2044.357142857143,2017.0666666666666,72.09913809666077,124.87877638420183,362.905129935258,-31.0,-131.0,869.0,3,30,1
2025-01-31,Madhya Pradesh,Ujjain,Ujjain APMC,Onion,126.74,500.0,2000.0,2000.0,2025,1,2025-01-31,1700.0,1969.0,2000.0,2090.0,2000.0,1786.0,2013.2857142857142,2043.357142857143,2037.0666666666666,155.28223152880938,127.75072310070873,325.19616714597066,-269.0,-390.0,-86.0,4,31,1
2025-02-01,Madhya Pradesh,Ujjain,Ujjain APMC,Onion,120.1,769.0,2050.0,2050.0,2025,2,2025-02-01,2000.0,1700.0,1969.0,2080.0,1901.0,1741.0,2000.4285714285713,2043.357142857143,2044.2,151.55291390890832,127.75072310070873,321.82865434670987,300.0,-80.0,259.0,5,1,1
2025-02-04,Madhya Pradesh,Ujjain,Ujjain APMC,Onion,238.65,224.0,2058.0,2038.0,2025,2,2025-02-04,2050.0,2000.0,1700.0,2191.0,2113.0,1742.0,1996.142857142857,2054.0,2054.5,149.33567175038286,121.0073106501253,316.6939945860831,50.0,-141.0,308.0,1,4,1
2025-02-05,Madhya Pradesh,Ujjain,Ujjain APMC,Onion,130.13,400.0,2100.0,2100.0,2025,2,2025-02-05,2038.0,2050.0,2000.0,2063.0,2100.0,2200.0,1974.2857142857142,2048.6428571428573,2064.366666666667,125.32985050883347,119.84901215401158,311.18532933831546,-12.0,-25.0,-162.0,2,5,1
2025-02-06,Madhya Pradesh,Ujjain,Ujjain APMC,Onion,161.91,563.0,2255.0,2150.0,2025,2,2025-02-06,2100.0,2038.0,2050.0,2000.0,2100.0,2461.0,1979.5714285714287,2048.6428571428573,2061.0333333333333,130.37363887796053,119.84901215401158,310.21644094064163,62.0,100.0,-361.0,3,6,1
2025-02-07,Madhya Pradesh,Ujjain,Ujjain APMC,Onion,111.25,898.0,2237.0,2237.0,2025,2,2025-02-07,2150.0,2100.0,2038.0,1969.0,2200.0,2620.0,2001.0,2052.214285714286,2050.6666666666665,145.715476185597,122.21870596565317,301.46256510703444,50.0,181.0,-470.0,4,7,1
2025-02-08,Madhya Pradesh,Ujjain,Ujjain APMC,Onion,130.3,765.0,2276.0,2113.0,2025,2,2025-02-08,2237.0,2150.0,2100.0,1700.0,2100.0,2468.0,2039.2857142857142,2054.8571428571427,2037.9,169.21851187710018,126.00174427541177,284.13211472954447,87.0,537.0,-231.0,5,8,1
2025-02-10,Madhya Pradesh,Ujjain,Ujjain APMC,Onion,100.14,400.0,2484.0,2484.0,2025,2,2025-02-10,2113.0,2237.0,2150.0,2000.0,2090.0,2600.0,2098.285714285714,2055.785714285714,2026.0666666666666,79.33203280243947,126.4072652314866,272.76703882848017,-124.0,113.0,-487.0,0,10,1
2025-02-11,Madhya Pradesh,Ujjain,Ujjain APMC,Onion,100.72,857.0,2608.0,2608.0,2025,2,2025-02-11,2484.0,2113.0,2237.0,2050.0,2080.0,2409.0,2167.4285714285716,2083.9285714285716,2022.2,154.60256265970742,170.70733582802234,265.06400007908326,371.0,434.0,75.0,1,11,1
2025-02-12,Madhya Pradesh,Ujjain,Ujjain APMC,Onion,91.2,750.0,2627.0,2627.0,2025,2,2025-02-12,2608.0,2484.0,2113.0,2038.0,2191.0,2101.0,2247.1428571428573,2121.6428571428573,2028.8333333333333,215.7331905938594,220.7600880673931,277.28587057941087,124.0,570.0,507.0,2,12,1
2025-02-13,Madhya Pradesh,Ujjain,Ujjain APMC,Onion,104.67,1506.0,2850.0,2850.0,2025,2,2025-02-13,2627.0,2608.0,2484.0,2100.0,2063.0,1600.0,2331.285714285714,2152.785714285714,2046.3666666666666,234.60442897617185,258.7770583611936,297.8722803523219,19.0,527.0,1027.0,3,13,1
2025-02-14,Madhya Pradesh,Ujjain,Ujjain APMC,Onion,87.93,1092.0,3115.0,2900.0,2025,2,2025-02-14,2850.0,2627.0,2608.0,2150.0,2000.0,1600.0,2438.4285714285716,2209.0,2088.0333333333333,278.52280405911256,316.7573689264978,319.8927065097838,223.0,700.0,1250.0,4,14,1
2025-02-15,Madhya Pradesh,Ujjain,Ujjain APMC,Onion,99.31,1475.0,3100.0,3100.0,2025,2,2025-02-15,2900.0,2850.0,2627.0,2237.0,1969.0,2279.0,2545.5714285714284,2273.285714285714,2131.366666666667,292.95896023325804,359.5190010109602,338.98372286558265,50.0,663.0,621.0,5,15,1
2025-02-17,Madhya Pradesh,Ujjain,Ujjain APMC,Onion,105.92,1024.0,2920.0,2787.5,2025,2,2025-02-17,3100.0,2900.0,2850.0,2113.0,1700.0,2084.0,2668.8571428571427,2354.0714285714284,2158.733333333333,321.6439172809113,409.48362685136436,381.75528660461134,200.0,987.0,1016.0,0,17,1
2025-02-18,Madhya Pradesh,Ujjain,Ujjain APMC,Onion,83.36,600.0,2800.0,2400.0,2025,2,2025-02-18,2787.5,3100.0,2900.0,2484.0,2000.0,1100.0,2765.214285714286,2431.75,2182.1833333333334,208.50057097101427,377.7844699947809,398.25659903905586,-312.5,303.5,1687.5,1,18,1
2025-02-19,Madhya Pradesh,Ujjain,Ujjain APMC,Onion,95.17,700.0,2400.0,2355.0,2025,2,2025-02-19,2400.0,2787.5,3100.0,2608.0,2050.0,1714.0,2753.214285714286,2460.3214285714284,2225.516666666667,228.81103141072302,357.1840511957081,343.39236840406863,-387.5,-208.0,686.0,2,19,1
2025-02-20,Madhya Pradesh,Ujjain,Ujjain APMC,Onion,97.67,559.0,2300.0,2300.0,2025,2,2025-02-20,2355.0,2400.0,2787.5,2627.0,2038.0,2000.0,2717.0714285714284,2482.1071428571427,2246.883333333333,271.5603721353434,339.07454243820354,330.15418768156337,-45.0,-272.0,355.0,3,20,1
2025-02-21,Madhya Pradesh,Ujjain,Ujjain APMC,Onion,85.57,250.0,2410.0,2315.5,2025,2,2025-02-21,2300.0,2355.0,2400.0,2850.0,2100.0,1901.0,2670.3571428571427,2500.8214285714284,2256.883333333333,314.38573895318945,319.33329629226876,326.94625951246223,-55.0,-550.0,399.0,4,21,1
2025-02-22,Madhya Pradesh,Ujjain,Ujjain APMC,Onion,93.6,600.0,2724.0,2000.0,2025,2,2025-02-22,2315.5,2300.0,2355.0,2900.0,2150.0,2113.0,2594.0,2516.214285714286,2270.7,328.0928476310726,303.31855013689756,320.0742263051222,15.5,-584.5,202.5,5,22,1
2025-02-24,Madhya Pradesh,Ujjain,Ujjain APMC,Onion,70.58,652.0,2600.0,2351.33,2025,2,2025-02-24,2000.0,2315.5,2300.0,3100.0,2237.0,2100.0,2465.4285714285716,2505.5,2266.9333333333334,362.71090744689633,319.46891024854267,322.648595366459,-315.5,-1100.0,-100.0,0,24,1
2025-02-25,Madhya Pradesh,Ujjain,Ujjain APMC,Onion,69.47,856.0,2578.0,2578.0,2025,2,2025-02-25,2351.33,2000.0,2315.5,2787.5,2113.0,2100.0,2358.4757142857147,2513.6664285714287,2275.311,230.80309240108252,313.4826054702627,321.4252670834236,351.3299999999999,-436.1700000000001,251.32999999999993,1,25,1
2025-02-27,Madhya Pradesh,Ujjain,Ujjain APMC,Onion,55.47,949.0,2821.0,2821.0,2025,2,2025-02-27,2578.0,2351.33,2000.0,2400.0,2484.0,2200.0,2328.5471428571427,2546.8807142857145,2291.2443333333335,171.9881019832686,291.63834950063983,324.2701310017316,226.67000000000007,178.0,378.0,3,27,1
2025-02-28,Madhya Pradesh,Ujjain,Ujjain APMC,Onion,69.77,982.0,2941.0,1800.0,2025,2,2025-02-28,2821.0,2578.0,2351.33,2355.0,2608.0,2100.0,2388.69,2570.952142857143,2311.9443333333334,254.8082959795422,299.84141665423,337.78401872817517,243.0,466.0,721.0,4,28,1
2025-03-01,Madhya Pradesh,Ujjain,Ujjain APMC,Onion,93.58,850.0,2616.0,2616.0,2025,3,2025-03-01,1800.0,2821.0,2578.0,2300.0,2627.0,2090.0,2309.404285714286,2513.237857142857,2301.9443333333334,339.3574651139548,363.22539059375356,348.54425612907454,-1021.0,-500.0,-290.0,5,1,1
2025-03-03,Madhya Pradesh,Ujjain,Ujjain APMC,Onion,104.1,400.0,3125.0,1700.0,2025,3,2025-03-03,2616.0,1800.0,2821.0,2315.5,2850.0,2080.0,2354.547142857143,2512.452142857143,2319.4776666666667,358.38254313485663,362.97218444348755,350.73803388227594,816.0,300.5,536.0,0,3,1
2025-03-04,Madhya Pradesh,Ujjain,Ujjain APMC,Onion,68.13,350.0,2300.0,2000.0,2025,3,2025-03-04,1700.0,2616.0,1800.0,2000.0,2900.0,2191.0,2266.6185714285716,2430.309285714286,2306.811,436.5423863509129,408.03564415312724,366.2054999337385,-916.0,-300.0,-491.0,1,4,1
2025-03-05,Madhya Pradesh,Ujjain,Ujjain APMC,Onion,70.57,774.0,2260.0,1500.0,2025,3,2025-03-05,2000.0,1700.0,2616.0,2351.33,3100.0,2063.0,2266.6185714285716,2366.0235714285714,2300.4443333333334,436.5423863509129,399.14424818040595,369.9297391787334,300.0,-351.3299999999999,-63.0,2,5,1
2025-03-06,Madhya Pradesh,Ujjain,Ujjain APMC,Onion,79.38,237.0,2100.0,2000.0,2025,3,2025-03-06,1500.0,2000.0,1700.0,2578.0,2787.5,2000.0,2145.0,2251.737857142857,2281.677666666667,519.680350471964,401.87330445492836,395.7689168997712,-500.0,-1078.0,-500.0,3,6,1
2025-03-07,Madhya Pradesh,Ujjain,Ujjain APMC,Onion,81.17,400.0,2300.0,1200.0,2025,3,2025-03-07,2000.0,1500.0,2000.0,2821.0,2400.0,1969.0,2062.4285714285716,2195.487857142857,2281.677666666667,484.11701655104207,375.3523459401238,395.7689168997712,500.0,-821.0,31.0,4,7,1
2025-03-08,Madhya Pradesh,Ujjain,Ujjain APMC,Onion,96.75,320.0,2335.0,2300.0,2025,3,2025-03-08,1200.0,2000.0,1500.0,1800.0,2355.0,1700.0,1830.857142857143,2109.7735714285714,2256.0443333333333,447.0627952057048,453.86169539608585,439.235434862888,-800.0,-600.0,-500.0,5,8,1
2025-03-10,Madhya Pradesh,Ujjain,Ujjain APMC,Onion,171.28,431.0,2197.0,1200.0,2025,3,2025-03-10,2300.0,1200.0,2000.0,2616.0,2300.0,2000.0,1902.2857142857142,2105.8450000000003,2276.0443333333333,480.03809372649465,451.8091600656609,426.519678566778,1100.0,-316.0,300.0,0,10,1
2025-03-11,Madhya Pradesh,Ujjain,Ujjain APMC,Onion,138.87,185.0,1811.0,1200.0,2025,3,2025-03-11,1200.0,2300.0,1200.0,1700.0,2315.5,2050.0,1700.0,2027.2735714285716,2249.3776666666668,424.26406871192177,507.6446479061997,467.4210112114654,-1100.0,-500.0,-850.0,1,11,1
2025-03-12,Madhya Pradesh,Ujjain,Ujjain APMC,Onion,124.99,171.0,1366.0,1200.0,2025,3,2025-03-12,1200.0,1200.0,2300.0,2000.0,2000.0,2038.0,1628.5714285714287,1947.595,2221.0443333333333,464.4505202002465,545.0875577196534,504.2354523207597,0.0,-800.0,-838.0,2,12,1
2025-03-13,Madhya Pradesh,Ujjain,Ujjain APMC,Onion,36.55,437.0,1500.0,800.0,2025,3,2025-03-13,1200.0,1200.0,1200.0,1500.0,2351.33,2100.0,1514.2857142857142,1890.452142857143,2193.111,456.1745697594631,579.986969802957,536.8800841923718,0.0,-300.0,-900.0,3,13,1
2025-03-15,Madhya Pradesh,Ujjain,Ujjain APMC,Onion,29.55,808.0,1700.0,1700.0,2025,3,2025-03-15,800.0,1200.0,1200.0,2000.0,2578.0,2150.0,1414.2857142857142,1779.642857142857,2149.777666666667,530.4984179321971,631.1027719723755,594.0719155913382,-400.0,-1200.0,-1350.0,5,15,1
2025-03-17,Madhya Pradesh,Ujjain,Ujjain APMC,Onion,104.81,180.0,1400.0,1400.0,2025,3,2025-03-17,1700.0,800.0,1200.0,1200.0,2821.0,2237.0,1371.4285714285713,1716.9285714285713,2134.777666666667,485.50415622760437,587.8045808555194,599.7203855917872,900.0,500.0,-537.0,0,17,1
2025-03-18,Madhya Pradesh,Ujjain,Ujjain APMC,Onion,112.63,575.0,1485.0,950.0,2025,3,2025-03-18,1400.0,1700.0,800.0,2300.0,1800.0,2113.0,1400.0,1615.4285714285713,2106.8776666666668,479.58315233126416,498.37608818515054,614.0978300119584,-300.0,-900.0,-713.0,1,18,1
2025-03-20,Madhya Pradesh,Ujjain,Ujjain APMC,Onion,153.32,200.0,1314.0,851.0,2025,3,2025-03-20,950.0,1400.0,1700.0,1200.0,2616.0,2484.0,1207.142857142857,1554.7142857142858,2068.111,292.15944766023625,525.2138653878171,649.3925814192887,-450.0,-250.0,-1534.0,3,20,1
2025-03-21,Madhya Pradesh,Ujjain,Ujjain APMC,Onion,161.62,260.0,1384.0,1200.0,2025,3,2025-03-21,851.0,950.0,1400.0,1200.0,1700.0,2608.0,1157.2857142857142,1428.642857142857,2013.6776666666667,321.8512670399626,458.460233514635,681.0012130207556,-99.0,-349.0,-1757.0,4,21,1
2025-03-22,Madhya Pradesh,Ujjain,Ujjain APMC,Onion,117.45,442.0,1349.0,1349.0,2025,3,2025-03-22,1200.0,851.0,950.0,1200.0,2000.0,2627.0,1157.2857142857142,1392.9285714285713,1966.7443333333333,321.8512670399626,455.1585462207759,687.120104141227,349.0,0.0,-1427.0,5,22,1
2025-03-24,Madhya Pradesh,Ujjain,Ujjain APMC,Onion,157.51,222.0,1400.0,1100.0,2025,3,2025-03-24,1349.0,1200.0,851.0,800.0,1500.0,2850.0,1178.5714285714287,1346.4285714285713,1924.1443333333334,329.97164380333805,420.28593092830477,684.3853220965929,149.0,549.0,-1501.0,0,24,1
2025-03-25,Madhya Pradesh,Ujjain,Ujjain APMC,Onion,139.97,350.0,1295.0,1050.0,2025,3,2025-03-25,1100.0,1349.0,1200.0,1700.0,2000.0,2900.0,1221.4285714285713,1317.857142857143,1865.8110000000001,289.6226609129148,422.6325658468521,677.2926998611198,-249.0,-600.0,-1800.0,1,25,1
2025-03-26,Madhya Pradesh,Ujjain,Ujjain APMC,Onion,114.05,350.0,1458.0,1300.0,2025,3,2025-03-26,1050.0,1100.0,1349.0,1400.0,1200.0,3100.0,1128.5714285714287,1250.0,1804.1443333333334,201.36522137882557,378.66181380062255,663.9732546528963,-50.0,-350.0,-2050.0,2,26,1
2025-03-27,Madhya Pradesh,Ujjain,Ujjain APMC,Onion,235.88,400.0,1500.0,1150.0,2025,3,2025-03-27,1300.0,1050.0,1100.0,950.0,2300.0,2787.5,1114.2857142857142,1257.142857142857,1744.1443333333334,181.46323253457086,378.5892552302987,622.892961523125,250.0,350.0,-1487.5,3,27,1
2025-04-01,Madhya Pradesh,Ujjain,Ujjain APMC,Onion,176.03,700.0,1301.0,1301.0,2025,4,2025-04-01,1150.0,1300.0,1050.0,851.0,1200.0,2400.0,1142.857142857143,1175.0,1689.5610000000001,166.40555737054166,230.84327017399391,599.6237279146543,-150.0,299.0,-1250.0,1,1,2
2025-04-02,Madhya Pradesh,Ujjain,Ujjain APMC,Onion,316.68,300.0,1250.0,1125.0,2025,4,2025-04-02,1301.0,1150.0,1300.0,1200.0,1200.0,2355.0,1207.142857142857,1182.2142857142858,1652.9276666666667,113.31729578401051,233.25033714922674,588.1855759799886,151.0,101.0,-1054.0,2,2,2
2025-04-03,Madhya Pradesh,Ujjain,Ujjain APMC,Onion,330.57,450.0,1210.0,700.0,2025,4,2025-04-03,1125.0,1301.0,1150.0,1349.0,1200.0,2300.0,1196.4285714285713,1176.857142857143,1611.9276666666667,117.57105247867665,233.67131983684664,580.3767486827848,-176.0,-224.0,-1175.0,3,3,2
2025-04-04,Madhya Pradesh,Ujjain,Ujjain APMC,Onion,372.77,400.0,1259.0,1000.0,2025,4,2025-04-04,700.0,1125.0,1301.0,1100.0,800.0,2315.5,1103.7142857142858,1141.142857142857,1558.5943333333335,202.45552127622756,265.8556164372252,588.4261047543927,-425.0,-400.0,-1615.5,4,4,2
2025-04-07,Madhya Pradesh,Ujjain,Ujjain APMC,Onion,405.01,400.0,1251.0,1100.0,2025,4,2025-04-07,1000.0,700.0,1125.0,1050.0,1700.0,2000.0,1089.4285714285713,1155.4285714285713,1514.7443333333333,206.25377341423336,251.07697694463454,579.0167023955172,300.0,-50.0,-1000.0,0,7,2
2025-04-08,Madhya Pradesh,Ujjain,Ujjain APMC,Onion,378.94,420.0,1248.0,1150.0,2025,4,2025-04-08,1100.0,1000.0,700.0,1300.0,1400.0,2351.33,1096.5714285714287,1112.5714285714287,1484.7443333333333,205.52522727784523,196.17798601731658,576.3167743625023,100.0,-200.0,-1251.33,1,8,2
2025-04-09,Madhya Pradesh,Ujjain,Ujjain APMC,Onion,525.01,321.0,1401.0,1100.0,2025,4,2025-04-09,1150.0,1100.0,1000.0,1150.0,950.0,2578.0,1075.142857142857,1094.7142857142858,1444.7,187.83896345132175,178.59211308775974,555.3832569217004,50.0,0.0,-1428.0,2,9,2
2025-04-10,Madhya Pradesh,Ujjain,Ujjain APMC,Onion,330.81,249.0,1228.0,1214.0,2025,4,2025-04-10,1100.0,1150.0,1100.0,1301.0,851.0,2821.0,1068.0,1105.4285714285713,1395.4333333333334,185.4534982144871,173.67419288637433,515.5077633003971,-50.0,-201.0,-1721.0,3,10,2
2025-04-11,Madhya Pradesh,Ujjain,Ujjain APMC,Onion,643.06,152.0,1225.0,1100.0,2025,4,2025-04-11,1214.0,1100.0,1150.0,1125.0,1200.0,1800.0,1055.5714285714287,1131.357142857143,1341.8666666666666,169.4617529541,159.26688155560714,440.2701156252069,114.0,89.0,-586.0,4,11,2
2025-04-12,Madhya Pradesh,Ujjain,Ujjain APMC,Onion,336.18,336.0,1131.0,1000.0,2025,4,2025-04-12,1100.0,1214.0,1100.0,700.0,1349.0,2616.0,1052.0,1124.2142857142858,1318.5333333333333,168.01190434011127,158.19033257026032,433.6523105401041,-114.0,400.0,-1516.0,5,12,2
2025-04-14,Madhya Pradesh,Ujjain,Ujjain APMC,Onion,428.9,400.0,1073.0,1000.0,2025,4,2025-04-14,1000.0,1100.0,1214.0,1000.0,1100.0,1700.0,1094.857142857143,1099.2857142857142,1264.6666666666667,76.71468475548707,147.15634206855412,361.2512100763099,-100.0,0.0,-700.0,0,14,2
2025-04-15,Madhya Pradesh,Ujjain,Ujjain APMC,Onion,454.34,200.0,1085.0,1000.0,2025,4,2025-04-15,1000.0,1000.0,1100.0,1100.0,1050.0,2000.0,1094.857142857143,1092.142857142857,1241.3333333333333,76.71468475548707,149.5268728834186,354.71069642866485,0.0,-100.0,-1000.0,1,15,2
2025-04-16,Madhya Pradesh,Ujjain,Ujjain APMC,Onion,300.35,336.0,975.0,900.0,2025,4,2025-04-16,1000.0,1000.0,1000.0,1150.0,1300.0,1500.0,1080.5714285714287,1088.5714285714287,1208.0,84.5120447881635,151.19865398554742,326.8503823063112,0.0,-150.0,-500.0,2,16,2
2025-04-17,Madhya Pradesh,Ujjain,Ujjain APMC,Onion,393.49,225.0,1200.0,900.0,2025,4,2025-04-17,900.0,1000.0,1000.0,1100.0,1150.0,2000.0,1044.857142857143,1060.0,1188.0,101.41569334739832,145.87191431054777,326.723757619632,-100.0,-200.0,-1100.0,3,17,2
2025-04-18,Madhya Pradesh,Ujjain,Ujjain APMC,Onion,412.44,282.0,1225.0,900.0,2025,4,2025-04-18,900.0,900.0,1000.0,1214.0,1301.0,1200.0,1016.2857142857143,1042.142857142857,1151.3333333333333,111.01008105225684,149.2694296812683,292.3726169230374,0.0,-314.0,-300.0,4,18,2
2025-04-19,Madhya Pradesh,Ujjain,Ujjain APMC,Onion,290.43,250.0,1089.0,900.0,2025,4,2025-04-19,900.0,900.0,900.0,1100.0,1125.0,2300.0,971.4285714285714,1013.5,1141.3333333333333,75.5928946017814,133.4078477682718,295.7614758123529,0.0,-200.0,-1400.0,5,19,2
2025-04-21,Madhya Pradesh,Ujjain,Ujjain APMC,Onion,418.79,220.0,1152.0,701.0,2025,4,2025-04-21,900.0,900.0,900.0,1000.0,700.0,1200.0,942.8571428571429,997.4285714285714,1094.6666666666667,53.45224838239296,132.49192386752665,202.32874126089456,0.0,-100.0,-300.0,0,21,2
2025-04-22,Madhya Pradesh,Ujjain,Ujjain APMC,Onion,383.09,224.0,1011.0,500.0,2025,4,2025-04-22,701.0,900.0,900.0,1000.0,1000.0,1200.0,900.1428571428571,997.5,1078.0333333333333,99.6668259275179,132.31939796164303,213.5697388052001,-199.0,-299.0,-499.0,1,22,2
2025-04-23,Madhya Pradesh,Ujjain,Ujjain APMC,Onion,440.38,214.0,1060.0,400.0,2025,4,2025-04-23,500.0,701.0,900.0,1000.0,1100.0,1200.0,828.7142857142857,961.7857142857143,1054.7,170.30826392719288,187.54534982709364,236.76427240959123,-201.0,-500.0,-700.0,2,23,2
2025-04-24,Madhya Pradesh,Ujjain,Ujjain APMC,Onion,394.85,120.0,1056.0,700.0,2025,4,2025-04-24,400.0,500.0,701.0,900.0,1150.0,800.0,743.0,911.7857142857143,1028.0333333333333,214.88679190057854,235.13537134415077,263.389639695335,-100.0,-500.0,-400.0,3,24,2
2025-04-25,Madhya Pradesh,Ujjain,Ujjain APMC,Onion,368.95,100.0,1025.0,300.0,2025,4,2025-04-25,700.0,400.0,500.0,900.0,1100.0,1700.0,714.4285714285714,879.6428571428571,1024.7,203.5287507477542,230.78381730459188,266.9832940660008,300.0,-200.0,-1000.0,4,25,2
2025-04-28,Madhya Pradesh,Ujjain,Ujjain APMC,Onion,763.1,149.0,1100.0,800.0,2025,4,2025-04-28,300.0,700.0,400.0,900.0,1214.0,1400.0,628.7142857142857,822.5,978.0333333333333,236.08947053019276,268.057040428126,267.2303001781814,-400.0,-600.0,-1100.0,0,28,2
2025-04-29,Madhya Pradesh,Ujjain,Ujjain APMC,Onion,417.31,150.0,1011.0,600.0,2025,4,2025-04-29,800.0,300.0,700.0,900.0,1100.0,950.0,614.4285714285714,792.9285714285714,958.0333333333333,219.3717219263708,243.23159722807196,256.8099368757923,500.0,-100.0,-150.0,1,29,2
2025-05-02,Madhya Pradesh,Ujjain,Ujjain APMC,Onion,455.15,110.0,1019.0,800.0,2025,5,2025-05-02,600.0,800.0,300.0,701.0,1000.0,851.0,571.5714285714286,757.2142857142857,946.3666666666667,180.0665220993085,231.0797992607378,265.0067641730277,-200.0,-101.0,-251.0,4,2,2
2025-05-03,Madhya Pradesh,Ujjain,Ujjain APMC,Onion,387.39,100.0,1080.0,951.0,2025,5,2025-05-03,800.0,600.0,800.0,500.0,1000.0,1200.0,585.7142857142857,742.9285714285714,944.6666666666666,195.18001458967703,220.87255785451504,265.80201775694934,200.0,300.0,-400.0,5,3,2
2025-05-05,Madhya Pradesh,Ujjain,Ujjain APMC,Onion,326.56,100.0,1033.0,500.33,2025,5,2025-05-05,951.0,800.0,600.0,400.0,1000.0,1349.0,650.1428571428571,739.4285714285714,936.3666666666667,232.95237608532412,216.836951962236,261.40528492839076,151.0,551.0,-398.0,0,5,2
2025-05-06,Madhya Pradesh,Ujjain,Ujjain APMC,Onion,271.88,100.0,1176.0,300.0,2025,5,2025-05-06,500.33,951.0,800.0,700.0,900.0,1100.0,664.4757142857143,703.7378571428571,908.0776666666666,217.57576640922187,211.70998065856259,261.13166502851004,-450.67,-199.67000000000002,-599.6700000000001,1,6,2
2025-05-07,Madhya Pradesh,Ujjain,Ujjain APMC,Onion,374.2,100.0,1212.0,400.0,2025,5,2025-05-07,300.0,500.33,951.0,300.0,900.0,1050.0,607.3328571428572,660.8807142857142,881.4110000000001,255.8511003633391,228.95173318896119,280.95241843253564,-200.32999999999998,0.0,-750.0,2,7,2
2025-05-08,Madhya Pradesh,Ujjain,Ujjain APMC,Onion,397.9,160.0,1251.0,200.0,2025,5,2025-05-08,400.0,300.0,500.33,800.0,900.0,1300.0,621.6185714285714,625.1664285714286,859.7443333333334,237.99984960977255,227.77674986394248,292.3356920141455,100.0,-400.0,-900.0,3,8,2
2025-05-09,Madhya Pradesh,Ujjain,Ujjain APMC,Onion,405.08,110.0,1265.0,500.0,2025,5,2025-05-09,200.0,400.0,300.0,600.0,900.0,1150.0,535.9042857142857,575.1664285714286,823.0776666666667,269.06544580930426,239.34240376523258,303.9651039372711,-200.0,-400.0,-950.0,4,9,2
2025-05-10,Madhya Pradesh,Ujjain,Ujjain APMC,Onion,305.11,159.0,1180.0,454.67,2025,5,2025-05-10,500.0,200.0,400.0,800.0,701.0,1301.0,521.6185714285714,546.595,801.4110000000001,267.74663722931643,220.73422803664337,303.02306622511344,300.0,-300.0,-801.0,5,10,2
2025-05-12,Madhya Pradesh,Ujjain,Ujjain APMC,Onion,366.02,100.0,1125.0,850.0,2025,5,2025-05-12,454.67,500.0,200.0,951.0,500.0,1125.0,472.2857142857143,529.0,773.2,238.0753894502594,217.27011154146493,294.175101374933,-45.329999999999984,-496.33,-670.3299999999999,0,12,2
2025-05-13,Madhya Pradesh,Ujjain,Ujjain APMC,Onion,445.53,108.0,1138.0,800.0,2025,5,2025-05-13,850.0,454.67,500.0,500.33,400.0,700.0,457.85714285714283,554.0,764.0333333333333,204.98893260482149,233.2268485996029,287.03267172356556,395.33,349.67,150.0,1,13,2
2025-05-14,Madhya Pradesh,Ujjain,Ujjain APMC,Onion,442.66,100.0,1000.0,100.0,2025,5,2025-05-14,800.0,850.0,454.67,300.0,700.0,1000.0,500.6671428571429,582.5714285714286,767.3666666666667,243.08835613921175,237.37399027557836,286.8439972784845,-50.0,500.0,-200.0,2,14,2
2025-05-15,Madhya Pradesh,Ujjain,Ujjain APMC,Onion,768.76,100.0,1005.0,200.0,2025,5,2025-05-15,100.0,800.0,850.0,400.0,300.0,1100.0,472.0957142857143,539.7142857142857,737.3666666666667,279.6140985868905,266.87288459878374,307.96130995609093,-700.0,-300.0,-1000.0,3,15,2
2025-05-16,Madhya Pradesh,Ujjain,Ujjain APMC,Onion,519.86,100.0,1000.0,416.67,2025,5,2025-05-16,200.0,100.0,800.0,200.0,800.0,1150.0,443.5242857142857,532.5714285714286,707.3666666666667,297.8333607828812,274.99697150382144,315.16962507164675,100.0,0.0,-950.0,4,16,2
2025-05-17,Madhya Pradesh,Ujjain,Ujjain APMC,Onion,425.1,100.0,1010.0,500.0,2025,5,2025-05-17,416.67,200.0,100.0,500.0,600.0,1100.0,474.4771428571429,505.1907142857143,682.9223333333334,278.96797430971196,265.23177056085325,308.0125056650754,216.67000000000002,-83.32999999999998,-683.3299999999999,5,17,2
2025-05-19,Madhya Pradesh,Ujjain,Ujjain APMC,Onion,407.53,100.0,861.0,400.0,2025,5,2025-05-19,500.0,416.67,200.0,454.67,800.0,1214.0,474.4771428571429,498.04785714285714,662.9223333333333,278.96797430971196,263.8248916109441,299.35483533623017,83.32999999999998,45.329999999999984,-714.0,0,19,2
2025-05-20,Madhya Pradesh,Ujjain,Ujjain APMC,Onion,311.47,100.0,925.0,400.0,2025,5,2025-05-20,400.0,500.0,416.67,850.0,951.0,1100.0,466.6671428571429,469.4764285714286,635.789,280.3766316174205,249.90092943490149,284.1891812271144,-100.0,-450.0,-700.0,1,20,2
2025-05-21,Madhya Pradesh,Ujjain,Ujjain APMC,Onion,352.44,100.0,1102.0,400.0,2025,5,2025-05-21,400.0,400.0,500.0,800.0,500.33,1000.0,402.38142857142856,430.1192857142857,612.4556666666666,223.69554849007008,208.12947292361233,273.28856151140747,0.0,-400.0,-600.0,2,21,2
2025-05-22,Madhya Pradesh,Ujjain,Ujjain APMC,Onion,106.02,100.0,1201.0,700.0,2025,5,2025-05-22,400.0,400.0,400.0,100.0,300.0,1000.0,345.23857142857145,422.95285714285717,592.4556666666666,141.00011258011946,207.25143159677148,265.80128030465715,0.0,300.0,-600.0,3,22,2
2025-05-23,Madhya Pradesh,Ujjain,Ujjain APMC,Onion,311.78,107.0,1168.0,588.67,2025,5,2025-05-23,700.0,400.0,400.0,200.0,400.0,1000.0,430.95285714285717,451.5242857142857,582.4556666666666,149.20418523105812,216.36866144881733,255.3788732206659,300.0,500.0,-300.0,4,23,2
2025-05-24,Madhya Pradesh,Ujjain,Ujjain APMC,Onion,282.97,100.0,1100.0,600.0,2025,5,2025-05-24,588.67,700.0,400.0,416.67,200.0,900.0,486.4771428571429,465.0007142857143,568.7446666666666,117.98741750908928,218.77486965318542,242.92671661721852,-111.33000000000004,171.99999999999994,-311.33000000000004,5,24,2
2025-05-26,Madhya Pradesh,Ujjain,Ujjain APMC,Onion,199.31,100.0,1100.0,400.0,2025,5,2025-05-26,600.0,588.67,700.0,500.0,500.0,900.0,512.6671428571428,493.57214285714286,558.7446666666667,120.23530633912931,207.3240911148614,234.86130167767675,11.330000000000041,100.0,-300.0,0,26,2
2025-05-27,Madhya Pradesh,Ujjain,Ujjain APMC,Onion,208.69,120.0,1068.0,800.0,2025,5,2025-05-27,400.0,600.0,588.67,400.0,454.67,900.0,498.38142857142856,486.42928571428575,542.078,127.70018956240327,208.8029558243824,227.43293312910868,-200.0,0.0,-500.0,1,27,2
2025-05-28,Madhya Pradesh,Ujjain,Ujjain APMC,Onion,219.26,100.0,1255.0,400.0,2025,5,2025-05-28,800.0,400.0,600.0,400.0,850.0,900.0,555.5242857142857,511.0957142857143,538.7446666666667,161.39069818887654,224.564989658294,222.6895705210193,400.0,400.0,-100.0,2,28,2
2025-05-29,Madhya Pradesh,Ujjain,Ujjain APMC,Onion,140.8,141.0,1060.0,800.0,2025,5,2025-05-29,400.0,800.0,400.0,400.0,800.0,701.0,555.5242857142857,478.95285714285717,522.078,161.39069818887654,203.54634828193576,213.2296829533805,-400.0,0.0,-301.0,3,29,2
2025-05-30,Madhya Pradesh,Ujjain,Ujjain APMC,Onion,371.03,185.0,1221.0,300.0,2025,5,2025-05-30,800.0,400.0,800.0,700.0,100.0,500.0,612.6671428571428,478.95285714285717,525.378,167.8318470686202,203.54634828193576,216.8298943220457,400.0,100.0,300.0,4,30,2
2025-05-31,Madhya Pradesh,Ujjain,Ujjain APMC,Onion,295.51,100.0,1151.0,800.0,2025,5,2025-05-31,300.0,800.0,400.0,588.67,200.0,400.0,555.5242857142857,493.23857142857145,518.7113333333333,198.4446794328998,180.63269594391267,220.67754254647926,-500.0,-288.66999999999996,-100.0,5,31,2
2025-06-02,Madhya Pradesh,Ujjain,Ujjain APMC,Onion,308.83,140.0,1265.0,300.0,2025,6,2025-06-02,800.0,300.0,800.0,600.0,416.67,700.0,585.7142857142857,536.0957142857143,532.0446666666667,219.306265517487,176.84535824860032,225.29339918290486,500.0,200.0,100.0,0,2,2
2025-06-03,Madhya Pradesh,Ujjain,Ujjain APMC,Onion,287.19,100.0,1200.0,400.33,2025,6,2025-06-03,300.0,800.0,300.0,400.0,500.0,300.0,542.8571428571429,527.7621428571429,518.7113333333333,243.97501823710914,185.44583634620042,226.8417917272043,-500.0,-100.0,0.0,1,3,2
2025-06-04,Madhya Pradesh,Ujjain,Ujjain APMC,Onion,155.43,100.0,1000.0,600.0,2025,6,2025-06-04,400.33,300.0,800.0,800.0,400.0,800.0,542.9042857142857,520.6428571428571,522.0556666666666,243.94284329577349,188.48192977778305,224.23069336305704,100.32999999999998,-399.67,-399.67,2,4,2
2025-06-05,Madhya Pradesh,Ujjain,Ujjain APMC,Onion,204.99,111.0,1200.0,150.0,2025,6,2025-06-05,600.0,400.33,300.0,400.0,400.0,600.0,514.3328571428572,534.9285714285714,515.389,219.27763730895498,186.20014177709976,218.58413079837675,199.67000000000002,200.0,0.0,3,5,2
2025-06-06,Madhya Pradesh,Ujjain,Ujjain APMC,Onion,201.79,150.0,1112.0,200.0,2025,6,2025-06-06,150.0,600.0,400.33,800.0,400.0,800.0,478.61857142857144,517.0714285714286,500.389,257.95152984157113,210.53346278361133,227.82265825898912,-450.0,-650.0,-650.0,4,6,2
2025-06-09,Madhya Pradesh,Ujjain,Ujjain APMC,Onion,151.93,150.0,1700.0,400.0,2025,6,2025-06-09,200.0,150.0,600.0,300.0,700.0,951.0,392.9042857142857,502.7857142857143,480.389,231.7137834957003,225.35234547481184,226.94815942075385,50.0,-100.0,-751.0,0,9,2
2025-06-10,Madhya Pradesh,Ujjain,Ujjain APMC,Onion,183.16,203.0,1211.0,300.0,2025,6,2025-06-10,400.0,200.0,150.0,800.0,588.67,500.33,407.19,481.35714285714283,462.02233333333334,228.08559657868415,219.34004020555074,209.1465572219661,200.0,-400.0,-100.32999999999998,1,10,2
2025-06-11,Madhya Pradesh,Ujjain,Ujjain APMC,Onion,267.84,112.0,1500.0,300.0,2025,6,2025-06-11,300.0,400.0,200.0,300.0,600.0,300.0,335.76142857142855,460.73785714285714,455.3446666666667,149.22798580563335,222.02787192253496,211.0705235751403,-100.0,0.0,0.0,2,11,2
2025-06-12,Madhya Pradesh,Ujjain,Ujjain APMC,Onion,252.35,301.0,1411.0,1000.0,2025,6,2025-06-12,300.0,300.0,400.0,400.33,400.0,400.0,335.76142857142855,439.3092857142857,455.3446666666667,149.22798580563335,222.03032185388003,211.0705235751403,0.0,-100.32999999999998,-100.0,3,12,2
2025-06-13,Madhya Pradesh,Ujjain,Ujjain APMC,Onion,284.9,300.0,1478.0,600.0,2025,6,2025-06-13,1000.0,300.0,300.0,600.0,800.0,200.0,421.42857142857144,482.1664285714286,475.3446666666667,294.1897670681404,267.17634641987627,232.93913751096645,700.0,400.0,800.0,4,13,2
2025-06-14,Madhya Pradesh,Ujjain,Ujjain APMC,Onion,205.21,343.0,1375.0,1100.0,2025,6,2025-06-14,600.0,1000.0,300.0,150.0,400.0,500.0,421.42857142857144,467.8807142857143,488.678,294.1897670681404,253.8914107210445,228.0312701695923,-400.0,450.0,100.0,5,14,2
2025-06-16,Madhya Pradesh,Ujjain,Ujjain APMC,Onion,305.87,200.0,1370.0,400.0,2025,6,2025-06-16,1100.0,600.0,1000.0,200.0,800.0,454.67,557.1428571428571,517.8807142857142,508.678,359.8941643369586,303.56320209915305,253.90304591887397,500.0,900.0,645.3299999999999,0,16,2
2025-06-17,Madhya Pradesh,Ujjain,Ujjain APMC,Onion,240.54,200.0,1251.0,700.0,2025,6,2025-06-17,400.0,1100.0,600.0,400.0,300.0,850.0,585.7142857142857,489.3092857142857,506.85566666666665,333.8091841584947,293.62902152899653,254.4995333466516,-700.0,0.0,-450.0,1,17,2
2025-06-18,Madhya Pradesh,Ujjain,Ujjain APMC,Onion,245.52,225.0,1425.0,700.0,2025,6,2025-06-18,700.0,400.0,1100.0,300.0,800.0,800.0,628.5714285714286,517.8807142857142,501.85566666666665,325.1373336211551,293.25206139914013,248.93823231505877,300.0,400.0,-100.0,2,18,2
2025-06-19,Madhya Pradesh,Ujjain,Ujjain APMC,Onion,284.23,200.0,1500.0,1300.0,2025,6,2025-06-19,700.0,700.0,400.0,300.0,300.0,100.0,685.7142857142857,510.73785714285714,498.52233333333334,291.1389784310813,287.00306710178916,245.45347629517806,0.0,400.0,600.0,3,19,2
2025-06-20,Madhya Pradesh,Ujjain,Ujjain APMC,Onion,289.82,200.0,2790.0,350.0,2025,6,2025-06-20,1300.0,700.0,700.0,1000.0,400.33,200.0,828.5714285714286,582.1664285714286,538.5223333333333,314.71831698776055,348.39363249519437,274.34695260690995,600.0,300.0,1100.0,4,20,2
2025-06-21,Madhya Pradesh,Ujjain,Ujjain APMC,Onion,205.54,300.0,2297.0,400.0,2025,6,2025-06-21,350.0,1300.0,700.0,600.0,600.0,416.67,735.7142857142857,578.5714285714286,543.5223333333333,349.65969850969935,350.6665552444982,269.28478462825245,-950.0,-250.0,-66.67000000000002,5,21,2
2025-06-23,Madhya Pradesh,Ujjain,Ujjain APMC,Onion,343.18,340.0,3501.0,400.0,2025,6,2025-06-23,400.0,350.0,1300.0,1100.0,150.0,500.0,707.1428571428571,564.2857142857143,542.9666666666667,370.1672723564287,353.7864259194309,269.57261477525327,50.0,-700.0,-100.0,0,23,2
2025-06-24,Madhya Pradesh,Ujjain,Ujjain APMC,Onion,333.35,260.0,1903.0,400.0,2025,6,2025-06-24,400.0,400.0,350.0,400.0,200.0,400.0,607.1428571428571,582.1428571428571,539.6333333333333,339.64266937051855,337.18697327308587,270.7379726029964,0.0,0.0,0.0,1,24,2
2025-06-25,Madhya Pradesh,Ujjain,Ujjain APMC,Onion,231.23,300.0,1710.0,1200.0,2025,6,2025-06-25,400.0,400.0,400.0,700.0,400.0,400.0,607.1428571428571,596.4285714285714,539.6333333333333,339.64266937051855,323.7189460689099,270.7379726029964,0.0,-300.0,0.0,2,25,2
2025-06-26,Madhya Pradesh,Ujjain,Ujjain APMC,Onion,358.93,297.0,1608.0,500.0,2025,6,2025-06-26,1200.0,400.0,400.0,700.0,300.0,400.0,678.5714285714286,653.5714285714286,566.3,408.10246145742354,355.4327187843392,294.83635307834294,800.0,500.0,800.0,3,26,2
2025-06-27,Madhya Pradesh,Ujjain,Ujjain APMC,Onion,471.91,218.0,3490.0,550.0,2025,6,2025-06-27,500.0,1200.0,400.0,1300.0,300.0,700.0,650.0,667.8571428571429,569.6333333333333,413.31989225456107,343.9628461919239,293.4534236947092,-700.0,-800.0,-200.0,4,27,2
2025-06-28,Madhya Pradesh,Ujjain,Ujjain APMC,Onion,387.76,240.0,2806.0,400.0,2025,6,2025-06-28,550.0,500.0,1200.0,350.0,1000.0,588.67,542.8571428571429,685.7142857142857,564.6333333333333,297.80946289610137,329.58515383187864,292.4316863619456,50.0,200.0,-38.66999999999996,5,28,2
2025-06-30,Madhya Pradesh,Ujjain,Ujjain APMC,Onion,391.71,294.0,2610.0,500.0,2025,6,2025-06-30,400.0,550.0,500.0,400.0,600.0,600.0,550.0,642.8571428571429,558.3443333333333,292.97326385409565,324.54532862094925,293.9218915675204,-150.0,0.0,-200.0,0,30,2
2025-07-01,Madhya Pradesh,Ujjain,Ujjain APMC,Onion,389.74,300.0,1450.0,425.0,2025,7,2025-07-01,500.0,400.0,550.0,400.0,1100.0,400.0,564.2857142857143,635.7142857142857,555.0110000000001,286.8133622443226,326.6547056194145,294.00022315670515,100.0,100.0,100.0,1,1,3
2025-07-03,Madhya Pradesh,Ujjain,Ujjain APMC,Onion,290.08,200.0,3507.0,400.0,2025,7,2025-07-03,425.0,500.0,400.0,400.0,400.0,800.0,567.8571428571429,587.5,555.8443333333333,284.5736158837132,301.7178381305348,293.5808307854894,-75.0,25.0,-375.0,3,3,3
2025-07-04,Madhya Pradesh,Ujjain,Ujjain APMC,Onion,394.28,300.0,1511.0,400.0,2025,7,2025-07-04,400.0,425.0,500.0,1200.0,700.0,400.0,567.8571428571429,587.5,542.511,284.5736158837132,301.7178381305348,291.1832907335159,-25.0,-800.0,0.0,4,4,3
2025-07-05,Madhya Pradesh,Ujjain,Ujjain APMC,Onion,325.56,300.0,1451.0,605.0,2025,7,2025-07-05,400.0,400.0,425.0,500.0,700.0,800.0,453.57142857142856,566.0714285714286,542.511,61.96196990310687,303.7596378428632,291.1832907335159,0.0,-100.0,-400.0,5,5,3
2025-07-07,Madhya Pradesh,Ujjain,Ujjain APMC,Onion,345.68,300.0,1500.0,400.0,2025,7,2025-07-07,605.0,400.0,400.0,550.0,1300.0,300.0,468.57142857142856,559.2857142857143,536.011,83.9004512161501,301.5910191918066,287.3889797799334,205.0,55.0,305.0,0,7,3
2025-07-08,Madhya Pradesh,Ujjain,Ujjain APMC,Onion,428.14,300.0,1412.0,425.0,2025,7,2025-07-08,400.0,605.0,400.0,400.0,350.0,800.0,447.14285714285717,495.0,539.3443333333333,78.62660400354729,215.06707361624677,285.1282114476202,-205.0,0.0,-400.0,1,8,3
2025-07-09,Madhya Pradesh,Ujjain,Ujjain APMC,Onion,378.25,300.0,1475.0,450.0,2025,7,2025-07-09,425.0,400.0,605.0,500.0,400.0,300.0,450.7142857142857,500.35714285714283,526.8443333333333,76.67184247531308,212.09091198131262,281.50400021266574,25.0,-75.0,125.0,2,9,3
2025-07-11,Madhya Pradesh,Ujjain,Ujjain APMC,Onion,470.62,286.0,1480.0,425.0,2025,7,2025-07-11,450.0,425.0,400.0,425.0,400.0,400.33,443.57142857142856,503.92857142857144,531.8443333333333,73.58183005520779,210.68732366153,278.6536140416829,25.0,25.0,49.670000000000016,4,11,3
2025-07-12,Madhya Pradesh,Ujjain,Ujjain APMC,Onion,382.31,300.0,1491.0,700.0,2025,7,2025-07-12,425.0,450.0,425.0,400.0,400.0,600.0,443.57142857142856,505.7142857142857,532.6666666666666,73.58183005520779,209.84295540731375,278.28828185189076,-25.0,25.0,-175.0,5,12,3
2025-07-14,Madhya Pradesh,Ujjain,Ujjain APMC,Onion,328.67,390.0,1460.0,700.0,2025,7,2025-07-14,700.0,425.0,450.0,400.0,1200.0,150.0,486.42857142857144,527.1428571428571,536.0,117.9588305904804,213.50296598297263,279.71783812531993,275.0,300.0,550.0,0,14,3
2025-07-15,Madhya Pradesh,Ujjain,Ujjain APMC,Onion,392.11,234.0,1477.0,1400.0,2025,7,2025-07-15,700.0,700.0,425.0,605.0,500.0,200.0,529.2857142857143,491.42857142857144,554.3333333333334,134.64238347771308,108.0852329526451,271.4480115758656,0.0,95.0,500.0,1,15,3
2025-07-16,Madhya Pradesh,Ujjain,Ujjain APMC,Onion,474.32,300.0,1411.0,600.0,2025,7,2025-07-16,1400.0,700.0,700.0,400.0,550.0,400.0,642.8571428571429,555.7142857142857,594.3333333333334,358.44405819755394,265.9443054971914,303.90769167208816,700.0,1000.0,1000.0,2,16,3
2025-07-17,Madhya Pradesh,Ujjain,Ujjain APMC,Onion,522.61,300.0,1351.0,700.0,2025,7,2025-07-17,600.0,1400.0,700.0,425.0,400.0,300.0,671.4285714285714,559.2857142857143,601.0,343.5199446625204,266.1972746122673,301.6832090466346,-800.0,175.0,300.0,3,17,3
2025-07-18,Madhya Pradesh,Ujjain,Ujjain APMC,Onion,608.73,250.0,1350.0,1138.67,2025,7,2025-07-18,700.0,600.0,1400.0,450.0,500.0,300.0,710.7142857142857,580.7142857142857,614.3333333333334,325.9144643847937,264.4577699518807,296.71980668325256,100.0,250.0,400.0,4,18,3
2025-07-19,Madhya Pradesh,Ujjain,Ujjain APMC,Onion,444.83,200.0,1390.0,400.0,2025,7,2025-07-19,1138.67,700.0,600.0,425.0,425.0,1000.0,809.0957142857143,626.3335714285714,642.289,337.82225226968205,301.8987312534242,305.462599057707,438.6700000000001,713.6700000000001,138.67000000000007,5,19,3
2025-07-21,Madhya Pradesh,Ujjain,Ujjain APMC,Onion,443.17,200.0,1430.0,1000.0,2025,7,2025-07-21,400.0,1138.67,700.0,700.0,400.0,600.0,805.5242857142857,624.5478571428572,622.289,342.65720109446704,303.2521173539931,300.8414282314368,-738.6700000000001,-300.0,-200.0,0,21,3
2025-07-22,Madhya Pradesh,Ujjain,Ujjain APMC,Onion,312.87,200.0,1450.0,933.33,2025,7,2025-07-22,1000.0,400.0,1138.67,700.0,400.0,1100.0,848.3814285714286,667.405,635.6223333333332,346.0038608854076,311.3657622290401,308.58390967149745,600.0,300.0,-100.0,1,22,3
2025-07-23,Madhya Pradesh,Ujjain,Ujjain APMC,Onion,379.62,350.0,1411.0,714.0,2025,7,2025-07-23,933.33,1000.0,400.0,1400.0,605.0,400.0,881.7142857142857,705.5,630.0666666666667,340.52256077274484,308.74756402653156,301.35064491135853,-66.66999999999996,-466.66999999999996,533.33,2,23,3
2025-07-25,Madhya Pradesh,Ujjain,Ujjain APMC,Onion,308.38,300.0,1425.0,400.0,2025,7,2025-07-25,714.0,933.33,1000.0,600.0,400.0,700.0,783.7142857142857,713.2857142857143,640.5333333333333,254.30089997591548,307.38964435574655,298.5240546228926,-219.33000000000004,114.0,14.0,4,25,3
2025-07-28,Madhya Pradesh,Ujjain,Ujjain APMC,Onion,631.7,300.0,1301.0,1000.0,2025,7,2025-07-28,400.0,714.0,933.33,700.0,425.0,700.0,755.1428571428571,713.2857142857143,630.5333333333333,287.45582702471904,307.38964435574655,301.47349197053046,-314.0,-300.0,-300.0,0,28,3
2025-07-30,Madhya Pradesh,Ujjain,Ujjain APMC,Onion,760.68,200.0,1465.0,400.0,2025,7,2025-07-30,1000.0,400.0,714.0,1138.67,450.0,1300.0,798.0,754.3571428571429,640.5333333333333,299.95617952181374,304.306206120621,308.74505298096017,600.0,-138.67000000000007,-300.0,2,30,3
2025-07-31,Madhya Pradesh,Ujjain,Ujjain APMC,Onion,651.77,238.0,1271.0,1000.0,2025,7,2025-07-31,400.0,1000.0,400.0,400.0,425.0,350.0,692.4757142857143,750.7857142857143,610.5333333333333,289.89727628114554,308.41862347028615,285.29124407719263,-600.0,0.0,50.0,3,31,3
2025-08-01,Madhya Pradesh,Ujjain,Ujjain APMC,Onion,601.54,300.0,1265.0,400.0,2025,8,2025-08-01,1000.0,400.0,1000.0,1000.0,700.0,400.0,778.1899999999999,791.8571428571429,632.2,277.441632360134,299.86432471598215,289.4742593404042,600.0,0.0,600.0,4,1,3
2025-08-02,Madhya Pradesh,Ujjain,Ujjain APMC,Onion,509.07,300.0,1251.0,535.33,2025,8,2025-08-02,400.0,1000.0,400.0,933.33,700.0,400.0,692.4757142857143,770.4285714285714,632.2,289.89727628114554,317.15413461833333,289.4742593404042,-600.0,-533.33,0.0,5,2,3
2025-08-04,Madhya Pradesh,Ujjain,Ujjain APMC,Onion,422.21,321.0,1351.0,1100.0,2025,8,2025-08-04,535.33,400.0,1000.0,714.0,1400.0,400.0,635.6185714285714,758.6664285714286,636.711,273.3427123855219,322.967248746984,286.772861041602,135.33000000000004,-178.66999999999996,135.33000000000004,0,4,3
2025-08-05,Madhya Pradesh,Ujjain,Ujjain APMC,Onion,449.54,240.0,1350.0,1000.0,2025,8,2025-08-05,1100.0,535.33,400.0,400.0,600.0,1200.0,690.7614285714286,737.2378571428571,660.0443333333334,325.7091623124447,284.84452636966137,295.20260767329364,564.67,700.0,-100.0,1,5,3
2025-08-06,Madhya Pradesh,Ujjain,Ujjain APMC,Onion,414.67,250.0,1415.0,650.0,2025,8,2025-08-06,1000.0,1100.0,535.33,1000.0,700.0,500.0,776.4757142857143,765.8092857142857,653.3776666666668,315.21856564701346,290.0337377580779,284.65812572738855,-100.0,0.0,500.0,2,6,3
2025-08-07,Madhya Pradesh,Ujjain,Ujjain APMC,Onion,406.78,294.0,1500.0,1400.0,2025,8,2025-08-07,650.0,1000.0,1100.0,400.0,1138.67,550.0,726.4757142857143,762.2378571428571,658.3776666666668,301.3053447837044,291.21189148319166,283.18471538094775,-350.0,250.0,100.0,3,7,3
2025-08-08,Madhya Pradesh,Ujjain,Ujjain APMC,Onion,270.5,250.0,1650.0,1300.0,2025,8,2025-08-08,1400.0,650.0,1000.0,1000.0,400.0,400.0,869.3328571428572,780.9042857142857,686.711,353.2942336879169,323.75418613782836,312.9276957948968,750.0,400.0,1000.0,4,8,3
2025-08-11,Madhya Pradesh,Ujjain,Ujjain APMC,Onion,255.6,300.0,1521.0,1300.0,2025,8,2025-08-11,1300.0,1400.0,650.0,400.0,1000.0,500.0,912.1899999999999,845.1899999999999,716.711,388.25336147931773,331.5619436731498,327.3039682360876,-100.0,900.0,800.0,0,11,3
2025-08-12,Madhya Pradesh,Ujjain,Ujjain APMC,Onion,313.92,300.0,1621.0,1200.0,2025,8,2025-08-12,1300.0,1300.0,1400.0,535.33,933.33,425.0,1040.7614285714285,866.6185714285714,743.3776666666668,335.8540730946643,351.4355856255386,341.32792442298955,0.0,764.67,875.0,1,12,3
2025-08-13,Madhya Pradesh,Ujjain,Ujjain APMC,Onion,491.95,370.0,1717.0,1000.0,2025,8,2025-08-13,1200.0,1300.0,1300.0,1100.0,714.0,400.0,1135.7142857142858,885.6664285714286,769.211,252.84100029180837,362.38567333728724,345.7005177432017,-100.0,100.0,800.0,2,13,3
2025-08-14,Madhya Pradesh,Ujjain,Ujjain APMC,Onion,653.45,300.0,1674.0,1300.0,2025,8,2025-08-14,1000.0,1200.0,1300.0,1000.0,400.0,400.0,1121.4285714285713,906.095,789.211,257.96825201487445,360.0175340334796,340.9269003997685,-200.0,0.0,600.0,3,14,3
2025-08-19,Madhya Pradesh,Ujjain,Ujjain APMC,Onion,726.55,324.0,1663.0,600.0,2025,8,2025-08-19,1300.0,1000.0,1200.0,650.0,1000.0,605.0,1164.2857142857142,970.3807142857142,819.211,259.3490018525148,342.62964752192426,345.06988752753085,300.0,650.0,695.0,1,19,3
2025-08-20,Madhya Pradesh,Ujjain,Ujjain APMC,Onion,968.54,294.0,1550.0,600.0,2025,8,2025-08-20,600.0,1300.0,1000.0,1400.0,400.0,400.0,1157.142857142857,941.8092857142857,819.0443333333334,276.02622373692526,356.37188653826814,345.17810833490745,-700.0,-800.0,200.0,2,20,3
2025-08-21,Madhya Pradesh,Ujjain,Ujjain APMC,Onion,888.85,300.0,1489.0,1100.0,2025,8,2025-08-21,600.0,600.0,1300.0,1300.0,1000.0,425.0,1042.857142857143,956.095,825.711,320.71349029489426,336.43277103595625,338.6758597359989,0.0,-700.0,175.0,3,21,3
2025-08-22,Madhya Pradesh,Ujjain,Ujjain APMC,Onion,286.89,277.0,1400.0,1000.0,2025,8,2025-08-22,1100.0,600.0,600.0,1300.0,400.0,450.0,1014.2857142857143,963.2378571428571,848.211,302.3715784073657,338.4918856925221,333.5191899079926,500.0,-200.0,650.0,4,22,3
2025-08-25,Madhya Pradesh,Ujjain,Ujjain APMC,Onion,675.92,149.0,1351.0,622.33,2025,8,2025-08-25,1000.0,1100.0,600.0,1200.0,535.33,425.0,971.4285714285714,1006.095,866.5443333333334,275.1622897750994,297.15291615728466,325.90463052525547,-100.0,-200.0,575.0,0,25,3
2025-08-26,Madhya Pradesh,Ujjain,Ujjain APMC,Onion,608.3,200.0,1351.0,500.0,2025,8,2025-08-26,622.33,1000.0,1100.0,1000.0,1100.0,700.0,888.9042857142857,1012.3092857142857,873.122,281.73238624960106,287.2968673278263,318.59509970253777,-377.66999999999996,-377.66999999999996,-77.66999999999996,1,26,3
2025-08-27,Madhya Pradesh,Ujjain,Ujjain APMC,Onion,381.26,200.0,1385.0,400.0,2025,8,2025-08-27,500.0,622.33,1000.0,1300.0,1000.0,700.0,817.4757142857143,969.4521428571428,866.4553333333333,310.7595063634054,316.4794593937195,324.38258359994563,-122.33000000000004,-800.0,-200.0,2,27,3
2025-08-28,Madhya Pradesh,Ujjain,Ujjain APMC,Onion,321.53,250.0,1412.0,500.0,2025,8,2025-08-28,400.0,500.0,622.33,600.0,650.0,1400.0,688.9042857142857,926.595,856.4553333333333,259.86240742982966,350.7901534174306,334.1675687304971,-100.0,-200.0,-1000.0,3,28,3
2025-08-29,Madhya Pradesh,Ujjain,Ujjain APMC,Onion,290.22,300.0,1308.0,1300.0,2025,8,2025-08-29,500.0,400.0,500.0,600.0,1400.0,600.0,674.6185714285714,915.8807142857142,826.4553333333333,268.18001121312966,361.9997736604664,323.93009866148213,100.0,-100.0,-100.0,4,29,3
2025-08-30,Madhya Pradesh,Ujjain,Ujjain APMC,Onion,98.36,350.0,1372.0,600.0,2025,8,2025-08-30,1300.0,500.0,400.0,1100.0,1300.0,700.0,774.6185714285714,908.7378571428571,849.7886666666667,352.85906310349293,352.57642126711426,332.16218284956733,800.0,200.0,600.0,5,30,3
2025-09-01,Madhya Pradesh,Ujjain,Ujjain APMC,Onion,1001.68,180.0,1323.0,813.0,2025,9,2025-09-01,600.0,1300.0,500.0,1000.0,1300.0,1138.67,703.1899999999999,858.7378571428571,846.4553333333333,325.5665308862723,342.307186247386,334.21261845729146,-700.0,-400.0,-538.6700000000001,0,1,3
2025-09-02,Madhya Pradesh,Ujjain,Ujjain APMC,Onion,385.82,250.0,1272.0,600.0,2025,9,2025-09-02,813.0,600.0,1300.0,622.33,1200.0,400.0,676.4757142857143,823.9521428571428,835.5996666666666,304.1183664220672,317.89013061310675,329.65178277400383,213.0,190.66999999999996,413.0,1,2,3
2025-09-03,Madhya Pradesh,Ujjain,Ujjain APMC,Onion,316.11,249.0,1451.0,483.0,2025,9,2025-09-03,600.0,813.0,600.0,500.0,1000.0,1000.0,673.2857142857143,781.095,842.2663333333333,304.8970942715373,303.40782943983817,322.48311576739104,-213.0,100.0,-400.0,2,3,3
2025-09-04,Madhya Pradesh,Ujjain,Ujjain APMC,Onion,488.22,150.0,1313.0,1000.0,2025,9,2025-09-04,483.0,600.0,813.0,400.0,1300.0,933.33,670.8571428571429,744.1664285714286,825.0329999999999,306.5705076984164,306.1650134664124,327.53774165417644,-117.0,83.0,-450.33000000000004,3,4,3
2025-09-06,Madhya Pradesh,Ujjain,Ujjain APMC,Onion,455.89,200.0,1315.0,829.67,2025,9,2025-09-06,1000.0,483.0,600.0,500.0,600.0,714.0,756.5714285714286,722.7378571428571,827.2553333333333,302.0639320534778,272.9683676849807,328.5225674264901,517.0,500.0,286.0,5,6,3
2025-09-08,Madhya Pradesh,Ujjain,Ujjain APMC,Onion,536.87,149.0,1220.0,906.67,2025,9,2025-09-08,829.67,1000.0,483.0,1300.0,600.0,400.0,803.6671428571428,739.1428571428571,831.1110000000001,280.31059361084704,271.9240069303634,327.8255590101721,-170.33000000000004,-470.33000000000004,429.66999999999996,0,8,3
2025-09-09,Madhya Pradesh,Ujjain,Ujjain APMC,Onion,655.71,149.0,1251.0,1000.0,2025,9,2025-09-09,906.67,829.67,1000.0,600.0,1100.0,1000.0,747.4771428571429,761.0478571428572,848.0,188.6823804451946,272.20490791876676,317.74602933570674,77.0,306.66999999999996,-93.33000000000004,1,9,3
2025-09-10,Madhya Pradesh,Ujjain,Ujjain APMC,Onion,964.77,160.0,1111.0,733.33,2025,9,2025-09-10,1000.0,906.67,829.67,813.0,1000.0,400.0,804.62,753.905,848.0,196.96335826744337,263.8089256596556,317.74602933570674,93.33000000000004,187.0,600.0,2,10,3
2025-09-11,Madhya Pradesh,Ujjain,Ujjain APMC,Onion,992.87,100.0,1150.0,600.0,2025,9,2025-09-11,733.33,1000.0,906.67,600.0,622.33,1000.0,793.2385714285714,734.8571428571429,859.1110000000001,198.69267235509275,254.12262786146806,307.1928078624253,-266.66999999999996,133.33000000000004,-266.66999999999996,3,11,3
2025-09-13,Madhya Pradesh,Ujjain,Ujjain APMC,Onion,561.11,100.0,1100.0,200.0,2025,9,2025-09-13,600.0,733.33,1000.0,483.0,500.0,400.0,793.2385714285714,733.2621428571429,845.7776666666667,198.69267235509275,254.95195695778213,309.5386267209408,-133.33000000000004,117.0,200.0,5,13,3
2025-09-15,Madhya Pradesh,Ujjain,Ujjain APMC,Onion,633.02,100.0,1040.0,700.0,2025,9,2025-09-15,200.0,600.0,733.33,1000.0,400.0,535.33,752.8100000000001,711.8335714285714,839.1110000000001,283.1711537803989,286.69673322191744,321.39718766175224,-400.0,-800.0,-335.33000000000004,0,15,3
2025-09-17,Madhya Pradesh,Ujjain,Ujjain APMC,Onion,954.92,100.0,1073.0,687.0,2025,9,2025-09-17,700.0,200.0,600.0,829.67,500.0,1100.0,709.9528571428572,733.2621428571429,844.6,261.3886860414295,272.45416052498086,317.41159592487054,500.0,-129.66999999999996,-400.0,2,17,3
2025-09-18,Madhya Pradesh,Ujjain,Ujjain APMC,Onion,492.01,173.0,1000.0,700.0,2025,9,2025-09-18,687.0,700.0,200.0,906.67,1300.0,1000.0,689.5714285714286,746.6192857142858,830.8333333333334,256.0049127411577,264.6096802539078,314.89880598246543,-13.0,-219.66999999999996,-313.0,3,18,3
2025-09-19,Madhya Pradesh,Ujjain,Ujjain APMC,Onion,726.2,100.0,951.0,180.0,2025,9,2025-09-19,700.0,687.0,700.0,1000.0,600.0,650.0,660.0471428571428,703.7621428571429,820.8333333333334,238.0848144894268,211.30847568203313,314.1038968385817,13.0,-300.0,50.0,4,19,3
2025-09-20,Madhya Pradesh,Ujjain,Ujjain APMC,Onion,552.47,180.0,951.0,600.0,2025,9,2025-09-20,180.0,700.0,687.0,733.33,813.0,1400.0,542.9042857142857,673.7621428571429,805.1666666666666,244.58347067731188,252.8950427831577,334.00890357048075,-520.0,-553.33,-1220.0,5,20,3
2025-09-22,Madhya Pradesh,Ujjain,Ujjain APMC,Onion,444.48,174.0,1150.0,664.33,2025,9,2025-09-22,600.0,180.0,700.0,600.0,600.0,1300.0,523.8571428571429,658.5478571428572,778.5,232.15829985263107,250.26751297144133,316.3493167261314,420.0,0.0,-700.0,0,22,3
2025-09-23,Madhya Pradesh,Ujjain,Ujjain APMC,Onion,639.07,100.0,1001.0,300.0,2025,9,2025-09-23,664.33,600.0,180.0,200.0,483.0,1300.0,533.0471428571428,663.1428571428571,757.3109999999999,236.89961071544812,249.69978125831233,301.13767860940703,64.33000000000004,464.33000000000004,-635.67,1,23,3
2025-09-24,Madhya Pradesh,Ujjain,Ujjain APMC,Onion,485.21,200.0,1180.0,700.0,2025,9,2025-09-24,300.0,664.33,600.0,700.0,1000.0,1200.0,547.3328571428572,650.0714285714286,723.9776666666666,215.51896797528266,264.22294842563304,294.2624801523103,-364.33000000000004,-400.0,-900.0,2,24,3
2025-09-25,Madhya Pradesh,Ujjain,Ujjain APMC,Onion,410.02,210.0,1311.0,1000.0,2025,9,2025-09-25,700.0,300.0,664.33,687.0,829.67,1000.0,547.3328571428572,628.6428571428571,707.3109999999999,215.51896797528266,245.13626507058632,280.1948917099154,400.0,13.0,-300.0,3,25,3
2025-09-26,Madhya Pradesh,Ujjain,Ujjain APMC,Onion,258.56,200.0,1200.0,1025.0,2025,9,2025-09-26,1000.0,700.0,300.0,700.0,906.67,1300.0,592.0471428571428,640.8092857142857,707.3109999999999,273.89037142099596,259.6765973124412,280.1948917099154,300.0,300.0,-300.0,4,26,3
2025-09-27,Madhya Pradesh,Ujjain,Ujjain APMC,Onion,854.97,100.0,1123.0,850.0,2025,9,2025-09-27,1025.0,1000.0,700.0,180.0,1000.0,600.0,638.4757142857143,649.2614285714286,698.1443333333333,319.06130152144726,270.6879555974074,264.1767537566253,25.0,845.0,425.0,5,27,3
2025-09-29,Madhya Pradesh,Ujjain,Ujjain APMC,Onion,868.87,80.0,1247.0,850.0,2025,9,2025-09-29,850.0,1025.0,1000.0,600.0,733.33,600.0,734.1899999999999,638.5471428571428,706.4776666666666,252.06303980020994,258.4282204591438,264.9161129122974,-175.0,250.0,250.0,0,29,3
2025-10-04,Madhya Pradesh,Ujjain,Ujjain APMC,Onion,841.59,138.0,1100.0,1000.0,2025,10,2025-10-04,850.0,850.0,1025.0,664.33,600.0,1100.0,769.9042857142857,646.8807142857142,714.8109999999999,247.5517066430644,263.5501893076069,265.38285245059456,0.0,185.66999999999996,-250.0,5,4,4
2025-10-06,Madhya Pradesh,Ujjain,Ujjain APMC,Onion,1303.92,100.0,1120.0,669.33,2025,10,2025-10-06,1000.0,850.0,850.0,300.0,200.0,1000.0,817.8571428571429,675.4521428571428,711.4776666666666,256.0575642125525,279.28893046391903,260.9691856255799,150.0,700.0,0.0,0,6,4
2025-10-07,Madhya Pradesh,Ujjain,Ujjain APMC,Onion,823.09,150.0,1119.0,800.0,2025,10,2025-10-07,669.33,1000.0,850.0,700.0,700.0,622.33,870.6185714285714,708.9757142857143,700.4553333333333,145.93992513225626,243.73363606498793,255.28409418327433,-330.66999999999996,-30.66999999999996,47.0,1,7,4
2025-10-08,Madhya Pradesh,Ujjain,Ujjain APMC,Onion,1052.47,150.0,1100.0,800.0,2025,10,2025-10-08,800.0,669.33,1000.0,1000.0,687.0,500.0,884.9042857142857,716.1185714285714,706.3776666666668,130.5363836709687,244.91280724302229,255.46998241485022,130.66999999999996,-200.0,300.0,2,8,4
2025-10-09,Madhya Pradesh,Ujjain,Ujjain APMC,Onion,816.77,175.0,1140.0,300.0,2025,10,2025-10-09,800.0,800.0,669.33,1025.0,700.0,400.0,856.3328571428572,724.1899999999999,716.3776666666668,122.80466423199204,245.73998334702077,252.97238813045038,0.0,-225.0,400.0,3,9,4
2025-10-10,Madhya Pradesh,Ujjain,Ujjain APMC,Onion,15.94,401.0,572.0,572.0,2025,10,2025-10-10,300.0,800.0,800.0,850.0,180.0,500.0,752.7614285714286,695.6185714285714,713.0443333333334,222.28145464914823,270.7495636720046,257.8958654811769,-500.0,-550.0,-200.0,4,10,4
2025-10-13,Madhya Pradesh,Ujjain,Ujjain APMC,Onion,1442.68,112.0,1001.0,800.0,2025,10,2025-10-13,572.0,300.0,800.0,850.0,600.0,1300.0,713.0471428571428,723.6185714285714,715.4443333333334,226.8013276499904,230.61994726114804,256.1741636503191,272.0,-278.0,-728.0,0,13,4
2025-10-14,Madhya Pradesh,Ujjain,Ujjain APMC,Onion,1202.76,100.0,984.0,800.0,2025,10,2025-10-14,800.0,572.0,300.0,1000.0,664.33,600.0,705.9042857142857,737.9042857142857,698.7776666666667,222.51615101356916,228.55864582253105,231.95138176189153,228.0,-200.0,200.0,1,14,4
2025-10-15,Madhya Pradesh,Ujjain,Ujjain APMC,Onion,1342.09,100.0,1200.0,433.67,2025,10,2025-10-15,800.0,800.0,572.0,669.33,300.0,813.0,677.3328571428572,747.595,705.4443333333334,188.73617094716676,228.07483126750682,231.88860743872576,0.0,130.66999999999996,-13.0,2,15,4
2025-10-16,Madhya Pradesh,Ujjain,Ujjain APMC,Onion,1083.85,100.0,999.0,700.0,2025,10,2025-10-16,433.67,800.0,800.0,800.0,700.0,600.0,643.6671428571428,757.1428571428571,692.8,210.1990855287704,209.9756454899246,236.1249050966096,-366.33,-366.33,-166.32999999999998,3,16,4
2025-10-24,Madhya Pradesh,Ujjain,Ujjain APMC,Onion,15.23,374.0,911.0,911.0,2025,10,2025-10-24,700.0,433.67,800.0,800.0,1000.0,483.0,629.3814285714286,757.1428571428571,696.1333333333333,201.00032773009966,209.9756454899246,235.47463587447427,266.33,-100.0,217.0,4,24,4
2025-10-27,Madhya Pradesh,Ujjain,Ujjain APMC,Onion,229.26,250.0,1150.0,800.0,2025,10,2025-10-27,911.0,700.0,433.67,300.0,1025.0,1000.0,645.2385714285714,750.7857142857143,710.4,220.16848491009685,203.2985063592979,235.08153782798988,211.0,611.0,-89.0,0,27,4
2025-10-28,Madhya Pradesh,Ujjain,Ujjain APMC,Onion,902.05,100.0,1226.0,800.0,2025,10,2025-10-28,800.0,911.0,700.0,572.0,850.0,829.67,716.6671428571428,734.7142857142857,703.7333333333333,163.24425122230693,188.29317871197557,229.35165140518444,-111.0,228.0,-29.66999999999996,1,28,4
2025-10-29,Madhya Pradesh,Ujjain,Ujjain APMC,Onion,1242.74,100.0,1072.0,600.0,2025,10,2025-10-29,800.0,800.0,911.0,800.0,850.0,906.67,749.2385714285714,731.1428571428571,702.7443333333333,151.92191551673727,186.4030026346631,228.85329614498275,0.0,0.0,-106.66999999999996,2,29,4
2025-10-30,Madhya Pradesh,Ujjain,Ujjain APMC,Onion,3.94,466.0,713.0,713.0,2025,10,2025-10-30,600.0,800.0,800.0,800.0,1000.0,1000.0,720.6671428571428,713.2857142857143,692.522,159.4065835857008,186.1153850010132,226.2647930831305,-200.0,-200.0,-400.0,3,30,4
2025-10-31,Madhya Pradesh,Ujjain,Ujjain APMC,Onion,993.28,100.0,1180.0,700.0,2025,10,2025-10-31,713.0,600.0,800.0,433.67,669.33,733.33,708.2385714285714,692.7857142857143,682.9553333333333,155.53485701799391,166.9218322225614,218.75887652896782,113.0,279.33,-20.33000000000004,4,31,4
2025-11-03,Madhya Pradesh,Ujjain,Ujjain APMC,Onion,1456.13,100.0,6533.0,841.67,2025,11,2025-11-03,700.0,713.0,600.0,700.0,800.0,600.0,746.2857142857143,694.9764285714285,681.8443333333332,99.74419663265473,166.79152374735804,218.5787808529952,-13.0,0.0,100.0,0,3,4
2025-11-04,Madhya Pradesh,Ujjain,Ujjain APMC,Onion,1371.39,100.0,1400.0,425.67,2025,11,2025-11-04,841.67,700.0,713.0,911.0,800.0,200.0,766.5242857142857,697.9528571428572,689.9,103.10352788287014,169.16477781369474,219.90772011346846,141.66999999999996,-69.33000000000004,641.67,1,4,4
2025-11-06,Madhya Pradesh,Ujjain,Ujjain APMC,Onion,1389.67,100.0,1802.0,750.0,2025,11,2025-11-06,425.67,841.67,700.0,800.0,300.0,700.0,697.1914285714286,671.215,697.4223333333333,144.59202449515593,180.9659848084766,205.99135180509916,-415.99999999999994,-374.33,-274.33,3,6,4
2025-11-07,Madhya Pradesh,Ujjain,Ujjain APMC,Onion,1198.66,100.0,1071.0,650.0,2025,11,2025-11-07,750.0,425.67,841.67,800.0,572.0,687.0,690.0485714285714,703.3578571428571,699.0889999999999,139.82317481116786,146.67471960766613,206.2150791226786,324.33,-50.0,63.0,4,7,4
2025-11-08,Madhya Pradesh,Ujjain,Ujjain APMC,Onion,1104.54,111.0,954.99,500.0,2025,11,2025-11-08,650.0,750.0,425.67,600.0,800.0,700.0,668.62,708.9292857142857,697.8556666666666,131.40484960604994,142.72964133229164,206.4004360073141,-100.0,50.0,-50.0,5,8,4
2025-11-10,Madhya Pradesh,Ujjain,Ujjain APMC,Onion,1045.82,116.22,951.0,450.0,2025,11,2025-11-10,500.0,650.0,750.0,713.0,800.0,180.0,654.3342857142858,687.5007142857143,691.189,144.85558070676223,150.32317920783984,209.5349524681942,-150.0,-213.0,320.0,0,10,4
2025-11-11,Madhya Pradesh,Ujjain,Ujjain APMC,Onion,563.17,143.63,904.7,800.0,2025,11,2025-11-11,450.0,500.0,650.0,700.0,433.67,600.0,616.7628571428571,662.5007142857143,700.189,160.37891805699164,159.02642661205246,191.87549239470508,-50.0,-250.0,-150.0,1,11,4
2025-11-12,Madhya Pradesh,Ujjain,Ujjain APMC,Onion,934.86,134.3,875.99,514.77,2025,11,2025-11-12,800.0,450.0,500.0,841.67,700.0,664.33,631.0485714285714,688.6671428571428,706.8556666666666,172.98710996566814,148.25115557620387,191.74884790700722,350.0,-41.66999999999996,135.66999999999996,2,12,4
2025-11-13,Madhya Pradesh,Ujjain,Ujjain APMC,Onion,597.06,100.0,1000.0,600.0,2025,11,2025-11-13,514.77,800.0,450.0,425.67,911.0,300.0,584.3485714285714,675.4364285714286,701.8703333333334,149.13100017861464,155.26164619306635,194.81236455274106,-285.23,89.09999999999997,214.76999999999998,3,13,4
2025-11-14,Madhya Pradesh,Ujjain,Ujjain APMC,Onion,1271.64,100.0,850.01,450.0,2025,11,2025-11-14,600.0,514.77,800.0,750.0,800.0,700.0,609.2528571428571,653.2221428571429,711.8703333333334,131.7604172622841,140.51338283808738,180.6579606935174,85.23000000000002,-150.0,-100.0,4,14,4
2025-11-17,Madhya Pradesh,Ujjain,Ujjain APMC,Onion,1568.32,100.0,916.74,350.0,2025,11,2025-11-17,450.0,600.0,514.77,650.0,800.0,1000.0,566.3957142857142,628.2221428571429,703.537,127.05603538816877,143.49420782623895,186.88309986409683,-150.0,-200.0,-550.0,0,17,4
2025-11-18,Madhya Pradesh,Ujjain,Ujjain APMC,Onion,1013.23,100.0,1231.18,300.0,2025,11,2025-11-18,350.0,450.0,600.0,500.0,600.0,1025.0,523.5385714285713,596.0792857142858,681.8703333333334,143.66610739584226,152.19251035170032,188.99445933278585,-100.0,-150.0,-675.0,1,18,4
2025-11-19,Madhya Pradesh,Ujjain,Ujjain APMC,Onion,655.38,100.0,911.0,200.0,2025,11,2025-11-19,300.0,350.0,450.0,450.0,713.0,850.0,494.9671428571428,574.6507142857143,657.7036666666667,167.10318436163135,171.49395205594803,189.95593083263265,-50.0,-150.0,-550.0,2,19,4
2025-11-20,Madhya Pradesh,Ujjain,Ujjain APMC,Onion,883.64,100.0,999.1,305.5,2025,11,2025-11-20,200.0,300.0,350.0,800.0,700.0,850.0,459.25285714285707,538.0078571428572,636.037,201.49269852064248,193.1036249980104,203.8293613100307,-100.0,-600.0,-650.0,3,20,4
2025-11-21,Madhya Pradesh,Ujjain,Ujjain APMC,Onion,756.57,100.0,832.39,300.0,2025,11,2025-11-21,305.5,200.0,300.0,514.77,841.67,1000.0,388.60999999999996,509.82928571428573,617.8870000000001,139.16074530312298,196.4020861343425,208.31323525002153,105.5,-209.26999999999998,-694.5,4,21,4
2025-11-24,Madhya Pradesh,Ujjain,Ujjain APMC,Onion,1094.23,100.0,800.0,250.0,2025,11,2025-11-24,300.0,305.5,200.0,600.0,425.67,669.33,357.92857142857144,471.1385714285715,594.5536666666667,130.08984990231266,178.5435958336127,203.17702338331816,-5.5,-300.0,-369.33000000000004,0,24,4
2025-11-25,Madhya Pradesh,Ujjain,Ujjain APMC,Onion,557.24,100.0,804.45,300.0,2025,11,2025-11-25,250.0,300.0,305.5,450.0,750.0,800.0,307.92857142857144,458.59071428571434,580.5759999999999,78.62380289034188,187.91204933179662,212.08412907175241,-50.0,-200.0,-550.0,1,25,4
2025-11-26,Madhya Pradesh,Ujjain,Ujjain APMC,Onion,857.92,100.0,1973.54,300.0,2025,11,2025-11-26,300.0,250.0,300.0,350.0,650.0,800.0,286.5,426.4478571428572,563.9093333333333,47.879188241380156,172.0486413412564,213.8847033096822,50.0,-50.0,-500.0,2,26,4
2025-11-27,Madhya Pradesh,Ujjain,Ujjain APMC,Onion,824.78,100.0,779.13,300.0,2025,11,2025-11-27,300.0,300.0,250.0,300.0,500.0,300.0,279.35714285714283,401.4478571428572,547.2426666666667,39.89017661609191,162.21378458826865,214.3337168341455,0.0,0.0,0.0,3,27,4
2025-12-01,Madhya Pradesh,Ujjain,Ujjain APMC,Onion,455.24,100.0,651.0,400.0,2025,12,2025-12-01,300.0,300.0,300.0,200.0,450.0,572.0,279.35714285714283,387.1621428571429,547.2426666666667,39.89017661609191,161.6727594284778,214.3337168341455,0.0,100.0,-272.0,0,1,4
2025-12-04,Madhya Pradesh,Ujjain,Ujjain APMC,Onion,600.8,100.0,817.0,400.0,2025,12,2025-12-04,400.0,300.0,300.0,305.5,800.0,800.0,307.92857142857144,383.59071428571434,541.5093333333333,44.88914918187539,160.72736057660424,215.943053395729,100.0,94.5,-400.0,3,4,4
2025-12-05,Madhya Pradesh,Ujjain,Ujjain APMC,Onion,477.03,100.0,825.0,562.5,2025,12,2025-12-05,400.0,400.0,300.0,300.0,514.77,800.0,321.42857142857144,355.01928571428573,528.176,56.69467095126955,107.87339363024776,211.74030941629817,0.0,100.0,-400.0,4,5,4
2025-12-06,Madhya Pradesh,Ujjain,Ujjain APMC,Onion,623.73,100.0,927.4,525.0,2025,12,2025-12-06,562.5,400.0,400.0,250.0,600.0,433.67,358.92857142857144,358.42857142857144,520.2593333333333,105.74987335346036,113.89669022392934,205.57693768968971,162.5,312.5,128.82999999999998,5,6,4
2025-12-08,Madhya Pradesh,Ujjain,Ujjain APMC,Onion,571.7,137.82,1324.99,750.0,2025,12,2025-12-08,525.0,562.5,400.0,300.0,450.0,700.0,398.2142857142857,353.07142857142856,523.3036666666667,109.55130348483065,102.89256105709877,204.9256521443012,-37.5,225.0,-175.0,0,8,4
2025-12-09,Madhya Pradesh,Ujjain,Ujjain APMC,Onion,511.93,182.57,1301.0,700.0,2025,12,2025-12-09,750.0,525.0,562.5,300.0,350.0,911.0,462.5,374.5,524.9703333333333,161.8577049962539,146.59153087094288,206.6086976418222,225.0,450.0,-161.0,1,9,4
2025-12-10,Madhya Pradesh,Ujjain,Ujjain APMC,Onion,223.14,300.0,1298.7,1230.0,2025,12,2025-12-10,700.0,750.0,525.0,300.0,300.0,800.0,519.6428571428571,399.5,517.937,165.49438920135873,170.05836102307885,196.35119061567312,-50.0,400.0,-100.0,2,10,4
2025-12-11,Madhya Pradesh,Ujjain,Ujjain APMC,Onion,348.45,249.9,1430.0,1150.0,2025,12,2025-12-11,1230.0,700.0,750.0,400.0,200.0,800.0,652.5,465.92857142857144,532.2703333333334,287.8476159359124,276.5181074292846,230.39477052675812,530.0,830.0,430.0,3,11,4
2025-12-13,Madhya Pradesh,Ujjain,Ujjain APMC,Onion,1240.65,160.0,1700.0,750.0,2025,12,2025-12-13,1150.0,1230.0,700.0,400.0,305.5,600.0,759.6428571428571,533.7857142857143,543.937,316.3674965244247,319.46841148081535,252.24496793651994,-80.0,750.0,550.0,5,13,4
2025-12-25,Madhya Pradesh,Ujjain,Ujjain APMC,Onion,197.65,100.0,1872.0,850.0,2025,12,2025-12-25,750.0,1150.0,1230.0,562.5,300.0,713.0,809.6428571428571,565.5357142857143,548.937,275.0091989803228,317.1146640646641,254.86758506773967,-400.0,187.5,37.0,3,25,4
2025-12-26,Madhya Pradesh,Ujjain,Ujjain APMC,Onion,454.08,186.95,1771.99,300.0,2025,12,2025-12-26,850.0,750.0,1150.0,525.0,250.0,700.0,850.7142857142857,604.8214285714286,553.5036666666667,252.4946958424293,315.7537750028984,259.1008138434796,100.0,325.0,150.0,4,26,4
2025-12-27,Madhya Pradesh,Ujjain,Ujjain APMC,Onion,123.27,211.0,1300.0,325.0,2025,12,2025-12-27,300.0,850.0,750.0,750.0,300.0,841.67,818.5714285714286,608.3928571428571,540.1703333333334,308.8920292177754,311.6883415412851,261.58227559750145,-550.0,-450.0,-541.67,5,27,4
2025-12-29,Madhya Pradesh,Ujjain,Ujjain APMC,Onion,433.78,175.0,4765.0,265.0,2025,12,2025-12-29,325.0,300.0,850.0,700.0,300.0,425.67,757.8571428571429,610.1785714285714,522.948,361.84546820035195,309.85180124742425,258.03175965169686,25.0,-375.0,-100.67000000000002,0,29,4
2025-12-30,Madhya Pradesh,Ujjain,Ujjain APMC,Onion,326.31,100.0,1315.85,225.0,2025,12,2025-12-30,265.0,325.0,300.0,1230.0,300.0,750.0,695.7142857142857,607.6785714285714,517.5923333333334,407.86464841729077,312.6752805131317,261.760943000594,-60.0,-965.0,-485.0,1,30,4
2025-12-31,Madhya Pradesh,Ujjain,Ujjain APMC,Onion,339.59,200.0,1285.91,275.0,2025,12,2025-12-31,225.0,265.0,325.0,1150.0,400.0,650.0,552.1428571428571,602.3214285714286,500.09233333333333,362.8458940888417,318.93220928731654,263.2328454728485,-40.0,-925.0,-425.0,2,31,4
2026-01-01,Madhya Pradesh,Ujjain,Ujjain APMC,Onion,196.15,200.0,1689.42,200.0,2026,1,2026-01-01,275.0,225.0,265.0,750.0,400.0,500.0,427.14285714285717,593.3928571428571,487.59233333333333,258.1804463105802,326.68734633094806,264.76802775625947,50.0,-475.0,-225.0,3,1,1
2026-01-02,Madhya Pradesh,Ujjain,Ujjain APMC,Onion,336.88,175.65,1591.28,295.0,2026,1,2026-01-02,200.0,275.0,225.0,850.0,562.5,450.0,348.57142857142856,579.1071428571429,477.59233333333333,225.12430428751918,339.9004480144872,269.89886657248445,-75.0,-650.0,-250.0,4,2,1
2026-01-03,Madhya Pradesh,Ujjain,Ujjain APMC,Onion,204.33,200.0,1667.89,200.0,2026,1,2026-01-03,295.0,200.0,275.0,300.0,525.0,800.0,269.2857142857143,560.0,472.4256666666667,43.82052139380455,348.32014451784534,271.92128279923344,95.0,-5.0,-505.0,5,3,1
2026-01-05,Madhya Pradesh,Ujjain,Ujjain APMC,Onion,163.62,100.0,1698.0,150.0,2026,1,2026-01-05,200.0,295.0,200.0,325.0,750.0,514.77,255.0,536.7857142857143,452.4256666666667,48.21825380482709,361.41605655266,269.0471780918369,-95.0,-125.0,-314.77,0,5,1
2026-01-06,Madhya Pradesh,Ujjain,Ujjain APMC,Onion,132.12,150.0,1351.0,200.0,2026,1,2026-01-06,150.0,200.0,295.0,265.0,700.0,600.0,230.0,493.92857142857144,440.26666666666665,51.15336417727847,369.66813896661773,274.3232655517458,-50.0,-115.0,-450.0,1,6,1
2026-01-07,Madhya Pradesh,Ujjain,Ujjain APMC,Onion,219.33,125.25,1400.45,175.0,2026,1,2026-01-07,200.0,150.0,200.0,225.0,1230.0,450.0,220.71428571428572,458.2142857142857,426.93333333333334,49.6175852081833,372.37081984567095,276.00751905464045,50.0,-25.0,-250.0,2,7,1
2026-01-08,Madhya Pradesh,Ujjain,Ujjain APMC,Onion,62.1,200.0,1419.03,300.0,2026,1,2026-01-08,175.0,200.0,150.0,275.0,1150.0,350.0,213.57142857142858,382.85714285714283,417.76666666666665,52.41773600228823,304.78690087512734,279.7561664086481,-25.0,-100.0,-175.0,3,8,1
2026-01-09,Madhya Pradesh,Ujjain,Ujjain APMC,Onion,62.25,120.0,1351.0,300.0,2026,1,2026-01-09,300.0,175.0,200.0,200.0,750.0,300.0,217.14285714285714,322.14285714285717,416.1,57.86889945208977,210.19875471449942,280.3221791758833,125.0,100.0,0.0,4,9,1
2026-01-10,Madhya Pradesh,Ujjain,Ujjain APMC,Onion,149.3,200.0,1601.0,250.0,2026,1,2026-01-10,300.0,300.0,175.0,295.0,850.0,200.0,231.42857142857142,290.0,416.1,64.85331434043287,170.37289419662073,280.3221791758833,0.0,5.0,100.0,5,10,1
2026-01-12,Madhya Pradesh,Ujjain,Ujjain APMC,Onion,198.95,200.0,1496.61,250.0,2026,1,2026-01-12,250.0,300.0,300.0,200.0,300.0,305.5,225.0,247.14285714285714,417.76666666666665,59.51190357107773,55.21685520663939,279.1391858149914,-50.0,50.0,-55.5,0,12,1
2026-01-15,Madhya Pradesh,Ujjain,Ujjain APMC,Onion,35.34,200.0,1475.0,225.0,2026,1,2026-01-15,250.0,250.0,300.0,150.0,325.0,300.0,232.14285714285714,243.57142857142858,415.9166666666667,59.00968443509486,53.11194894643769,280.0911823001286,0.0,100.0,-50.0,3,15,1
2026-01-16,Madhya Pradesh,Ujjain,Ujjain APMC,Onion,30.25,224.88,1726.5,250.0,2026,1,2026-01-16,225.0,250.0,250.0,200.0,265.0,250.0,242.85714285714286,236.42857142857142,413.4166666666667,47.2455591260123,47.77465418427927,281.49269860477926,-25.0,25.0,-25.0,4,16,1
2026-01-17,Madhya Pradesh,Ujjain,Ujjain APMC,Onion,44.05,212.78,1528.64,250.0,2026,1,2026-01-17,250.0,225.0,250.0,175.0,225.0,300.0,250.0,235.35714285714286,413.4166666666667,43.30127018906835,47.24992005352852,281.49269860477926,25.0,75.0,-50.0,5,17,1
2026-01-19,Madhya Pradesh,Ujjain,Ujjain APMC,Onion,148.17,150.0,1650.0,200.0,2026,1,2026-01-19,250.0,250.0,225.0,300.0,275.0,300.0,260.7142857142857,237.14285714285714,411.75,28.347335475458294,47.30076783068671,282.33413653888437,0.0,-50.0,-50.0,0,19,1
2026-01-24,Madhya Pradesh,Ujjain,Ujjain APMC,Onion,45.79,250.0,1525.0,250.0,2026,1,2026-01-24,200.0,250.0,250.0,300.0,200.0,300.0,246.42857142857142,231.78571428571428,408.4166666666667,30.374644814478586,46.92904393704457,284.2825841370926,-50.0,-100.0,-100.0,5,24,1
2026-01-28,Madhya Pradesh,Ujjain,Ujjain APMC,Onion,0.62,814.83,814.83,814.83,2026,1,2026-01-28,250.0,200.0,250.0,250.0,295.0,400.0,239.28571428571428,235.35714285714286,406.75,19.66989481139675,46.22121914133151,285.08555128541525,50.0,0.0,-150.0,2,28,1
2026-01-29,Madhya Pradesh,Ujjain,Ujjain APMC,Onion,68.15,110.0,1312.71,695.78,2026,1,2026-01-29,814.83,250.0,200.0,250.0,200.0,400.0,319.9757142857143,272.48785714285714,420.5776666666667,219.04403087482615,161.8886314333792,294.6468937521676,564.83,564.83,414.83000000000004,3,29,1
2026-02-03,Madhya Pradesh,Ujjain,Ujjain APMC,Onion,78.77,223.44,1250.0,1230.99,2026,2,2026-02-03,695.78,814.83,250.0,225.0,150.0,562.5,383.65857142857146,307.9007142857143,430.437,256.8480229258923,195.54024557088474,298.8531907042704,-119.05000000000007,470.78,133.27999999999997,1,3,1
2026-02-05,Madhya Pradesh,Ujjain,Ujjain APMC,Onion,111.87,100.0,1150.0,1104.5,2026,2,2026-02-05,1230.99,695.78,814.83,250.0,200.0,525.0,527.3714285714285,385.11428571428576,452.72,396.6631130833069,308.9388705457371,332.1109165261619,535.21,980.99,705.99,3,5,1
2026-02-06,Madhya Pradesh,Ujjain,Ujjain APMC,Onion,66.88,172.95,1283.68,1204.34,2026,2,2026-02-06,1104.5,1230.99,695.78,250.0,175.0,750.0,649.4428571428572,449.7214285714286,472.0366666666667,427.3722410543272,357.9399692870251,352.676022427649,-126.49000000000001,854.5,354.5,4,6,1
2026-02-07,Madhya Pradesh,Ujjain,Ujjain APMC,Onion,95.05,203.02,1301.0,1226.3,2026,2,2026-02-07,1204.34,1104.5,1230.99,200.0,300.0,700.0,785.7771428571428,523.2457142857143,487.1813333333333,430.9155321991367,400.3718577045193,374.12678362519364,99.83999999999992,1004.3399999999999,504.3399999999999,5,7,1
2026-02-09,Madhya Pradesh,Ujjain,Ujjain APMC,Onion,78.74,174.8,1171.0,875.48,2026,2,2026-02-09,1226.3,1204.34,1104.5,250.0,300.0,1230.0,932.3914285714285,589.41,504.7246666666667,368.46177108026916,435.62755966360885,396.14200774671025,21.960000000000036,976.3,-3.7000000000000455,0,9,1
2026-02-10,Madhya Pradesh,Ujjain,Ujjain APMC,Onion,93.28,150.0,1163.4,1141.77,2026,2,2026-02-10,875.48,1226.3,1204.34,814.83,250.0,1150.0,1021.7457142857141,630.5157142857142,492.9073333333333,222.21460751991114,433.3634289301249,378.6624347751839,-350.81999999999994,60.64999999999998,-274.52,1,10,1
2026-02-11,Madhya Pradesh,Ujjain,Ujjain APMC,Onion,77.07,100.0,1400.0,1282.54,2026,2,2026-02-11,1141.77,875.48,1226.3,695.78,250.0,750.0,1068.4514285714286,694.2135714285714,492.633,205.18192776397885,438.63732151372466,378.1726332496191,266.28999999999996,445.99,391.77,2,11,1
2026-02-12,Madhya Pradesh,Ujjain,Ujjain APMC,Onion,56.7,150.0,1224.66,1187.33,2026,2,2026-02-12,1282.54,1141.77,875.48,1230.99,225.0,850.0,1152.2742857142857,767.9664285714285,510.3843333333333,135.624336539927,444.96193546116945,402.39300040770075,140.76999999999998,51.549999999999955,432.53999999999996,3,12,1
2026-02-13,Madhya Pradesh,Ujjain,Ujjain APMC,Onion,50.82,397.25,1296.0,1246.99,2026,2,2026-02-13,1187.33,1282.54,1141.77,1104.5,250.0,300.0,1146.037142857143,836.7042857142858,521.6286666666667,132.36577461892017,428.6642376699414,416.6701854624576,-95.21000000000004,82.82999999999993,887.3299999999999,4,13,1
2026-02-14,Madhya Pradesh,Ujjain,Ujjain APMC,Onion,66.33,180.0,1500.0,1378.85,2026,2,2026-02-14,1246.99,1187.33,1282.54,1204.34,250.0,325.0,1166.392857142857,907.9178571428572,553.1949999999999,135.82454929233836,405.9085348313215,434.7787410400036,59.66000000000008,42.65000000000009,921.99,5,14,1
2026-02-16,Madhya Pradesh,Ujjain,Ujjain APMC,Onion,98.15,100.0,1180.0,1169.01,2026,2,2026-02-16,1378.85,1246.99,1187.33,1226.3,200.0,265.0,1191.3228571428572,988.55,588.3233333333334,158.13357578473634,376.19575350321946,457.67618740712965,131.8599999999999,152.54999999999995,1113.85,0,16,1
2026-02-17,Madhya Pradesh,Ujjain,Ujjain APMC,Onion,55.22,353.4,1296.83,1235.1,2026,2,2026-02-17,1169.01,1378.85,1246.99,875.48,250.0,225.0,1183.1385714285714,1057.7649999999999,618.457,157.5028846749897,301.72413104970764,465.35026385507285,-209.83999999999992,293.53,944.01,1,17,1
2026-02-18,Madhya Pradesh,Ujjain,Ujjain APMC,Onion,102.06,201.0,1376.96,1273.74,2026,2,2026-02-18,1235.1,1169.01,1378.85,1141.77,814.83,275.0,1234.5128571428572,1128.1292857142857,652.127,80.01450383399529,194.7650291412254,472.3895705887468,66.08999999999992,93.32999999999993,960.0999999999999,2,18,1
2026-02-19,Madhya Pradesh,Ujjain,Ujjain APMC,Onion,119.13,156.0,1365.93,1198.36,2026,2,2026-02-19,1273.74,1235.1,1169.01,1282.54,695.78,200.0,1253.3657142857141,1160.9085714285713,685.4183333333333,69.35830228047024,175.66088640672268,480.0263587236918,38.6400000000001,-8.799999999999955,1073.74,3,19,1
2026-02-20,Madhya Pradesh,Ujjain,Ujjain APMC,Onion,53.72,309.9,1310.15,1310.15,2026,2,2026-02-20,1198.36,1273.74,1235.1,1187.33,1230.99,295.0,1241.34,1196.8071428571427,718.697,70.7408528833065,113.73174534363653,479.8199357815749,-75.38000000000011,11.029999999999973,903.3599999999999,4,20,1
2026-02-21,Madhya Pradesh,Ujjain,Ujjain APMC,Onion,31.5,120.0,1300.0,1238.83,2026,2,2026-02-21,1310.15,1198.36,1273.74,1246.99,1104.5,200.0,1258.8857142857144,1202.4614285714285,752.5353333333333,70.3424729109598,117.46828408996896,484.68028821518453,111.79000000000019,63.16000000000008,1110.15,5,21,1
2026-02-23,Madhya Pradesh,Ujjain,Ujjain APMC,Onion,104.32,200.0,1400.0,1316.3,2026,2,2026-02-23,1238.83,1310.15,1198.36,1378.85,1204.34,150.0,1257.72,1212.0564285714286,787.163,70.63945120580766,114.29439252734794,480.9383579768149,-71.32000000000016,-140.01999999999998,1088.83,0,23,1
2026-02-24,Madhya Pradesh,Ujjain,Ujjain APMC,Onion,86.45,150.0,1400.98,1329.93,2026,2,2026-02-24,1316.3,1238.83,1310.15,1169.01,1226.3,200.0,1248.7842857142857,1220.0535714285713,826.0396666666667,54.98454778598324,117.5825487187426,474.7564472114491,77.47000000000003,147.28999999999996,1116.3,1,24,1
2026-02-25,Madhya Pradesh,Ujjain,Ujjain APMC,Onion,59.68,160.0,1350.93,1245.36,2026,2,2026-02-25,1329.93,1316.3,1238.83,1235.1,875.48,175.0,1271.7728571428572,1227.4557142857143,863.704,49.432061698867074,121.21190997047269,468.1525902332017,13.63000000000011,94.83000000000015,1154.93,2,25,1
2026-02-26,Madhya Pradesh,Ujjain,Ujjain APMC,Onion,72.41,180.12,1220.23,1185.12,2026,2,2026-02-26,1245.36,1329.93,1316.3,1273.74,1141.77,300.0,1273.2385714285715,1253.8757142857141,899.3826666666666,48.302647763279644,66.59965519832747,454.44159252891575,-84.57000000000016,-28.38000000000011,945.3599999999999,3,26,1
2026-02-27,Madhya Pradesh,Ujjain,Ujjain APMC,Onion,35.64,120.0,1175.0,1175.0,2026,2,2026-02-27,1185.12,1245.36,1329.93,1198.36,1282.54,300.0,1260.5785714285714,1256.972142857143,928.8866666666667,58.65375334062956,61.82301652286673,442.76830290509577,-60.24000000000001,-13.240000000000009,885.1199999999999,4,27,1
2026-02-28,Madhya Pradesh,Ujjain,Ujjain APMC,Onion,54.31,260.0,1160.0,1141.02,2026,2,2026-02-28,1175.0,1185.12,1245.36,1310.15,1187.33,250.0,1257.2414285714283,1249.2907142857143,958.0533333333333,63.26684530049471,65.00104489868394,428.50267901091087,-10.11999999999989,-135.1500000000001,925.0,5,28,1
2026-03-02,Madhya Pradesh,Ujjain,Ujjain APMC,Onion,67.17,220.0,1200.24,1143.72,2026,3,2026-03-02,1141.02,1175.0,1185.12,1238.83,1246.99,250.0,1233.08,1245.9828571428573,987.754,71.45843010677075,69.42455588945602,408.12841209091255,-33.98000000000002,-97.80999999999995,891.02,0,2,1
2026-03-05,Madhya Pradesh,Ujjain,Ujjain APMC,Onion,24.87,251.0,1300.0,1186.99,2026,3,2026-03-05,1143.72,1141.02,1175.0,1316.3,1378.85,225.0,1219.4928571428572,1238.6064285714285,1017.5446666666667,78.84342853910127,74.60249032837616,384.34517244835484,2.7000000000000455,-172.57999999999993,918.72,3,5,1
2026-03-06,Madhya Pradesh,Ujjain,Ujjain APMC,Onion,39.92,180.0,1175.06,1137.53,2026,3,2026-03-06,1186.99,1143.72,1141.02,1329.93,1169.01,250.0,1201.02,1224.902142857143,1049.6109999999999,66.57552728536288,63.68105770516238,354.947898861016,43.26999999999998,-142.94000000000005,936.99,4,6,1
2026-03-07,Madhya Pradesh,Ujjain,Ujjain APMC,Onion,20.65,500.0,1901.89,1616.45,2026,3,2026-03-07,1137.53,1186.99,1143.72,1245.36,1235.1,250.0,1173.5342857142857,1222.6535714285715,1079.1953333333333,38.119867023579765,66.30800921662782,321.4057126794367,-49.460000000000036,-107.82999999999993,887.53,5,7,1
2026-03-09,Madhya Pradesh,Ujjain,Ujjain APMC,Onion,31.89,300.0,1800.0,1500.0,2026,3,2026-03-09,1616.45,1137.53,1186.99,1185.12,1273.74,200.0,1226.547142857143,1249.892857142857,1124.7436666666665,173.23471608524005,124.5579226044057,295.63406364884366,478.9200000000001,431.33000000000015,1416.45,0,9,1
2026-03-10,Madhya Pradesh,Ujjain,Ujjain APMC,Onion,49.92,104.31,1157.7,1090.85,2026,3,2026-03-10,1500.0,1616.45,1137.53,1175.0,1198.36,250.0,1271.53,1266.0542857142857,1168.077,199.56521741022672,141.42652371814006,246.62680318509354,-116.45000000000005,325.0,1250.0,1,10,1
2026-03-11,Madhya Pradesh,Ujjain,Ujjain APMC,Onion,48.42,310.88,1501.05,1400.52,2026,3,2026-03-11,1090.85,1500.0,1616.45,1141.02,1310.15,814.83,1259.5085714285713,1258.375,1196.1053333333332,208.67569507318458,148.14427124885654,176.5033582709071,-409.1500000000001,-50.17000000000007,276.01999999999987,2,11,1
2026-03-12,Madhya Pradesh,Ujjain,Ujjain APMC,Onion,41.21,435.42,1300.0,1227.9,2026,3,2026-03-12,1400.52,1090.85,1500.0,1143.72,1238.83,695.78,1296.58,1264.83,1215.6283333333333,207.16254487718373,152.47916336846515,164.88550669420533,309.6700000000001,256.79999999999995,704.74,3,12,1
2026-03-13,Madhya Pradesh,Ujjain,Ujjain APMC,Onion,32.95,450.03,1217.78,1132.45,2026,3,2026-03-13,1227.9,1400.52,1090.85,1186.99,1316.3,1230.99,1308.6057142857142,1264.0492857142858,1233.3656666666668,199.0964415266196,152.65041260569834,132.4698525932628,-172.6199999999999,40.91000000000008,-3.089999999999918,4,13,1
2026-03-14,Madhya Pradesh,Ujjain,Ujjain APMC,Onion,45.03,470.61,1265.66,1142.83,2026,3,2026-03-14,1132.45,1227.9,1400.52,1137.53,1329.93,1104.5,1300.814285714286,1250.9171428571428,1230.081,205.60960879434262,155.68751258798122,133.7463180891444,-95.45000000000005,-5.079999999999927,27.950000000000045,5,14,1
2026-03-16,Madhya Pradesh,Ujjain,Ujjain APMC,Onion,53.98,400.0,1549.92,1529.96,2026,3,2026-03-16,1142.83,1132.45,1227.9,1616.45,1245.36,1204.34,1301.5714285714287,1237.5528571428572,1231.3586666666667,204.9167030306304,156.41197118404648,132.68415010017173,10.379999999999882,-473.6200000000001,-61.50999999999999,0,16,1
2026-03-18,Madhya Pradesh,Ujjain,Ujjain APMC,Onion,104.92,312.8,1300.0,1262.51,2026,3,2026-03-18,1529.96,1142.83,1132.45,1500.0,1185.12,1226.3,1289.2157142857143,1257.8814285714286,1242.2126666666666,184.3408573681625,174.90582867790067,143.292069153487,387.1300000000001,29.960000000000036,303.6600000000001,2,18,1
2026-03-23,Madhya Pradesh,Ujjain,Ujjain APMC,Onion,58.16,300.0,1139.67,1132.33,2026,3,2026-03-23,1262.51,1529.96,1142.83,1090.85,1175.0,875.48,1255.2885714285715,1263.4092857142857,1243.419666666667,159.22475366896745,173.64774979006057,143.30591328564407,-267.45000000000005,171.66000000000008,387.03,0,23,1
2026-03-24,Madhya Pradesh,Ujjain,Ujjain APMC,Onion,94.87,120.0,1000.0,988.1,2026,3,2026-03-24,1132.33,1262.51,1529.96,1400.52,1141.02,1141.77,1261.2142857142858,1260.3614285714286,1251.9813333333332,152.7242072993967,175.68143336328987,127.35007552444108,-130.18000000000006,-268.19000000000005,-9.440000000000055,1,24,1
2026-03-25,Madhya Pradesh,Ujjain,Ujjain APMC,Onion,46.81,160.0,1154.36,1040.84,2026,3,2026-03-25,988.1,1132.33,1262.51,1227.9,1143.72,1282.54,1202.297142857143,1249.4385714285713,1246.8590000000002,168.7378755855768,187.99450564220487,134.80802205098632,-144.2299999999999,-239.80000000000007,-294.43999999999994,2,25,1
2026-03-26,Madhya Pradesh,Ujjain,Ujjain APMC,Onion,27.73,242.0,1561.68,1177.25,2026,3,2026-03-26,1040.84,988.1,1132.33,1132.45,1186.99,1187.33,1175.5742857142857,1242.09,1238.8023333333333,178.53522013474551,194.3482343629822,139.7345117857855,52.739999999999895,-91.61000000000013,-146.49,3,26,1
2026-03-28,Madhya Pradesh,Ujjain,Ujjain APMC,Onion,42.52,571.34,1608.0,956.65,2026,3,2026-03-28,1177.25,1040.84,988.1,1142.83,1137.53,1246.99,1181.9742857142858,1241.3942857142858,1238.4663333333333,177.53184360905155,194.57794758893093,139.87459672942302,136.41000000000008,34.42000000000007,-69.74000000000001,5,28,1
2026-04-01,Madhya Pradesh,Ujjain,Ujjain APMC,Onion,32.09,468.77,1148.12,1109.48,2026,4,2026-04-01,956.65,1177.25,1040.84,1529.96,1616.45,1378.85,1155.3771428571429,1228.4742857142858,1228.7883333333334,197.2275485924825,207.5761322323358,149.01053698177853,-220.60000000000002,-573.3100000000001,-422.19999999999993,2,1,2
2026-04-02,Madhya Pradesh,Ujjain,Ujjain APMC,Onion,22.33,439.86,1239.59,1239.59,2026,4,2026-04-02,1109.48,956.65,1177.25,1262.51,1500.0,1169.01,1095.3085714285714,1192.2621428571426,1219.8093333333334,107.95742485323835,176.5955992647582,147.76698399219518,152.83000000000004,-153.02999999999997,-59.52999999999997,3,2,2
2026-04-03,Madhya Pradesh,Ujjain,Ujjain APMC,Onion,112.87,212.6,988.93,831.96,2026,4,2026-04-03,1239.59,1109.48,956.65,1132.33,1090.85,1235.1,1092.0342857142857,1173.6614285714284,1222.162,102.23714244455535,153.9509410298125,147.4919070228266,130.1099999999999,107.25999999999999,4.490000000000009,4,3,2
2026-04-04,Madhya Pradesh,Ujjain,Ujjain APMC,Onion,116.16,100.0,1250.0,1228.53,2026,4,2026-04-04,831.96,1239.59,1109.48,988.1,1400.52,1273.74,1049.1242857142856,1155.1692857142857,1208.724,138.94879906603998,178.28807757994264,163.74231544165846,-407.6299999999999,-156.14,-441.78,5,4,2
2026-04-06,Madhya Pradesh,Ujjain,Ujjain APMC,Onion,87.13,100.0,1151.01,1076.01,2026,4,2026-04-06,1228.53,831.96,1239.59,1040.84,1227.9,1198.36,1083.4714285714285,1142.8842857142859,1207.2169999999999,150.57942305510804,165.55227530043695,163.33083582734048,396.56999999999994,187.69000000000005,30.170000000000073,0,6,2
2026-04-07,Madhya Pradesh,Ujjain,Ujjain APMC,Onion,103.14,100.0,1142.02,1026.51,2026,4,2026-04-07,1076.01,1228.53,831.96,1177.25,1132.45,1310.15,1088.4957142857143,1132.035,1203.1386666666667,149.50279037048642,164.5260855048441,165.0778021738943,-152.51999999999998,-101.24000000000001,-234.1400000000001,1,7,2
2026-04-08,Madhya Pradesh,Ujjain,Ujjain APMC,Onion,36.72,200.0,1135.26,1135.26,2026,4,2026-04-08,1026.51,1076.01,1228.53,956.65,1142.83,1238.83,1066.9614285714285,1124.4678571428572,1193.6840000000002,145.3876045184359,166.9243303544889,166.85057129676716,-49.5,69.86000000000001,-212.31999999999994,2,8,2
2026-04-09,Madhya Pradesh,Ujjain,Ujjain APMC,Onion,75.9,192.76,1511.01,1352.64,2026,4,2026-04-09,1135.26,1026.51,1076.01,1109.48,1529.96,1316.3,1092.4771428571428,1123.9271428571428,1190.2316666666666,138.30163601273748,166.87252750938802,166.95569569410097,108.75,25.779999999999973,-181.03999999999996,3,9,2
2026-04-11,Madhya Pradesh,Ujjain,Ujjain APMC,Onion,91.25,242.0,1249.0,1175.0,2026,4,2026-04-11,1352.64,1135.26,1026.51,1239.59,1262.51,1329.93,1127.2142857142858,1111.2614285714285,1191.4429999999998,170.15335561945818,137.8976016892868,168.03028746172924,217.3800000000001,113.05000000000018,22.710000000000036,5,11,2
2026-04-13,Madhya Pradesh,Ujjain,Ujjain APMC,Onion,113.79,118.46,1300.0,1275.0,2026,4,2026-04-13,1175.0,1352.64,1135.26,831.96,1132.33,1245.36,1117.9871428571428,1105.0107142857144,1186.2786666666664,164.70791255168402,132.38760292093707,165.99571666122483,-177.6400000000001,343.03999999999996,-70.3599999999999,0,13,2
2026-04-14,Madhya Pradesh,Ujjain,Ujjain APMC,Onion,75.65,182.74,1175.06,1135.37,2026,4,2026-04-14,1275.0,1175.0,1352.64,1228.53,988.1,1185.12,1181.2785714285715,1115.2014285714286,1187.2666666666667,113.70506811165619,139.92863867303205,166.44708668029128,100.0,46.47000000000003,89.88000000000011,1,14,2
2026-04-15,Madhya Pradesh,Ujjain,Ujjain APMC,Onion,48.96,332.9,1200.0,700.0,2026,4,2026-04-15,1135.37,1275.0,1175.0,1076.01,1040.84,1175.0,1167.9699999999998,1125.7207142857144,1185.6083333333333,112.70028689696072,135.090606031363,166.71682589062823,-139.6300000000001,59.3599999999999,-39.63000000000011,2,15,2
2026-04-16,Madhya Pradesh,Ujjain,Ujjain APMC,Onion,64.66,148.0,1275.0,1175.02,2026,4,2026-04-16,700.0,1135.37,1275.0,1026.51,1177.25,1141.02,1114.2542857142857,1101.375,1169.775,210.77229481574437,176.06347883867932,188.84609536920635,-435.3699999999999,-326.51,-441.02,3,16,2
2026-04-18,Madhya Pradesh,Ujjain,Ujjain APMC,Onion,138.98,111.6,1200.0,1185.51,2026,4,2026-04-18,1175.02,700.0,1135.37,1135.26,956.65,1143.72,1135.47,1101.2157142857143,1170.9083333333333,207.92323431174566,175.990547548391,188.76958322856822,475.02,39.75999999999999,31.299999999999955,5,18,2
2026-04-21,Madhya Pradesh,Ujjain,Ujjain APMC,Onion,121.27,137.55,1071.0,992.13,2026,4,2026-04-21,1185.51,1175.02,700.0,1352.64,1109.48,1186.99,1142.6485714285714,1117.5628571428572,1172.3013333333333,208.78045186497428,172.11575275105935,188.71621650129387,10.490000000000009,-167.1300000000001,-1.4800000000000182,1,21,2
2026-04-23,Madhya Pradesh,Ujjain,Ujjain APMC,Onion,76.26,200.0,1350.0,1235.46,2026,4,2026-04-23,992.13,1185.51,1175.02,1175.0,1239.59,1137.53,1091.1471428571429,1109.1807142857142,1165.806,192.1493875186692,175.3664833104951,191.5257048130261,-193.38,-182.87,-145.39999999999998,3,23,2
2026-04-24,Madhya Pradesh,Ujjain,Ujjain APMC,Onion,122.7,121.2,1200.0,1155.51,2026,4,2026-04-24,1235.46,992.13,1185.51,1275.0,831.96,1616.45,1099.7842857142857,1108.8857142857144,1169.0703333333333,197.82189808485558,175.13355408043316,191.86141225808447,243.33000000000004,-39.539999999999964,-380.99,4,24,2
2026-04-25,Madhya Pradesh,Ujjain,Ujjain APMC,Onion,66.46,188.37,1150.0,1123.9,2026,4,2026-04-25,1155.51,1235.46,992.13,1135.37,1228.53,1500.0,1082.7142857142858,1131.9964285714286,1153.7056666666665,184.9171591872828,156.09203501128715,172.2534590950739,-79.95000000000005,20.1400000000001,-344.49,5,25,2
2026-04-27,Madhya Pradesh,Ujjain,Ujjain APMC,Onion,41.09,110.84,1180.0,1180.0,2026,4,2026-04-27,1123.9,1155.51,1235.46,700.0,1076.01,1090.85,1081.0757142857142,1124.5228571428572,1141.169,184.4229644826304,153.59944563347207,159.38674966232102,-31.6099999999999,423.9000000000001,33.05000000000018,0,27,2
2026-04-28,Madhya Pradesh,Ujjain,Ujjain APMC,Onion,93.9,100.0,1351.0,1051.0,2026,4,2026-04-28,1180.0,1123.9,1155.51,1175.02,1026.51,1400.52,1149.6471428571429,1131.9507142857142,1144.1406666666667,77.16217504148857,153.5873741037159,159.2472447427248,56.09999999999991,4.980000000000018,-220.51999999999998,1,28,2
2026-04-29,Madhya Pradesh,Ujjain,Ujjain APMC,Onion,51.63,284.64,1401.03,1381.02,2026,4,2026-04-29,1051.0,1180.0,1123.9,1185.51,1135.26,1227.9,1131.93,1133.7,1132.49,84.2755444953658,152.42917477663443,152.48556110273492,-129.0,-134.51,-176.9000000000001,2,29,2
2026-04-30,Madhya Pradesh,Ujjain,Ujjain APMC,Onion,110.12,195.25,1550.0,1410.0,2026,4,2026-04-30,1381.02,1051.0,1180.0,992.13,1352.64,1132.45,1159.86,1151.2542857142857,1137.594,126.70742006682366,166.1558815697736,158.24316865133838,330.02,388.89,248.56999999999994,3,30,2
2026-05-02,Madhya Pradesh,Ujjain,Ujjain APMC,Onion,285.91,159.07,1500.0,1087.5,2026,5,2026-05-02,1410.0,1381.02,1051.0,1235.46,1175.0,1142.83,1219.5557142857142,1155.3514285714286,1146.8456666666666,132.803263245156,172.10444668003737,165.86210312478522,28.980000000000018,174.53999999999996,267.1700000000001,5,2,2
2026-05-04,Madhya Pradesh,Ujjain,Ujjain APMC,Onion,439.12,100.0,1600.0,1210.5,2026,5,2026-05-04,1087.5,1410.0,1381.02,1155.51,1275.0,1529.96,1198.4185714285716,1149.1014285714286,1145.0013333333334,141.3497754305835,172.9228601632584,166.21554514071528,-322.5,-68.00999999999999,-442.46000000000004,0,4,2
2026-05-05,Madhya Pradesh,Ujjain,Ujjain APMC,Onion,137.14,160.0,1340.0,1300.0,2026,5,2026-05-05,1210.5,1087.5,1410.0,1123.9,1135.37,1262.51,1206.2742857142857,1144.4942857142858,1134.3526666666667,140.0900804074369,170.1475097453275,150.16033880906335,123.0,86.59999999999991,-52.00999999999999,1,5,2
2026-05-06,Madhya Pradesh,Ujjain,Ujjain APMC,Onion,409.96,100.0,1400.0,1100.0,2026,5,2026-05-06,1300.0,1210.5,1087.5,1180.0,700.0,1132.33,1231.4314285714286,1156.2535714285716,1135.6023333333333,138.6363333122906,175.08571951641372,151.4144324347206,89.5,120.0,167.67000000000007,2,6,2
2026-05-07,Madhya Pradesh,Ujjain,Ujjain APMC,Onion,234.58,125.0,1460.04,1225.01,2026,5,2026-05-07,1100.0,1300.0,1210.5,1051.0,1175.02,988.1,1220.0028571428572,1184.825,1134.5246666666667,146.64863923837464,118.34879699434582,151.55351361088407,-200.0,49.0,111.89999999999998,3,7,2
2026-05-08,Madhya Pradesh,Ujjain,Ujjain APMC,Onion,339.06,100.0,1347.44,762.5,2026,5,2026-05-08,1225.01,1100.0,1300.0,1381.02,1185.51,1040.84,1244.8614285714284,1188.3957142857143,1142.4216666666666,126.60463793878134,118.78354164127305,149.8231246154231,125.00999999999999,-156.01,184.17000000000007,4,8,2
2026-05-09,Madhya Pradesh,Ujjain,Ujjain APMC,Onion,96.26,150.0,1441.95,892.0,2026,5,2026-05-09,762.5,1225.01,1100.0,1410.0,992.13,1177.25,1156.5014285714285,1158.1807142857142,1133.1436666666666,206.41922152327822,164.55568893538103,164.25393405211798,-462.51,-647.5,-414.75,5,9,2
2026-05-11,Madhya Pradesh,Ujjain,Ujjain APMC,Onion,204.85,200.0,1400.0,855.0,2026,5,2026-05-11,892.0,762.5,1225.01,1087.5,1235.46,956.65,1082.5014285714285,1151.0285714285715,1123.6353333333332,192.79559559528985,174.22016592000963,169.7761140287435,129.5,-195.5,-64.64999999999998,0,11,2
2026-05-12,Madhya Pradesh,Ujjain,Ujjain APMC,Onion,277.26,150.0,1311.06,1000.0,2026,5,2026-05-12,855.0,892.0,762.5,1210.5,1155.51,1109.48,1049.287142857143,1123.8528571428571,1120.2469999999998,210.9622568702742,189.07663027009605,174.18087652165013,-37.0,-355.5,-254.48000000000002,1,12,2
2026-05-23,Madhya Pradesh,Ujjain,Ujjain APMC,Onion,38.21,200.0,1450.96,1450.96,2026,5,2026-05-23,1000.0,855.0,892.0,1300.0,1123.9,1239.59,1019.2157142857143,1112.7450000000001,1116.5976666666668,198.8047804469534,191.62455482413353,175.55569293515453,145.0,-300.0,-239.58999999999992,5,23,2
2026-05-27,Madhya Pradesh,Ujjain,Ujjain APMC,Onion,64.57,230.14,1250.99,900.0,2026,5,2026-05-27,1450.96,1000.0,855.0,1100.0,1180.0,831.96,1040.7814285714287,1136.1064285714285,1123.6433333333334,238.55390630688845,211.94773911755195,184.6670864449868,450.96000000000004,350.96000000000004,619.0,2,27,2
2026-05-29,Madhya Pradesh,Ujjain,Ujjain APMC,Onion,65.85,280.0,1430.0,911.0,2026,5,2026-05-29,900.0,1450.96,1000.0,1225.01,1051.0,1228.53,1012.21,1116.1064285714285,1125.9113333333332,242.227882719262,220.52447509753168,181.34924493785056,-550.96,-325.01,-328.53,4,29,2
2026-05-30,Madhya Pradesh,Ujjain,Ujjain APMC,Onion,25.24,251.15,1292.62,1292.62,2026,5,2026-05-30,911.0,900.0,1450.96,762.5,1381.02,1076.01,967.3514285714285,1106.1064285714285,1115.327,224.6922588362627,226.7891893912366,184.39410171111848,11.0,148.5,-165.01,5,30,2
2026-06-02,Madhya Pradesh,Ujjain,Ujjain APMC,Onion,53.77,300.0,1554.0,600.0,2026,6,2026-06-02,1292.62,911.0,900.0,892.0,1410.0,1026.51,1043.0828571428572,1099.7921428571428,1122.5473333333332,233.31254357720715,219.6649601334916,187.02363326469867,381.6199999999999,400.6199999999999,266.1099999999999,1,2,2
2026-06-03,Madhya Pradesh,Ujjain,Ujjain APMC,Onion,249.85,200.3,1821.15,782.5,2026,6,2026-06-03,600.0,1292.62,911.0,855.0,1087.5,1135.26,1001.3685714285714,1041.935,1108.3303333333336,285.16786725414124,237.61378115791763,209.44312009480203,-692.6199999999999,-255.0,-535.26,2,3,2
2026-06-05,Madhya Pradesh,Ujjain,Ujjain APMC,Onion,66.4,285.0,1560.62,600.0,2026,6,2026-06-05,782.5,600.0,1292.62,1000.0,1210.5,1352.64,991.0114285714286,1020.1492857142857,1096.5716666666667,292.58989361836956,246.91476637355174,217.62181749272915,182.5,-217.5,-570.1400000000001,4,5,2
2026-06-06,Madhya Pradesh,Ujjain,Ujjain APMC,Onion,90.84,223.08,1502.89,551.0,2026,6,2026-06-06,600.0,782.5,600.0,1450.96,1300.0,1175.0,933.8685714285714,976.5421428571428,1071.4836666666665,327.51719422692184,264.02791100065843,230.10856541898522,-182.5,-850.96,-575.0,5,6,2
2026-06-08,Madhya Pradesh,Ujjain,Ujjain APMC,Onion,152.44,300.0,1594.52,800.0,2026,6,2026-06-08,551.0,600.0,782.5,900.0,1100.0,1275.0,805.3028571428571,923.0421428571428,1050.6836666666666,260.48220423629436,269.2766980172327,247.94027510090876,-49.0,-349.0,-724.0,0,8,2
2026-06-10,Madhya Pradesh,Ujjain,Ujjain APMC,Onion,143.04,294.69,1744.82,400.0,2026,6,2026-06-10,800.0,551.0,600.0,911.0,1225.01,1135.37,791.0171428571429,901.6135714285714,1034.8503333333333,257.1438871989737,266.02861840288847,248.2879773011304,249.0,-111.0,-335.3699999999999,2,10,2
2026-06-11,Madhya Pradesh,Ujjain,Ujjain APMC,Onion,67.38,200.0,1415.22,350.0,2026,6,2026-06-11,400.0,800.0,551.0,1292.62,762.5,700.0,718.0171428571429,842.6842857142858,1010.338,288.077938627376,279.8955314100348,273.0836538675334,-400.0,-892.6199999999999,-300.0,3,11,2
2026-06-12,Madhya Pradesh,Ujjain,Ujjain APMC,Onion,205.01,300.0,1850.98,455.5,2026,6,2026-06-12,350.0,400.0,800.0,600.0,892.0,1175.02,583.3571428571429,813.2200000000001,998.6713333333333,171.40029032588512,309.1668554232759,293.51138407965607,-50.0,-250.0,-825.02,4,12,2
2026-06-13,Madhya Pradesh,Ujjain,Ujjain APMC,Onion,164.84,300.0,1700.0,400.0,2026,6,2026-06-13,455.5,350.0,400.0,782.5,855.0,1185.51,562.7142857142857,782.0414285714287,974.6873333333333,177.64943407891715,322.3402099038968,307.66071339227716,105.5,-327.0,-730.01,5,13,2
2026-06-15,Madhya Pradesh,Ujjain,Ujjain APMC,Onion,2.64,784.24,784.24,784.24,2026,6,2026-06-15,400.0,455.5,350.0,600.0,1000.0,992.13,508.07142857142856,749.5414285714287,948.5036666666667,156.325096239451,337.0216772269823,322.1827562701073,-55.5,-200.0,-592.13,0,15,2
2026-06-16,Madhya Pradesh,Ujjain,Ujjain APMC,Onion,264.26,200.0,1972.73,300.0,2026,6,2026-06-16,784.24,400.0,455.5,551.0,1450.96,1235.46,534.3914285714285,734.1300000000001,941.5740000000001,186.90203988794158,329.537702640453,323.44528991723223,384.24,233.24,-451.22,1,16,2
2026-06-18,Madhya Pradesh,Ujjain,Ujjain APMC,Onion,144.53,199.69,2201.09,500.0,2026,6,2026-06-18,300.0,784.24,400.0,800.0,900.0,1155.51,498.53428571428566,651.9185714285715,910.392,206.25937933071705,276.2019619452888,338.8605406500471,-484.24,-500.0,-855.51,3,18,2
2026-06-20,Madhya Pradesh,Ujjain,Ujjain APMC,Onion,222.58,300.0,2001.0,600.0,2026,6,2026-06-20,500.0,300.0,784.24,400.0,911.0,1123.9,455.6771428571428,623.3471428571429,888.5416666666666,158.91350789175823,269.16453287988884,343.6108043951956,200.0,100.0,-623.9000000000001,5,20,2
2026-06-22,Madhya Pradesh,Ujjain,Ujjain APMC,Onion,336.82,200.0,2100.0,600.0,2026,6,2026-06-22,600.0,500.0,300.0,350.0,1292.62,1180.0,484.2485714285714,601.1328571428572,871.0783333333334,165.09384961572675,256.1154149215716,344.54852368421973,100.0,250.0,-580.0,0,22,2
2026-06-24,Madhya Pradesh,Ujjain,Ujjain APMC,Onion,72.74,350.0,2126.0,500.0,2026,6,2026-06-24,600.0,600.0,500.0,455.5,600.0,1051.0,519.9628571428572,551.66,851.7450000000001,158.10493242505373,161.7969523341668,342.88504172629325,0.0,144.5,-451.0,2,24,2
2026-06-25,Madhya Pradesh,Ujjain,Ujjain APMC,Onion,172.01,300.0,2480.0,600.0,2026,6,2026-06-25,500.0,600.0,600.0,400.0,782.5,1381.02,526.3199999999999,544.5171428571429,833.3783333333334,155.96109600363368,161.70605180764898,346.58115236258175,-100.0,100.0,-881.02,3,25,2
2026-06-29,Madhya Pradesh,Ujjain,Ujjain APMC,Onion,252.64,300.0,2414.98,700.0,2026,6,2026-06-29,600.0,500.0,600.0,784.24,600.0,1410.0,554.8914285714285,531.4814285714285,807.3443333333333,147.0265821122396,147.80405500098618,333.0971348822563,100.0,-184.24,-810.0,0,29,2
2026-06-30,Madhya Pradesh,Ujjain,Ujjain APMC,Onion,255.25,351.0,2550.0,600.0,2026,6,2026-06-30,700.0,600.0,500.0,300.0,551.0,1087.5,542.8571428571429,538.6242857142857,783.6776666666667,127.24180205602333,153.6699588636378,313.4448726065233,100.0,400.0,-387.5,1,30,2
2026-07-02,Madhya Pradesh,Ujjain,Ujjain APMC,Onion,148.57,500.0,2676.02,800.0,2026,7,2026-07-02,600.0,700.0,600.0,500.0,800.0,1210.5,585.7142857142857,542.1242857142857,767.4276666666667,69.00655593414984,154.5291238029452,309.76579343757305,-100.0,100.0,-610.5,3,2,3
2026-07-03,Madhya Pradesh,Ujjain,Ujjain APMC,Onion,183.16,466.17,2200.0,1000.0,2026,7,2026-07-03,800.0,600.0,700.0,600.0,400.0,1300.0,628.5714285714286,542.1242857142857,753.7443333333334,95.11897312107291,154.5291238029452,298.3761461261817,200.0,200.0,-500.0,4,3,3
2026-07-04,Madhya Pradesh,Ujjain,Ujjain APMC,Onion,511.63,400.0,2388.7,700.0,2026,7,2026-07-04,1000.0,800.0,600.0,600.0,350.0,1100.0,685.7142857142857,584.9814285714285,743.7443333333334,167.61634196947102,190.9826457624536,284.12406303902196,200.0,400.0,-100.0,5,4,3
2026-07-06,Madhya Pradesh,Ujjain,Ujjain APMC,Onion,464.84,341.32,2361.7,850.0,2026,7,2026-07-06,700.0,1000.0,800.0,500.0,455.5,1225.01,700.0,609.9814285714285,730.4110000000001,163.29931618551038,180.47582893169007,276.1015646504013,-300.0,200.0,-525.01,0,6,3
2026-07-07,Madhya Pradesh,Ujjain,Ujjain APMC,Onion,130.28,400.0,11831.0,500.0,2026,7,2026-07-07,850.0,700.0,1000.0,600.0,400.0,762.5,750.0,638.16,717.9106666666667,144.3375672973677,185.23535532275602,261.01365760185524,150.0,250.0,87.5,1,7,3
2026-07-08,Madhya Pradesh,Ujjain,Ujjain APMC,Onion,185.92,500.0,2610.98,718.74,2026,7,2026-07-08,500.0,850.0,700.0,700.0,784.24,892.0,735.7142857142857,645.3028571428571,709.1606666666667,165.11179473887842,177.0943888886189,263.85182160645263,-350.0,-200.0,-392.0,2,8,3
2026-07-09,Madhya Pradesh,Ujjain,Ujjain APMC,Onion,222.12,549.15,2611.89,600.0,2026,7,2026-07-09,718.74,500.0,850.0,600.0,300.0,855.0,738.3914285714285,640.6242857142857,703.3853333333333,164.58729957363403,173.97933815055714,261.598312550332,218.74,118.74000000000001,-136.26,3,9,3
2026-07-10,Madhya Pradesh,Ujjain,Ujjain APMC,Onion,204.34,600.0,2423.53,1100.0,2026,7,2026-07-10,600.0,718.74,500.0,800.0,500.0,1000.0,738.3914285714285,662.0528571428571,694.8853333333333,164.58729957363403,144.83183577085686,260.6431472965085,-118.74000000000001,-200.0,-400.0,4,10,3
2026-07-11,Madhya Pradesh,Ujjain,Ujjain APMC,Onion,277.94,473.41,2211.0,1400.0,2026,7,2026-07-11,1100.0,600.0,718.74,1000.0,600.0,1450.96,781.2485714285714,704.91,698.2186666666665,214.72535756389212,178.1342782631037,265.2780101071752,500.0,100.0,-350.96000000000004,5,11,3
2026-07-13,Madhya Pradesh,Ujjain,Ujjain APMC,Onion,326.57,400.0,2500.0,950.0,2026,7,2026-07-13,1400.0,1100.0,600.0,700.0,600.0,900.0,838.3914285714285,762.0528571428571,696.52,313.2586458199383,254.03564081955616,260.4102345570441,300.0,700.0,500.0,0,13,3
2026-07-15,Madhya Pradesh,Ujjain,Ujjain APMC,Onion,306.34,400.0,2500.0,1300.0,2026,7,2026-07-15,950.0,1400.0,1100.0,850.0,500.0,911.0,874.1057142857143,787.0528571428571,698.1866666666666,309.0743139794928,254.0830252686697,261.9131130123153,-450.0,100.0,39.0,2,15,3
2026-07-16,Madhya Pradesh,Ujjain,Ujjain APMC,Onion,367.43,471.95,2439.96,1522.88,2026,7,2026-07-16,1300.0,950.0,1400.0,500.0,600.0,1292.62,938.3914285714285,844.1957142857143,711.1533333333333,347.61997331512566,273.756985347192,281.69448015023704,350.0,800.0,7.380000000000109,3,16,3
2026-07-17,Madhya Pradesh,Ujjain,Ujjain APMC,Onion,341.1,400.0,2475.02,1800.0,2026,7,2026-07-17,1522.88,1300.0,950.0,718.74,700.0,600.0,1084.517142857143,910.1157142857144,718.8286666666667,347.61296723578437,317.9746112921324,300.587413354439,222.8800000000001,804.1400000000001,922.8800000000001,4,17,3
2026-07-18,Madhya Pradesh,Ujjain,Ujjain APMC,Onion,337.74,400.0,2344.21,1175.0,2026,7,2026-07-18,1800.0,1522.88,1300.0,600.0,600.0,782.5,1238.9828571428573,988.6871428571429,758.8286666666667,394.9923738383656,389.8440468942807,358.49504392025904,277.1199999999999,1200.0,1017.5,5,18,3
2026-07-20,Madhya Pradesh,Ujjain,Ujjain APMC,Onion,248.75,300.0,2340.2,900.0,2026,7,2026-07-20,1175.0,1800.0,1522.88,1100.0,800.0,600.0,1321.1257142857144,1029.7585714285715,771.912,284.217177457479,375.7799751052721,366.46236280751805,-625.0,75.0,575.0,0,20,3
2026-07-21,Madhya Pradesh,Ujjain,Ujjain APMC,Onion,320.76,300.0,2327.76,1600.0,2026,7,2026-07-21,900.0,1175.0,1800.0,1400.0,1000.0,551.0,1292.554285714286,1036.9014285714286,781.912,318.1751152461424,372.00823667179384,365.7018777015905,-275.0,-500.0,349.0,1,21,3
2026-07-22,Madhya Pradesh,Ujjain,Ujjain APMC,Onion,220.16,400.0,2300.0,1100.0,2026,7,2026-07-22,1600.0,900.0,1175.0,950.0,700.0,800.0,1321.1257142857144,1079.7585714285715,816.8786666666667,337.8057685937726,400.8717103409236,392.0619949194468,700.0,650.0,800.0,2,22,3
2026-07-23,Madhya Pradesh,Ujjain,Ujjain APMC,Onion,287.52,479.98,2412.21,1550.5,2026,7,2026-07-23,1100.0,1600.0,900.0,1300.0,850.0,400.0,1342.554285714286,1108.3300000000002,826.8786666666667,314.27812092990115,385.69021421144527,395.42811491738036,-500.0,-200.0,700.0,3,23,3
2026-07-24,Madhya Pradesh,Ujjain,Ujjain APMC,Onion,324.56,450.0,2374.51,1887.26,2026,7,2026-07-24,1550.5,1100.0,1600.0,1522.88,500.0,350.0,1378.3400000000001,1158.3657142857144,865.2286666666666,322.7720184072007,394.92649165509016,408.18433931278724,450.5,27.61999999999989,1200.5,4,24,3
2026-07-25,Madhya Pradesh,Ujjain,Ujjain APMC,Onion,316.42,500.0,2485.21,2156.49,2026,7,2026-07-25,1887.26,1550.5,1100.0,1800.0,718.74,455.5,1430.3942857142858,1257.4557142857143,916.4706666666667,375.10684463927066,391.04868988036736,436.7645298448144,336.76,87.25999999999999,1431.76,5,25,3
2026-07-27,Madhya Pradesh,Ujjain,Ujjain APMC,Onion,351.67,400.0,2500.0,1962.34,2026,7,2026-07-27,2156.49,1887.26,1550.5,1175.0,600.0,400.0,1481.3214285714287,1360.1521428571427,973.1703333333334,450.3114578610502,425.9238147870532,482.83797549761044,269.2299999999998,981.4899999999998,1756.4899999999998,0,27,3
2026-07-28,Madhya Pradesh,Ujjain,Ujjain APMC,Onion,287.4,450.87,2525.17,1962.58,2026,7,2026-07-28,1962.34,2156.49,1887.26,900.0,1100.0,784.24,1593.7985714285712,1457.4621428571427,1025.2483333333334,459.28762761579475,393.26775744892905,502.73087551945963,-194.14999999999986,1062.34,1178.1,1,28,3
2026-07-30,Madhya Pradesh,Ujjain,Ujjain APMC,Onion,378.23,400.0,2453.86,1900.0,2026,7,2026-07-30,1962.58,1962.34,2156.49,1600.0,1400.0,300.0,1745.595714285714,1519.075,1064.5263333333332,355.672467674823,400.4605738156726,528.6167525394842,0.2400000000000091,362.5799999999999,1662.58,3,30,3
2026-07-31,Madhya Pradesh,Ujjain,Ujjain APMC,Onion,418.13,400.0,2400.0,1600.0,2026,7,2026-07-31,1900.0,1962.58,1962.34,1100.0,950.0,500.0,1788.4528571428568,1554.7892857142856,1117.8596666666667,353.271107919215,411.17660275519717,529.5351527159856,-62.57999999999993,800.0,1400.0,4,31,3
2026-08-01,Madhya Pradesh,Ujjain,Ujjain APMC,Onion,444.7,250.0,2422.01,1656.0,2026,8,2026-08-01,1600.0,1900.0,1962.58,1550.5,1300.0,600.0,1859.8814285714284,1601.2178571428572,1154.5263333333335,213.94536346369557,372.51287428818887,523.324658937067,-300.0,49.5,1000.0,5,1,3
2026-08-03,Madhya Pradesh,Ujjain,Ujjain APMC,Onion,473.28,349.3,2421.0,1433.5,2026,8,2026-08-03,1656.0,1600.0,1900.0,1887.26,1522.88,600.0,1874.9528571428568,1626.6464285714285,1189.7263333333333,191.0045567269797,362.38231553064105,520.2452155539446,56.0,-231.26,1056.0,0,3,3
2026-08-04,Madhya Pradesh,Ujjain,Ujjain APMC,Onion,326.93,424.81,2356.03,2050.0,2026,8,2026-08-04,1433.5,1656.0,1600.0,2156.49,1800.0,500.0,1810.1299999999997,1620.262142857143,1217.5096666666666,253.05189974916252,365.12797520825325,509.8170222431175,-222.5,-722.9899999999998,933.5,1,4,3
2026-08-05,Madhya Pradesh,Ujjain,Ujjain APMC,Onion,281.65,300.0,2458.99,2129.5,2026,8,2026-08-05,2050.0,1433.5,1656.0,1962.34,1175.0,600.0,1794.9171428571426,1638.1192857142858,1269.1763333333333,230.99925466792385,380.3889042801577,513.1251507252111,616.5,87.66000000000008,1450.0,2,5,3
2026-08-06,Madhya Pradesh,Ujjain,Ujjain APMC,Onion,382.38,250.0,2411.05,1400.0,2026,8,2026-08-06,2129.5,2050.0,1433.5,1962.58,900.0,700.0,1818.7971428571432,1706.2978571428573,1320.1596666666667,258.22710558176584,376.51677127175816,520.2786397656799,79.5,166.92000000000007,1429.5,3,6,3
2026-08-07,Madhya Pradesh,Ujjain,Ujjain APMC,Onion,155.51,300.0,2449.95,2125.0,2026,8,2026-08-07,1400.0,2129.5,2050.0,1900.0,1600.0,600.0,1738.4285714285713,1742.012142857143,1343.493,291.43072769976106,312.4085623316688,507.03496309527213,-729.5,-500.0,800.0,4,7,3
2026-08-08,Madhya Pradesh,Ujjain,Ujjain APMC,Onion,364.6,200.0,2649.88,1500.0,2026,8,2026-08-08,2125.0,1400.0,2129.5,1600.0,1100.0,800.0,1770.5714285714287,1779.512142857143,1394.3263333333334,322.9270336277414,325.29432561862893,506.3697598455912,725.0,525.0,1325.0,5,8,3
2026-08-10,Madhya Pradesh,Ujjain,Ujjain APMC,Onion,303.22,367.71,2451.04,1550.0,2026,8,2026-08-10,1500.0,2125.0,1400.0,1656.0,1550.5,1000.0,1756.2857142857142,1808.0835714285715,1417.6596666666667,333.76062494233514,274.6431099447392,494.0162456108717,-625.0,-156.0,500.0,0,10,3
2026-08-11,Madhya Pradesh,Ujjain,Ujjain APMC,Onion,309.31,300.0,2434.68,2300.0,2026,8,2026-08-11,1550.0,1500.0,2125.0,1433.5,1887.26,700.0,1741.142857142857,1808.0478571428573,1435.993,341.3864762852645,274.679212570118,488.15276404257276,50.0,116.5,850.0,1,11,3
2026-08-13,Madhya Pradesh,Ujjain,Ujjain APMC,Onion,447.98,247.93,2929.0,1675.0,2026,8,2026-08-13,2300.0,1550.0,1500.0,2050.0,2156.49,850.0,1864.9285714285713,1837.5292857142856,1489.3263333333334,367.35205962983184,304.37917775909847,492.3549874694905,750.0,250.0,1450.0,3,13,3
2026-08-14,Madhya Pradesh,Ujjain,Ujjain APMC,Onion,594.79,200.0,3124.4,2300.0,2026,8,2026-08-14,1675.0,2300.0,1550.0,2129.5,1962.34,500.0,1811.357142857143,1803.137142857143,1516.8263333333334,363.1843785973406,292.5389189999829,478.2525168705114,-625.0,-454.5,1175.0,4,14,3
2026-08-18,Madhya Pradesh,Ujjain,Ujjain APMC,Onion,532.23,200.0,3825.03,2600.0,2026,8,2026-08-18,2300.0,1675.0,2300.0,1400.0,1962.58,718.74,1835.7142857142858,1827.2557142857145,1576.8263333333334,392.60273147534065,319.3636125102742,458.8014305247966,625.0,900.0,1581.26,1,18,3
2026-08-19,Madhya Pradesh,Ujjain,Ujjain APMC,Onion,789.28,400.0,3878.01,3300.0,2026,8,2026-08-19,2600.0,2300.0,1675.0,2125.0,1900.0,600.0,2007.142857142857,1872.7857142857142,1639.535,430.77311451676104,379.84914588081114,465.9830068438464,300.0,475.0,2000.0,2,19,3
2026-08-20,Madhya Pradesh,Ujjain,Ujjain APMC,Onion,942.49,137.38,3672.2,2257.35,2026,8,2026-08-20,3300.0,2600.0,2300.0,1500.0,1600.0,1100.0,2175.0,1972.7857142857142,1729.535,654.9491074376149,538.6528678916692,516.3057005886494,700.0,1800.0,2200.0,3,20,3
2026-08-21,Madhya Pradesh,Ujjain,Ujjain APMC,Onion,952.38,200.0,3700.99,3000.0,2026,8,2026-08-21,2257.35,3300.0,2600.0,1550.0,1656.0,1400.0,2283.192857142857,2019.7392857142856,1768.1133333333335,583.5190174197166,532.2703600826701,510.85464027641507,-1042.65,707.3499999999999,857.3499999999999,4,21,3
2026-08-22,Madhya Pradesh,Ujjain,Ujjain APMC,Onion,0.95,3008.83,3008.83,3008.83,2026,8,2026-08-22,3000.0,2257.35,3300.0,2300.0,1433.5,950.0,2490.335714285714,2115.7392857142854,1821.4466666666667,535.233630229424,580.6252181182306,552.8891340281779,742.6500000000001,700.0,2050.0,5,22,3
2026-08-24,Madhya Pradesh,Ujjain,Ujjain APMC,Onion,728.37,309.0,4351.0,2776.5,2026,8,2026-08-24,3008.83,3000.0,2257.35,1675.0,2050.0,1300.0,2591.597142857143,2228.2628571428572,1890.0743333333335,559.714471158113,590.7968669573331,568.5454104854026,8.829999999999927,1333.83,1708.83,0,24,3
2026-08-25,Madhya Pradesh,Ujjain,Ujjain APMC,Onion,556.91,100.0,4100.0,2867.0,2026,8,2026-08-25,2776.5,3008.83,3000.0,2300.0,2129.5,1522.88,2748.9542857142856,2280.155714285714,1939.2910000000002,387.38258151587286,605.6540236003588,579.5053468876465,-232.32999999999993,476.5,1253.62,1,25,3
2026-08-27,Madhya Pradesh,Ujjain,Ujjain APMC,Onion,691.65,200.0,4010.95,3050.0,2026,8,2026-08-27,2867.0,2776.5,3008.83,2600.0,1400.0,1800.0,2829.9542857142856,2332.8342857142857,1984.095,333.37652056181474,623.3567306213963,597.8695187006708,90.5,267.0,1067.0,3,27,3
2026-08-29,Madhya Pradesh,Ujjain,Ujjain APMC,Onion,188.45,140.0,3651.01,2050.0,2026,8,2026-08-29,3050.0,2867.0,2776.5,3300.0,2125.0,1175.0,2894.2400000000002,2450.691428571429,2025.7616666666665,324.9235802974768,588.4228953065012,627.4241277668684,183.0,-250.0,1875.0,5,29,3
2026-08-31,Madhya Pradesh,Ujjain,Ujjain APMC,Onion,261.77,300.0,3711.0,3203.99,2026,8,2026-08-31,2050.0,3050.0,2867.0,2257.35,1500.0,900.0,2715.6685714285713,2445.3342857142857,2054.9283333333333,399.6535400580725,591.9470140621959,606.5004561790495,-1000.0,-207.3499999999999,1150.0,0,31,3
2026-09-01,Madhya Pradesh,Ujjain,Ujjain APMC,Onion,349.11,210.0,4100.0,2650.0,2026,9,2026-09-01,3203.99,2050.0,3050.0,3000.0,1550.0,1600.0,2850.902857142857,2567.047857142857,2131.728,378.31235616062935,556.7570488957109,601.0616725393952,1153.9899999999998,203.98999999999978,1603.9899999999998,1,1,3
2026-09-02,Madhya Pradesh,Ujjain,Ujjain APMC,Onion,476.32,300.0,4149.96,3394.58,2026,9,2026-09-02,2650.0,3203.99,2050.0,3008.83,2300.0,1100.0,2800.902857142857,2645.6192857142855,2166.728,378.4515453227005,473.59391013276445,599.6004443098295,-553.9899999999998,-358.8299999999999,1550.0,2,2,3
2026-09-03,Madhya Pradesh,Ujjain,Ujjain APMC,Onion,634.67,300.0,4352.6,2350.0,2026,9,2026-09-03,3394.58,2650.0,3203.99,2776.5,1675.0,1550.5,2856.0099999999998,2723.8035714285716,2243.214,437.286082139977,501.6661468563071,605.1591057166022,744.5799999999999,618.0799999999999,1844.08,3,3,3
2026-09-05,Madhya Pradesh,Ujjain,Ujjain APMC,Onion,564.41,285.01,5151.0,3950.0,2026,9,2026-09-05,2350.0,3394.58,2650.0,2867.0,2300.0,1887.26,2795.0814285714287,2772.0178571428573,2269.864,478.0259668828493,418.68765055328487,591.0409473742891,-1044.58,-517.0,462.74,5,5,3
2026-09-08,Madhya Pradesh,Ujjain,Ujjain APMC,Onion,969.62,300.0,4381.0,3450.0,2026,9,2026-09-08,3950.0,2350.0,3394.58,3050.0,2600.0,2156.49,2949.7957142857144,2889.875,2338.6220000000003,649.6360525159985,499.9437136895486,660.8561302943177,1600.0,900.0,1793.5100000000002,1,8,3
2026-09-09,Madhya Pradesh,Ujjain,Ujjain APMC,Onion,903.58,148.39,4200.0,3200.0,2026,9,2026-09-09,3450.0,3950.0,2350.0,2050.0,3300.0,1962.34,3006.9385714285713,2950.589285714286,2381.739,676.9377482562807,513.4628798127565,690.1127005979139,-500.0,1400.0,1487.66,2,9,3
2026-09-10,Madhya Pradesh,Ujjain,Ujjain APMC,Onion,476.48,100.0,4001.0,3214.5,2026,9,2026-09-10,3200.0,3450.0,3950.0,3203.99,2257.35,1962.58,3171.2242857142855,2943.4464285714284,2422.9943333333335,529.4778881708878,508.90359127181006,701.0830565518021,-250.0,-3.9899999999997817,1237.42,3,10,3
2026-09-11,Madhya Pradesh,Ujjain,Ujjain APMC,Onion,806.45,149.45,3899.02,2962.87,2026,9,2026-09-11,3214.5,3200.0,3450.0,2650.0,3000.0,1900.0,3172.7257142857147,3011.8142857142857,2464.725,529.6011738046249,472.6423824987245,709.9359494943733,14.5,564.5,1314.5,4,11,3
2026-09-14,Madhya Pradesh,Ujjain,Ujjain APMC,Onion,206.35,120.0,4033.44,3966.72,2026,9,2026-09-14,2962.87,3214.5,3200.0,3394.58,3008.83,1600.0,3217.421428571429,3009.1621428571425,2500.154,489.8431245622939,472.81791699714717,707.2979232144281,-251.6300000000001,-431.71000000000004,1362.87,0,14,3
2026-09-15,Madhya Pradesh,Ujjain,Ujjain APMC,Onion,482.77,300.0,4479.49,3620.58,2026,9,2026-09-15,3966.72,2962.87,3214.5,2350.0,2776.5,1656.0,3299.1557142857137,3077.582857142857,2579.0446666666667,566.1238756625946,537.6312430600459,734.8860268974981,1003.8499999999999,1616.7199999999998,2310.72,1,15,3
2026-09-16,Madhya Pradesh,Ujjain,Ujjain APMC,Onion,469.66,200.0,4150.0,3259.0,2026,9,2026-09-16,3620.58,3966.72,2962.87,3950.0,2867.0,1433.5,3480.6671428571426,3137.8742857142856,2644.5306666666665,386.1713061459586,548.4888202312657,737.3250490650958,-346.1399999999999,-329.4200000000001,2187.08,2,16,3
2026-09-17,Madhya Pradesh,Ujjain,Ujjain APMC,Onion,446.83,252.0,4201.0,3420.5,2026,9,2026-09-17,3259.0,3620.58,3966.72,3450.0,3050.0,2050.0,3381.952857142857,3165.8742857142856,2705.3806666666665,330.5099812267026,543.5808889592813,708.7067926959137,-361.5799999999999,-191.0,1209.0,3,17,3
2026-09-18,Madhya Pradesh,Ujjain,Ujjain APMC,Onion,206.87,149.63,3910.0,3025.5,2026,9,2026-09-18,3420.5,3259.0,3620.58,3200.0,2050.0,2129.5,3377.738571428571,3192.3385714285714,2751.064,329.6847568222581,546.5165746921048,709.1752630203591,161.5,220.5,1291.0,4,18,3
2026-09-19,Madhya Pradesh,Ujjain,Ujjain APMC,Onion,69.82,1377.18,3549.96,3549.96,2026,9,2026-09-19,3025.5,3420.5,3259.0,3214.5,3203.99,1400.0,3352.81,3262.0171428571425,2780.9306666666666,351.2556545215071,441.82932782882835,700.9149152797398,-395.0,-189.0,1625.5,5,19,3
