State,District,Market,Commodity,Variety,Arrival_Date,Min_Price,Max_Price,Modal_Price
Madhya Pradesh,Alirajpur,Alirajpur(F&V),Onion,Onion,2020-01-02,6000,7000,6500.0
Madhya Pradesh,Alirajpur,Alirajpur(F&V),Onion,Onion,2020-01-03,6500,6800,6600.0
Madhya Pradesh,Alirajpur,Alirajpur(F&V),Onion,Onion,2020-01-04,6500,7000,6700.0
Madhya Pradesh,Alirajpur,Alirajpur(F&V),Onion,Onion,2020-01-05,6500,7000,6800.0
Madhya Pradesh,Alirajpur,Alirajpur(F&V),Onion,Onion,2020-01-06,6000,7000,6500.0
Madhya Pradesh,Alirajpur,Alirajpur(F&V),Onion,Onion,2020-01-07,6500,7000,6500.0
Madhya Pradesh,Alirajpur,Alirajpur(F&V),Onion,Onion,2020-01-08,6000,6000,6000.0
Madhya Pradesh,Alirajpur,Alirajpur(F&V),Onion,Onion,2020-01-09,6500,7000,6500.0
Madhya Pradesh,Alirajpur,Alirajpur(F&V),Onion,Onion,2020-01-10,6000,6000,6000.0
Madhya Pradesh,Alirajpur,Alirajpur(F&V),Onion,Onion,2020-01-11,5000,7000,6000.0
Madhya Pradesh,Alirajpur,Alirajpur(F&V),Onion,Onion,2020-09-08,1000,1300,1200.0
Madhya Pradesh,Anupur,Anuppur,Onion,Other,2020-01-27,4000,4000,4000.0
Madhya Pradesh,Anupur,Anuppur,Onion,Other,2020-01-28,3000,3000,3000.0
Madhya Pradesh,Anupur,Anuppur,Onion,Other,2020-01-29,2500,2500,2500.0
Madhya Pradesh,Anupur,Anuppur,Onion,Other,2020-01-30,3000,3000,3000.0
Madhya Pradesh,Anupur,Anuppur,Onion,Other,2020-02-04,3500,3500,3500.0
Madhya Pradesh,Anupur,Anuppur,Onion,Other,2020-02-13,2500,2500,2500.0
Madhya Pradesh,Anupur,Anuppur,Onion,Other,2020-02-14,2500,2500,2500.0
Madhya Pradesh,Anupur,Anuppur,Onion,Other,2020-02-15,2500,2500,2500.0
Madhya Pradesh,Anupur,Anuppur,Onion,Other,2020-02-19,2200,2200,2200.0
Madhya Pradesh,Anupur,Anuppur,Onion,Other,2020-02-22,2200,2200,2200.0
Madhya Pradesh,Anupur,Anuppur,Onion,Other,2020-02-23,2200,2200,2200.0
Madhya Pradesh,Anupur,Anuppur,Onion,Other,2020-02-24,2200,2200,2200.0
Madhya Pradesh,Anupur,Anuppur,Onion,Other,2020-02-25,2200,2200,2200.0
Madhya Pradesh,Anupur,Anuppur,Onion,Other,2020-02-26,2100,2100,2100.0
Madhya Pradesh,Anupur,Anuppur,Onion,Other,2020-02-28,2000,2000,2000.0
Madhya Pradesh,Anupur,Anuppur,Onion,Other,2020-02-29,2000,2000,2000.0
Madhya Pradesh,Anupur,Anuppur,Onion,Other,2020-03-02,2000,2000,2000.0
Madhya Pradesh,Anupur,Anuppur,Onion,Other,2020-03-03,2000,2000,2000.0
Madhya Pradesh,Anupur,Anuppur,Onion,Other,2020-03-04,2000,2000,2000.0
Madhya Pradesh,Anupur,Anuppur,Onion,Other,2020-03-06,2000,2000,2000.0
Madhya Pradesh,Anupur,Anuppur,Onion,Other,2020-03-07,2000,2000,2000.0
Madhya Pradesh,Anupur,Anuppur,Onion,Other,2020-03-08,2000,2000,2000.0
Madhya Pradesh,Anupur,Anuppur,Onion,Other,2020-03-09,2000,2000,2000.0
Madhya Pradesh,Anupur,Anuppur,Onion,Other,2020-03-13,2000,2000,2000.0
Madhya Pradesh,Anupur,Anuppur,Onion,Other,2020-03-15,2000,2000,2000.0
Madhya Pradesh,Anupur,Anuppur,Onion,Other,2020-03-16,2000,2000,2000.0
Madhya Pradesh,Anupur,Anuppur,Onion,Other,2020-03-18,2000,2000,2000.0
Madhya Pradesh,Anupur,Anuppur,Onion,Other,2020-03-19,2000,2000,2000.0
Madhya Pradesh,Anupur,Anuppur,Onion,Other,2020-07-06,1000,1000,1000.0
Madhya Pradesh,Anupur,Anuppur,Onion,Other,2020-07-09,1000,1000,1000.0
Madhya Pradesh,Anupur,Anuppur,Onion,Other,2020-07-13,800,800,800.0
Madhya Pradesh,Anupur,Anuppur,Onion,Other,2020-07-18,800,800,800.0
Madhya Pradesh,Anupur,Anuppur,Onion,Other,2020-07-20,800,800,800.0
Madhya Pradesh,Anupur,Anuppur,Onion,Other,2020-07-21,1000,1000,1000.0
Madhya Pradesh,Anupur,Anuppur,Onion,Other,2020-07-22,900,900,900.0
Madhya Pradesh,Anupur,Anuppur,Onion,Other,2020-07-23,800,800,800.0
Madhya Pradesh,Anupur,Anuppur,Onion,Other,2020-07-24,900,900,900.0
Madhya Pradesh,Anupur,Anuppur,Onion,Other,2020-07-28,1000,1000,1000.0
Madhya Pradesh,Anupur,Anuppur,Onion,Other,2020-07-29,1000,1000,1000.0
Madhya Pradesh,Anupur,Anuppur,Onion,Other,2020-07-30,1000,1000,1000.0
Madhya Pradesh,Anupur,Anuppur,Onion,Other,2020-08-05,1200,1200,1200.0
Madhya Pradesh,Anupur,Anuppur,Onion,Other,2020-08-06,1000,1000,1000.0
Madhya Pradesh,Anupur,Anuppur,Onion,Other,2020-08-07,1200,1200,1200.0
Madhya Pradesh,Anupur,Anuppur,Onion,Other,2020-08-08,1000,1000,1000.0
Madhya Pradesh,Anupur,Anuppur,Onion,Other,2020-08-10,1100,1100,1100.0
Madhya Pradesh,Anupur,Anuppur,Onion,Other,2020-08-14,1200,1200,1200.0
Madhya Pradesh,Anupur,Anuppur,Onion,Other,2020-08-15,1000,1000,1000.0
Madhya Pradesh,Anupur,Anuppur,Onion,Other,2020-08-17,1200,1200,1200.0
Madhya Pradesh,Anupur,Anuppur,Onion,Other,2020-08-18,1200,1200,1200.0
Madhya Pradesh,Anupur,Anuppur,Onion,Other,2020-08-19,1000,1000,1000.0
Madhya Pradesh,Anupur,Anuppur,Onion,Other,2020-08-20,1000,1000,1000.0
Madhya Pradesh,Anupur,Anuppur,Onion,Other,2020-08-21,1200,1200,1200.0
Madhya Pradesh,Anupur,Anuppur,Onion,Other,2020-08-22,1000,1000,1000.0
Madhya Pradesh,Anupur,Anuppur,Onion,Other,2020-08-24,1200,1200,1200.0
Madhya Pradesh,Anupur,Anuppur,Onion,Other,2020-08-25,1200,1200,1200.0
Madhya Pradesh,Anupur,Anuppur,Onion,Other,2020-08-26,1100,1100,1100.0
Madhya Pradesh,Anupur,Anuppur,Onion,Other,2020-08-29,1200,1200,1200.0
Madhya Pradesh,Anupur,Anuppur,Onion,Other,2020-08-31,1100,1100,1100.0
Madhya Pradesh,Anupur,Anuppur,Onion,Other,2020-09-02,1300,1300,1300.0
Madhya Pradesh,Anupur,Anuppur,Onion,Other,2020-09-08,1100,1100,1100.0
Madhya Pradesh,Anupur,Anuppur,Onion,Other,2020-09-09,1200,1200,1200.0
Madhya Pradesh,Anupur,Anuppur,Onion,Other,2020-09-10,1200,1200,1200.0
Madhya Pradesh,Anupur,Anuppur,Onion,Other,2020-09-11,1200,1200,1200.0
Madhya Pradesh,Anupur,Anuppur,Onion,Other,2020-09-15,1200,1200,1200.0
Madhya Pradesh,Sehore,Ashta,Onion,Other,2020-01-01,2230,5160,4000.0
Madhya Pradesh,Sehore,Ashta,Onion,Other,2020-01-03,1100,5500,4500.0
Madhya Pradesh,Sehore,Ashta,Onion,Other,2020-01-08,800,4500,3500.0
Madhya Pradesh,Sehore,Ashta,Onion,Other,2020-01-10,1000,3500,2500.0
Madhya Pradesh,Sehore,Ashta,Onion,Other,2020-01-14,1500,4010,3000.0
Madhya Pradesh,Sehore,Ashta,Onion,Other,2020-01-15,3400,3400,3400.0
Madhya Pradesh,Sehore,Ashta,Onion,Other,2020-01-18,1310,3960,2900.0
Madhya Pradesh,Sehore,Ashta,Onion,Other,2020-01-20,1010,3400,2500.0
Madhya Pradesh,Sehore,Ashta,Onion,Other,2020-01-21,930,3520,2800.0
Madhya Pradesh,Sehore,Ashta,Onion,Other,2020-01-23,810,3500,2500.0
Madhya Pradesh,Sehore,Ashta,Onion,Other,2020-01-28,1170,3510,2600.0
Madhya Pradesh,Sehore,Ashta,Onion,Other,2020-01-29,820,2620,2000.0
Madhya Pradesh,Sehore,Ashta,Onion,Other,2020-02-04,960,2760,2100.0
Madhya Pradesh,Sehore,Ashta,Onion,Other,2020-02-06,700,2620,1800.0
Madhya Pradesh,Sehore,Ashta,Onion,Other,2020-02-07,800,2400,1800.0
Madhya Pradesh,Sehore,Ashta,Onion,Other,2020-02-12,500,1820,1300.0
Madhya Pradesh,Sehore,Ashta,Onion,Other,2020-02-18,600,1920,1100.0
Madhya Pradesh,Sehore,Ashta,Onion,Other,2020-02-19,810,2200,1200.0
Madhya Pradesh,Sehore,Ashta,Onion,Other,2020-02-24,500,2400,1200.0
Madhya Pradesh,Sehore,Ashta,Onion,Other,2020-02-26,1010,2300,1200.0
Madhya Pradesh,Sehore,Ashta,Onion,Other,2020-02-28,200,1710,1200.0
Madhya Pradesh,Sehore,Ashta,Onion,Other,2020-02-29,812,1245,1000.0
Madhya Pradesh,Sehore,Ashta,Onion,Other,2020-03-02,370,1860,1200.0
Madhya Pradesh,Sehore,Ashta,Onion,Other,2020-03-03,200,1690,1200.0
Madhya Pradesh,Sehore,Ashta,Onion,Other,2020-03-05,330,1350,1000.0
Madhya Pradesh,Sehore,Ashta,Onion,Other,2020-03-09,200,1340,1100.0
Madhya Pradesh,Sehore,Ashta,Onion,Other,2020-03-16,303,1550,1100.0
Madhya Pradesh,Sehore,Ashta,Onion,Other,2020-03-17,400,1440,1100.0
Madhya Pradesh,Sehore,Ashta,Onion,Other,2020-03-18,501,1425,1100.0
Madhya Pradesh,Sehore,Ashta,Onion,Other,2020-03-19,500,1400,1100.0
Madhya Pradesh,Sehore,Ashta,Onion,Other,2020-03-20,300,1200,900.0
Madhya Pradesh,Sehore,Ashta,Onion,Other,2020-03-21,300,1100,900.0
Madhya Pradesh,Sehore,Ashta,Onion,Other,2020-04-15,500,700,600.0
Madhya Pradesh,Sehore,Ashta,Onion,Other,2020-04-20,500,800,600.0
Madhya Pradesh,Sehore,Ashta,Onion,Other,2020-04-21,400,800,600.0
Madhya Pradesh,Sehore,Ashta,Onion,Other,2020-04-23,300,800,500.0
Madhya Pradesh,Sehore,Ashta,Onion,Other,2020-04-24,300,650,500.0
Madhya Pradesh,Sehore,Ashta,Onion,Other,2020-04-25,305,700,450.0
Madhya Pradesh,Sehore,Ashta,Onion,Other,2020-04-28,400,700,450.0
Madhya Pradesh,Sehore,Ashta,Onion,Other,2020-04-29,300,700,450.0
Madhya Pradesh,Sehore,Ashta,Onion,Other,2020-04-30,300,700,400.0
Madhya Pradesh,Sehore,Ashta,Onion,Other,2020-05-05,300,600,375.0
Madhya Pradesh,Sehore,Ashta,Onion,Other,2020-05-06,300,600,400.0
Madhya Pradesh,Sehore,Ashta,Onion,Other,2020-05-07,300,550,350.0
Madhya Pradesh,Sehore,Ashta,Onion,Other,2020-05-08,300,600,400.0
Madhya Pradesh,Sehore,Ashta,Onion,Other,2020-05-09,300,600,400.0
Madhya Pradesh,Sehore,Ashta,Onion,Other,2020-05-10,250,500,300.0
Madhya Pradesh,Sehore,Ashta,Onion,Other,2020-05-11,250,550,300.0
Madhya Pradesh,Sehore,Ashta,Onion,Other,2020-05-12,200,550,300.0
Madhya Pradesh,Sehore,Ashta,Onion,Other,2020-05-13,200,550,300.0
Madhya Pradesh,Sehore,Ashta,Onion,Other,2020-05-14,200,550,325.0
Madhya Pradesh,Sehore,Ashta,Onion,Other,2020-05-16,211,600,350.0
Madhya Pradesh,Sehore,Ashta,Onion,Other,2020-05-17,250,450,300.0
Madhya Pradesh,Sehore,Ashta,Onion,Other,2020-05-18,250,550,300.0
Madhya Pradesh,Sehore,Ashta,Onion,Other,2020-05-19,270,550,350.0
Madhya Pradesh,Sehore,Ashta,Onion,Other,2020-05-20,250,500,350.0
Madhya Pradesh,Sehore,Ashta,Onion,Other,2020-05-21,250,500,350.0
Madhya Pradesh,Sehore,Ashta,Onion,Other,2020-05-22,250,500,325.0
Madhya Pradesh,Sehore,Ashta,Onion,Other,2020-05-23,300,600,375.0
Madhya Pradesh,Sehore,Ashta,Onion,Other,2020-05-24,300,600,350.0
Madhya Pradesh,Sehore,Ashta,Onion,Other,2020-05-26,400,500,450.0
Madhya Pradesh,Sehore,Ashta,Onion,Other,2020-05-27,260,500,350.0
Madhya Pradesh,Sehore,Ashta,Onion,Other,2020-05-28,270,550,375.0
Madhya Pradesh,Sehore,Ashta,Onion,Other,2020-05-29,255,550,350.0
Madhya Pradesh,Sehore,Ashta,Onion,Other,2020-05-30,250,550,350.0
Madhya Pradesh,Sehore,Ashta,Onion,Other,2020-06-06,300,575,350.0
Madhya Pradesh,Sehore,Ashta,Onion,Other,2020-06-07,300,625,375.0
Madhya Pradesh,Sehore,Ashta,Onion,Other,2020-06-09,200,916,500.0
Madhya Pradesh,Sehore,Ashta,Onion,Other,2020-06-10,180,1251,550.0
Madhya Pradesh,Sehore,Ashta,Onion,Other,2020-06-11,200,1200,500.0
Madhya Pradesh,Sehore,Ashta,Onion,Other,2020-06-12,200,949,650.0
Madhya Pradesh,Sehore,Ashta,Onion,Other,2020-06-15,200,1200,650.0
Madhya Pradesh,Sehore,Ashta,Onion,Other,2020-06-16,200,900,600.0
Madhya Pradesh,Sehore,Ashta,Onion,Other,2020-06-17,200,891,600.0
Madhya Pradesh,Sehore,Ashta,Onion,Other,2020-06-18,200,1000,600.0
Madhya Pradesh,Sehore,Ashta,Onion,Other,2020-06-19,200,970,600.0
Madhya Pradesh,Sehore,Ashta,Onion,Other,2020-06-20,200,1000,600.0
Madhya Pradesh,Sehore,Ashta,Onion,Other,2020-06-22,200,897,600.0
Madhya Pradesh,Sehore,Ashta,Onion,Other,2020-06-23,200,890,600.0
Madhya Pradesh,Sehore,Ashta,Onion,Other,2020-06-25,200,930,650.0
Madhya Pradesh,Sehore,Ashta,Onion,Other,2020-06-26,200,951,650.0
Madhya Pradesh,Sehore,Ashta,Onion,Other,2020-06-29,200,1000,600.0
Madhya Pradesh,Sehore,Ashta,Onion,Other,2020-06-30,200,1000,650.0
Madhya Pradesh,Sehore,Ashta,Onion,Other,2020-07-03,200,1052,700.0
Madhya Pradesh,Sehore,Ashta,Onion,Other,2020-07-04,200,934,600.0
Madhya Pradesh,Sehore,Ashta,Onion,Other,2020-07-06,200,1000,750.0
Madhya Pradesh,Sehore,Ashta,Onion,Other,2020-07-07,200,951,700.0
Madhya Pradesh,Sehore,Ashta,Onion,Other,2020-07-08,200,1010,750.0
Madhya Pradesh,Sehore,Ashta,Onion,Other,2020-07-09,200,961,700.0
Madhya Pradesh,Sehore,Ashta,Onion,Other,2020-07-10,200,875,700.0
Madhya Pradesh,Sehore,Ashta,Onion,Other,2020-07-13,200,891,750.0
Madhya Pradesh,Sehore,Ashta,Onion,Other,2020-07-14,200,952,700.0
Madhya Pradesh,Sehore,Ashta,Onion,Other,2020-07-15,200,1021,600.0
Madhya Pradesh,Sehore,Ashta,Onion,Other,2020-07-17,200,1000,650.0
Madhya Pradesh,Sehore,Ashta,Onion,Other,2020-07-18,200,966,600.0
Madhya Pradesh,Sehore,Ashta,Onion,Other,2020-07-21,200,920,500.0
Madhya Pradesh,Sehore,Ashta,Onion,Other,2020-07-22,200,936,600.0
Madhya Pradesh,Sehore,Ashta,Onion,Other,2020-07-23,200,887,500.0
Madhya Pradesh,Sehore,Ashta,Onion,Other,2020-07-24,225,902,550.0
Madhya Pradesh,Sehore,Ashta,Onion,Other,2020-07-28,210,916,550.0
Madhya Pradesh,Sehore,Ashta,Onion,Other,2020-07-29,220,904,400.0
Madhya Pradesh,Sehore,Ashta,Onion,Other,2020-07-30,205,910,450.0
Madhya Pradesh,Sehore,Ashta,Onion,Other,2020-07-31,218,914,400.0
Madhya Pradesh,Sehore,Ashta,Onion,Other,2020-08-05,215,891,350.0
Madhya Pradesh,Sehore,Ashta,Onion,Other,2020-08-07,200,863,350.0
Madhya Pradesh,Sehore,Ashta,Onion,Other,2020-08-10,215,891,400.0
Madhya Pradesh,Sehore,Ashta,Onion,Other,2020-08-11,206,876,450.0
Madhya Pradesh,Sehore,Ashta,Onion,Other,2020-08-13,201,865,400.0
Madhya Pradesh,Sehore,Ashta,Onion,Other,2020-08-14,210,915,450.0
Madhya Pradesh,Sehore,Ashta,Onion,Other,2020-08-17,204,976,450.0
Madhya Pradesh,Sehore,Ashta,Onion,Other,2020-08-18,210,1035,500.0
Madhya Pradesh,Sehore,Ashta,Onion,Other,2020-08-20,218,1452,750.0
Madhya Pradesh,Sehore,Ashta,Onion,Other,2020-08-21,200,1200,450.0
Madhya Pradesh,Sehore,Ashta,Onion,Other,2020-08-24,207,1201,500.0
Madhya Pradesh,Sehore,Ashta,Onion,Other,2020-08-25,200,1218,500.0
Madhya Pradesh,Sehore,Ashta,Onion,Other,2020-08-26,210,1334,500.0
Madhya Pradesh,Sehore,Ashta,Onion,Other,2020-08-27,208,1326,550.0
Madhya Pradesh,Sehore,Ashta,Onion,Other,2020-08-28,216,1445,550.0
Madhya Pradesh,Sehore,Ashta,Onion,Other,2020-08-31,200,1512,550.0
Madhya Pradesh,Sehore,Ashta,Onion,Other,2020-09-02,220,2500,600.0
Madhya Pradesh,Sehore,Ashta,Onion,Other,2020-09-08,200,2325,700.0
Madhya Pradesh,Sehore,Ashta,Onion,Other,2020-09-09,200,2410,750.0
Madhya Pradesh,Sehore,Ashta,Onion,Other,2020-09-15,500,2400,675.0
Madhya Pradesh,Dhar,Badnagar / Badnawar APMC,Onion,Onion,2020-01-04,2000,2000,2000.0
Madhya Pradesh,Dhar,Badnagar / Badnawar APMC,Onion,Onion,2020-01-05,2000,2000,2000.0
Madhya Pradesh,Dhar,Badnagar / Badnawar APMC,Onion,Onion,2020-01-07,2000,3500,2500.0
Madhya Pradesh,Dhar,Badnagar / Badnawar APMC,Onion,Onion,2020-01-08,2000,2000,2000.0
Madhya Pradesh,Dhar,Badnagar / Badnawar APMC,Onion,Onion,2020-01-09,2000,4000,3500.0
Madhya Pradesh,Dhar,Badnagar / Badnawar APMC,Onion,Onion,2020-01-10,1500,1500,1500.0
Madhya Pradesh,Dhar,Badnagar / Badnawar APMC,Onion,Onion,2020-01-13,1500,1500,1500.0
Madhya Pradesh,Dhar,Badnagar / Badnawar APMC,Onion,Onion,2020-01-14,1500,1500,1500.0
Madhya Pradesh,Dhar,Badnagar / Badnawar APMC,Onion,Onion,2020-01-17,2000,2000,2000.0
Madhya Pradesh,Dhar,Badnagar / Badnawar APMC,Onion,Onion,2020-01-20,1500,1500,1500.0
Madhya Pradesh,Dhar,Badnagar / Badnawar APMC,Onion,Onion,2020-01-21,3075,3075,3075.0
Madhya Pradesh,Dhar,Badnagar / Badnawar APMC,Onion,Onion,2020-01-23,1300,1300,1300.0
Madhya Pradesh,Dhar,Badnagar / Badnawar APMC,Onion,Onion,2020-01-24,800,3261,1500.0
Madhya Pradesh,Dhar,Badnagar / Badnawar APMC,Onion,Onion,2020-01-27,1500,1500,1500.0
Madhya Pradesh,Dhar,Badnagar / Badnawar APMC,Onion,Onion,2020-01-28,1000,1500,1200.0
Madhya Pradesh,Dhar,Badnagar / Badnawar APMC,Onion,Onion,2020-01-30,1400,1400,1400.0
Madhya Pradesh,Dhar,Badnagar / Badnawar APMC,Onion,Onion,2020-02-05,1800,1800,1800.0
Madhya Pradesh,Dhar,Badnagar / Badnawar APMC,Onion,Onion,2020-02-06,1300,1300,1300.0
Madhya Pradesh,Dhar,Badnagar / Badnawar APMC,Onion,Onion,2020-02-07,1400,1800,1600.0
Madhya Pradesh,Dhar,Badnagar / Badnawar APMC,Onion,Onion,2020-02-12,1000,1200,1000.0
Madhya Pradesh,Dhar,Badnagar / Badnawar APMC,Onion,Onion,2020-02-14,1000,1000,1000.0
Madhya Pradesh,Dhar,Badnagar / Badnawar APMC,Onion,Onion,2020-02-15,1000,1000,1000.0
Madhya Pradesh,Dhar,Badnagar / Badnawar APMC,Onion,Onion,2020-02-21,1120,1120,1120.0
Madhya Pradesh,Dhar,Badnagar / Badnawar APMC,Onion,Onion,2020-02-22,1400,1400,1400.0
Madhya Pradesh,Dhar,Badnagar / Badnawar APMC,Onion,Onion,2020-02-27,1000,1000,1000.0
Madhya Pradesh,Dhar,Badnagar / Badnawar APMC,Onion,Onion,2020-02-28,1000,1000,1000.0
Madhya Pradesh,Dhar,Badnagar / Badnawar APMC,Onion,Onion,2020-02-29,1000,1000,1000.0
Madhya Pradesh,Dhar,Badnagar / Badnawar APMC,Onion,Onion,2020-03-04,1195,1195,1195.0
Madhya Pradesh,Dhar,Badnagar / Badnawar APMC,Onion,Onion,2020-03-07,1000,1000,1000.0
Madhya Pradesh,Dhar,Badnagar / Badnawar APMC,Onion,Onion,2020-03-08,1000,1000,1000.0
Madhya Pradesh,Dhar,Badnagar / Badnawar APMC,Onion,Onion,2020-03-16,1000,1000,1000.0
Madhya Pradesh,Dhar,Badnagar / Badnawar APMC,Onion,Onion,2020-03-17,711,1000,800.0
Madhya Pradesh,Dhar,Badnagar / Badnawar APMC,Onion,Onion,2020-03-18,800,1000,1000.0
Madhya Pradesh,Dhar,Badnagar / Badnawar APMC,Onion,Onion,2020-03-20,600,800,600.0
Madhya Pradesh,Dhar,Badnagar / Badnawar APMC,Onion,Onion,2020-04-27,500,500,500.0
Madhya Pradesh,Dhar,Badnagar / Badnawar APMC,Onion,Onion,2020-04-28,300,325,300.0
Madhya Pradesh,Dhar,Badnagar / Badnawar APMC,Onion,Onion,2020-05-20,250,500,350.0
Madhya Pradesh,Dhar,Badnagar / Badnawar APMC,Onion,Onion,2020-06-03,150,650,350.0
Madhya Pradesh,Dhar,Badnagar / Badnawar APMC,Onion,Onion,2020-06-04,200,700,400.0
Madhya Pradesh,Dhar,Badnagar / Badnawar APMC,Onion,Onion,2020-06-05,300,600,400.0
Madhya Pradesh,Dhar,Badnagar / Badnawar APMC,Onion,Onion,2020-06-06,300,900,700.0
Madhya Pradesh,Dhar,Badnagar / Badnawar APMC,Onion,Onion,2020-06-08,200,900,400.0
Madhya Pradesh,Dhar,Badnagar / Badnawar APMC,Onion,Onion,2020-06-09,200,920,500.0
Madhya Pradesh,Dhar,Badnagar / Badnawar APMC,Onion,Onion,2020-06-10,100,900,550.0
Madhya Pradesh,Dhar,Badnagar / Badnawar APMC,Onion,Onion,2020-06-11,200,800,500.0
Madhya Pradesh,Dhar,Badnagar / Badnawar APMC,Onion,Onion,2020-06-12,200,800,500.0
Madhya Pradesh,Dhar,Badnagar / Badnawar APMC,Onion,Onion,2020-06-15,200,700,400.0
Madhya Pradesh,Dhar,Badnagar / Badnawar APMC,Onion,Onion,2020-06-16,200,800,450.0
Madhya Pradesh,Dhar,Badnagar / Badnawar APMC,Onion,Onion,2020-06-17,200,800,400.0
Madhya Pradesh,Dhar,Badnagar / Badnawar APMC,Onion,Onion,2020-06-18,300,850,400.0
Madhya Pradesh,Dhar,Badnagar / Badnawar APMC,Onion,Onion,2020-06-19,200,800,450.0
Madhya Pradesh,Dhar,Badnagar / Badnawar APMC,Onion,Onion,2020-06-22,200,800,400.0
Madhya Pradesh,Dhar,Badnagar / Badnawar APMC,Onion,Onion,2020-06-23,150,800,450.0
Madhya Pradesh,Dhar,Badnagar / Badnawar APMC,Onion,Onion,2020-06-25,200,800,450.0
Madhya Pradesh,Dhar,Badnagar / Badnawar APMC,Onion,Onion,2020-06-26,200,800,450.0
Madhya Pradesh,Dhar,Badnagar / Badnawar APMC,Onion,Onion,2020-06-29,200,800,450.0
Madhya Pradesh,Dhar,Badnagar / Badnawar APMC,Onion,Onion,2020-06-30,200,800,500.0
Madhya Pradesh,Dhar,Badnagar / Badnawar APMC,Onion,Onion,2020-07-06,100,800,450.0
Madhya Pradesh,Dhar,Badnagar / Badnawar APMC,Onion,Onion,2020-07-07,100,850,450.0
Madhya Pradesh,Dhar,Badnagar / Badnawar APMC,Onion,Onion,2020-07-08,100,850,450.0
Madhya Pradesh,Dhar,Badnagar / Badnawar APMC,Onion,Onion,2020-07-09,150,800,450.0
Madhya Pradesh,Dhar,Badnagar / Badnawar APMC,Onion,Onion,2020-07-10,200,800,450.0
Madhya Pradesh,Dhar,Badnagar / Badnawar APMC,Onion,Onion,2020-07-13,200,800,450.0
Madhya Pradesh,Dhar,Badnagar / Badnawar APMC,Onion,Onion,2020-07-14,200,800,450.0
Madhya Pradesh,Dhar,Badnagar / Badnawar APMC,Onion,Onion,2020-07-15,150,700,450.0
Madhya Pradesh,Dhar,Badnagar / Badnawar APMC,Onion,Onion,2020-07-17,150,700,450.0
Madhya Pradesh,Dhar,Badnagar / Badnawar APMC,Onion,Onion,2020-07-21,200,850,550.0
Madhya Pradesh,Dhar,Badnagar / Badnawar APMC,Onion,Onion,2020-07-22,200,800,500.0
Madhya Pradesh,Dhar,Badnagar / Badnawar APMC,Onion,Onion,2020-07-23,150,650,350.0
Madhya Pradesh,Dhar,Badnagar / Badnawar APMC,Onion,Onion,2020-07-24,100,800,450.0
Madhya Pradesh,Dhar,Badnagar / Badnawar APMC,Onion,Onion,2020-07-27,100,700,500.0
Madhya Pradesh,Dhar,Badnagar / Badnawar APMC,Onion,Onion,2020-07-30,100,700,400.0
Madhya Pradesh,Dhar,Badnagar / Badnawar APMC,Onion,Onion,2020-07-31,100,700,450.0
Madhya Pradesh,Dhar,Badnagar / Badnawar APMC,Onion,Onion,2020-08-07,150,650,450.0
Madhya Pradesh,Dhar,Badnagar / Badnawar APMC,Onion,Onion,2020-08-10,100,700,350.0
Madhya Pradesh,Dhar,Badnagar / Badnawar APMC,Onion,Onion,2020-08-13,200,750,400.0
Madhya Pradesh,Dhar,Badnagar / Badnawar APMC,Onion,Onion,2020-08-14,200,700,450.0
Madhya Pradesh,Dhar,Badnagar / Badnawar APMC,Onion,Onion,2020-08-17,100,700,400.0
Madhya Pradesh,Dhar,Badnagar / Badnawar APMC,Onion,Onion,2020-08-18,180,1000,651.0
Madhya Pradesh,Dhar,Badnagar / Badnawar APMC,Onion,Onion,2020-08-19,180,1600,600.0
Madhya Pradesh,Dhar,Badnagar / Badnawar APMC,Onion,Onion,2020-08-20,150,1300,650.0
Madhya Pradesh,Dhar,Badnagar / Badnawar APMC,Onion,Onion,2020-08-26,150,1300,600.0
Madhya Pradesh,Dhar,Badnagar / Badnawar APMC,Onion,Onion,2020-08-27,100,1400,450.0
Madhya Pradesh,Dhar,Badnagar / Badnawar APMC,Onion,Onion,2020-08-29,100,1300,450.0
Madhya Pradesh,Dhar,Badnagar / Badnawar APMC,Onion,Onion,2020-08-31,150,1300,550.0
Madhya Pradesh,Dhar,Badnagar / Badnawar APMC,Onion,Onion,2020-09-08,215,2200,875.0
Madhya Pradesh,Dhar,Badnagar / Badnawar APMC,Onion,Onion,2020-09-09,451,2525,1111.0
Madhya Pradesh,Dhar,Badnagar / Badnawar APMC,Onion,Onion,2020-09-10,200,2500,1151.0
Madhya Pradesh,Dhar,Badnagar / Badnawar APMC,Onion,Onion,2020-09-14,151,2700,1255.0
Madhya Pradesh,Dhar,Badnagar / Badnawar APMC,Onion,Onion,2020-09-15,500,2300,1005.0
Madhya Pradesh,Shajapur,Berachha,Onion,Other,2020-08-31,1051,1551,1360.0
Madhya Pradesh,Bhopal,Bhopal APMC (F&V),Onion,Other,2020-01-01,3860,5980,4830.0
Madhya Pradesh,Bhopal,Bhopal APMC (F&V),Onion,Other,2020-01-02,3900,6000,4900.0
Madhya Pradesh,Bhopal,Bhopal APMC (F&V),Onion,Other,2020-01-03,3800,6200,5500.0
Madhya Pradesh,Bhopal,Bhopal APMC (F&V),Onion,Other,2020-01-04,3500,6000,5200.0
Madhya Pradesh,Bhopal,Bhopal APMC (F&V),Onion,Other,2020-01-05,3000,4000,3500.0
Madhya Pradesh,Bhopal,Bhopal APMC (F&V),Onion,Other,2020-01-06,3840,6280,5360.0
Madhya Pradesh,Bhopal,Bhopal APMC (F&V),Onion,Other,2020-01-07,3650,5880,4720.0
Madhya Pradesh,Bhopal,Bhopal APMC (F&V),Onion,Other,2020-01-08,3520,5050,4670.0
Madhya Pradesh,Bhopal,Bhopal APMC (F&V),Onion,Other,2020-01-09,3460,5190,4640.0
Madhya Pradesh,Bhopal,Bhopal APMC (F&V),Onion,Other,2020-01-10,3250,4880,4170.0
Madhya Pradesh,Bhopal,Bhopal APMC (F&V),Onion,Other,2020-01-11,2840,4450,3540.0
Madhya Pradesh,Bhopal,Bhopal APMC (F&V),Onion,Other,2020-01-12,2640,4260,3250.0
Madhya Pradesh,Bhopal,Bhopal APMC (F&V),Onion,Other,2020-01-16,2620,4360,3440.0
Madhya Pradesh,Bhopal,Bhopal APMC (F&V),Onion,Other,2020-01-17,2840,4580,3660.0
Madhya Pradesh,Bhopal,Bhopal APMC (F&V),Onion,Other,2020-01-18,2600,4250,3500.0
Madhya Pradesh,Bhopal,Bhopal APMC (F&V),Onion,Other,2020-01-19,2850,4480,3660.0
Madhya Pradesh,Bhopal,Bhopal APMC (F&V),Onion,Other,2020-01-20,2820,4040,3330.0
Madhya Pradesh,Bhopal,Bhopal APMC (F&V),Onion,Other,2020-01-21,2240,3880,3040.0
Madhya Pradesh,Bhopal,Bhopal APMC (F&V),Onion,Other,2020-01-22,2040,3680,2860.0
Madhya Pradesh,Bhopal,Bhopal APMC (F&V),Onion,Other,2020-01-23,2150,3880,3070.0
Madhya Pradesh,Bhopal,Bhopal APMC (F&V),Onion,Other,2020-01-24,2400,4580,3670.0
Madhya Pradesh,Bhopal,Bhopal APMC (F&V),Onion,Other,2020-01-25,2830,4660,3840.0
Madhya Pradesh,Bhopal,Bhopal APMC (F&V),Onion,Other,2020-01-26,2620,4460,3540.0
Madhya Pradesh,Bhopal,Bhopal APMC (F&V),Onion,Other,2020-01-27,2420,4260,3240.0
Madhya Pradesh,Bhopal,Bhopal APMC (F&V),Onion,Other,2020-01-28,2640,4480,3560.0
Madhya Pradesh,Bhopal,Bhopal APMC (F&V),Onion,Other,2020-01-29,2240,4080,3260.0
Madhya Pradesh,Bhopal,Bhopal APMC (F&V),Onion,Other,2020-01-30,2120,3860,3040.0
Madhya Pradesh,Bhopal,Bhopal APMC (F&V),Onion,Other,2020-01-31,2240,3680,2860.0
Madhya Pradesh,Bhopal,Bhopal APMC (F&V),Onion,Other,2020-02-04,1520,3260,2340.0
Madhya Pradesh,Bhopal,Bhopal APMC (F&V),Onion,Other,2020-02-05,1650,2280,2260.0
Madhya Pradesh,Bhopal,Bhopal APMC (F&V),Onion,Other,2020-02-06,1520,2860,2240.0
Madhya Pradesh,Bhopal,Bhopal APMC (F&V),Onion,Other,2020-02-07,1640,2890,2260.0
Madhya Pradesh,Bhopal,Bhopal APMC (F&V),Onion,Other,2020-02-08,1520,2760,2140.0
Madhya Pradesh,Bhopal,Bhopal APMC (F&V),Onion,Other,2020-02-09,1680,2840,2210.0
Madhya Pradesh,Bhopal,Bhopal APMC (F&V),Onion,Other,2020-02-10,1650,3080,2370.0
Madhya Pradesh,Bhopal,Bhopal APMC (F&V),Onion,Other,2020-02-11,1610,3060,2410.0
Madhya Pradesh,Bhopal,Bhopal APMC (F&V),Onion,Other,2020-02-12,1500,3080,2350.0
Madhya Pradesh,Bhopal,Bhopal APMC (F&V),Onion,Other,2020-02-13,1720,3260,2540.0
Madhya Pradesh,Bhopal,Bhopal APMC (F&V),Onion,Other,2020-02-14,1540,3080,2460.0
Madhya Pradesh,Bhopal,Bhopal APMC (F&V),Onion,Other,2020-02-15,1570,2810,2405.0
Madhya Pradesh,Bhopal,Bhopal APMC (F&V),Onion,Other,2020-02-16,1150,2480,1870.0
Madhya Pradesh,Bhopal,Bhopal APMC (F&V),Onion,Other,2020-02-17,1240,2480,1760.0
Madhya Pradesh,Bhopal,Bhopal APMC (F&V),Onion,Other,2020-02-18,1220,2260,1640.0
Madhya Pradesh,Bhopal,Bhopal APMC (F&V),Onion,Other,2020-02-19,1140,2280,1660.0
Madhya Pradesh,Bhopal,Bhopal APMC (F&V),Onion,Other,2020-02-20,1240,1780,1650.0
Madhya Pradesh,Bhopal,Bhopal APMC (F&V),Onion,Other,2020-02-21,1120,2260,1640.0
Madhya Pradesh,Bhopal,Bhopal APMC (F&V),Onion,Other,2020-02-22,1250,2480,1870.0
Madhya Pradesh,Bhopal,Bhopal APMC (F&V),Onion,Other,2020-02-24,1050,2280,1670.0
Madhya Pradesh,Bhopal,Bhopal APMC (F&V),Onion,Other,2020-02-25,1020,2130,1550.0
Madhya Pradesh,Bhopal,Bhopal APMC (F&V),Onion,Other,2020-02-26,1020,2040,1530.0
Madhya Pradesh,Bhopal,Bhopal APMC (F&V),Onion,Other,2020-02-27,1210,2150,1630.0
Madhya Pradesh,Bhopal,Bhopal APMC (F&V),Onion,Other,2020-02-28,1020,2060,1540.0
Madhya Pradesh,Bhopal,Bhopal APMC (F&V),Onion,Other,2020-02-29,1050,2080,1570.0
Madhya Pradesh,Bhopal,Bhopal APMC (F&V),Onion,Other,2020-03-02,1020,2140,1530.0
Madhya Pradesh,Bhopal,Bhopal APMC (F&V),Onion,Other,2020-03-03,1050,2380,1670.0
Madhya Pradesh,Bhopal,Bhopal APMC (F&V),Onion,Other,2020-03-04,1020,2280,1540.0
Madhya Pradesh,Bhopal,Bhopal APMC (F&V),Onion,Other,2020-03-05,1050,2280,1670.0
Madhya Pradesh,Bhopal,Bhopal APMC (F&V),Onion,Other,2020-03-06,1020,2260,1640.0
Madhya Pradesh,Bhopal,Bhopal APMC (F&V),Onion,Other,2020-03-07,1020,2060,1540.0
Madhya Pradesh,Bhopal,Bhopal APMC (F&V),Onion,Other,2020-03-08,1250,2280,1760.0
Madhya Pradesh,Bhopal,Bhopal APMC (F&V),Onion,Other,2020-03-09,1030,2190,1660.0
Madhya Pradesh,Bhopal,Bhopal APMC (F&V),Onion,Other,2020-03-10,1220,2280,1850.0
Madhya Pradesh,Bhopal,Bhopal APMC (F&V),Onion,Other,2020-03-11,1250,2380,1860.0
Madhya Pradesh,Bhopal,Bhopal APMC (F&V),Onion,Other,2020-03-12,1240,2360,1850.0
Madhya Pradesh,Bhopal,Bhopal APMC (F&V),Onion,Other,2020-03-13,950,2070,1460.0
Madhya Pradesh,Bhopal,Bhopal APMC (F&V),Onion,Other,2020-03-15,1020,2160,1540.0
Madhya Pradesh,Bhopal,Bhopal APMC (F&V),Onion,Other,2020-03-16,1070,2000,1520.0
Madhya Pradesh,Bhopal,Bhopal APMC (F&V),Onion,Other,2020-03-17,1000,1800,1400.0
Madhya Pradesh,Bhopal,Bhopal APMC (F&V),Onion,Other,2020-03-18,1000,1600,1470.0
Madhya Pradesh,Bhopal,Bhopal APMC (F&V),Onion,Other,2020-03-19,1000,1800,1400.0
Madhya Pradesh,Bhopal,Bhopal APMC (F&V),Onion,Other,2020-03-20,1000,1600,1400.0
Madhya Pradesh,Bhopal,Bhopal APMC (F&V),Onion,Other,2020-03-21,1000,1700,1400.0
Madhya Pradesh,Bhopal,Bhopal APMC (F&V),Onion,Other,2020-03-22,1000,1650,1470.0
Madhya Pradesh,Bhopal,Bhopal APMC (F&V),Onion,Other,2020-03-23,1000,1500,1200.0
Madhya Pradesh,Bhopal,Bhopal APMC (F&V),Onion,Other,2020-03-24,1000,1600,1400.0
Madhya Pradesh,Bhopal,Bhopal APMC (F&V),Onion,Other,2020-03-25,1000,1500,1200.0
Madhya Pradesh,Bhopal,Bhopal APMC (F&V),Onion,Other,2020-03-26,1000,2000,1500.0
Madhya Pradesh,Bhopal,Bhopal APMC (F&V),Onion,Other,2020-03-27,1000,2000,1500.0
Madhya Pradesh,Bhopal,Bhopal APMC (F&V),Onion,Other,2020-03-28,1000,1500,1200.0
Madhya Pradesh,Bhopal,Bhopal APMC (F&V),Onion,Other,2020-03-29,1000,1500,1200.0
Madhya Pradesh,Bhopal,Bhopal APMC (F&V),Onion,Other,2020-03-30,1000,1500,1200.0
Madhya Pradesh,Bhopal,Bhopal APMC (F&V),Onion,Other,2020-03-31,1000,1500,1200.0
Madhya Pradesh,Bhopal,Bhopal APMC (F&V),Onion,Other,2020-06-14,600,1000,800.0
Madhya Pradesh,Bhopal,Bhopal APMC (F&V),Onion,Other,2020-06-15,600,1000,800.0
Madhya Pradesh,Bhopal,Bhopal APMC (F&V),Onion,Other,2020-06-16,600,1000,800.0
Madhya Pradesh,Bhopal,Bhopal APMC (F&V),Onion,Other,2020-06-17,600,1000,800.0
Madhya Pradesh,Bhopal,Bhopal APMC (F&V),Onion,Other,2020-06-18,600,1000,800.0
Madhya Pradesh,Bhopal,Bhopal APMC (F&V),Onion,Other,2020-06-19,400,800,600.0
Madhya Pradesh,Bhopal,Bhopal APMC (F&V),Onion,Other,2020-06-20,400,800,600.0
Madhya Pradesh,Bhopal,Bhopal APMC (F&V),Onion,Other,2020-06-21,400,800,600.0
Madhya Pradesh,Bhopal,Bhopal APMC (F&V),Onion,Other,2020-06-22,400,800,600.0
Madhya Pradesh,Bhopal,Bhopal APMC (F&V),Onion,Other,2020-06-23,400,800,600.0
Madhya Pradesh,Bhopal,Bhopal APMC (F&V),Onion,Other,2020-06-24,400,800,600.0
Madhya Pradesh,Bhopal,Bhopal APMC (F&V),Onion,Other,2020-06-25,400,800,600.0
Madhya Pradesh,Bhopal,Bhopal APMC (F&V),Onion,Other,2020-06-26,400,800,600.0
Madhya Pradesh,Bhopal,Bhopal APMC (F&V),Onion,Other,2020-06-27,400,800,600.0
Madhya Pradesh,Bhopal,Bhopal APMC (F&V),Onion,Other,2020-06-28,400,800,600.0
Madhya Pradesh,Bhopal,Bhopal APMC (F&V),Onion,Other,2020-06-29,400,800,600.0
Madhya Pradesh,Bhopal,Bhopal APMC (F&V),Onion,Other,2020-06-30,400,800,600.0
Madhya Pradesh,Bhopal,Bhopal APMC (F&V),Onion,Other,2020-07-02,600,1000,800.0
Madhya Pradesh,Bhopal,Bhopal APMC (F&V),Onion,Other,2020-07-03,400,800,600.0
Madhya Pradesh,Bhopal,Bhopal APMC (F&V),Onion,Other,2020-07-04,400,800,600.0
Madhya Pradesh,Bhopal,Bhopal APMC (F&V),Onion,Other,2020-07-06,400,800,600.0
Madhya Pradesh,Bhopal,Bhopal APMC (F&V),Onion,Other,2020-07-07,400,800,600.0
Madhya Pradesh,Bhopal,Bhopal APMC (F&V),Onion,Other,2020-07-08,400,800,600.0
Madhya Pradesh,Bhopal,Bhopal APMC (F&V),Onion,Other,2020-07-09,400,800,600.0
Madhya Pradesh,Bhopal,Bhopal APMC (F&V),Onion,Other,2020-07-10,500,700,600.0
Madhya Pradesh,Bhopal,Bhopal APMC (F&V),Onion,Other,2020-07-11,500,800,600.0
Madhya Pradesh,Bhopal,Bhopal APMC (F&V),Onion,Other,2020-07-12,600,1000,800.0
Madhya Pradesh,Bhopal,Bhopal APMC (F&V),Onion,Other,2020-07-13,600,900,800.0
Madhya Pradesh,Bhopal,Bhopal APMC (F&V),Onion,Other,2020-07-14,400,800,600.0
Madhya Pradesh,Bhopal,Bhopal APMC (F&V),Onion,Other,2020-07-15,400,800,600.0
Madhya Pradesh,Bhopal,Bhopal APMC (F&V),Onion,Other,2020-07-17,400,800,600.0
Madhya Pradesh,Bhopal,Bhopal APMC (F&V),Onion,Other,2020-07-18,400,800,600.0
Madhya Pradesh,Bhopal,Bhopal APMC (F&V),Onion,Other,2020-07-20,600,1000,800.0
Madhya Pradesh,Bhopal,Bhopal APMC (F&V),Onion,Other,2020-07-21,400,800,600.0
Madhya Pradesh,Bhopal,Bhopal APMC (F&V),Onion,Other,2020-07-23,400,800,600.0
Madhya Pradesh,Bhopal,Bhopal APMC (F&V),Onion,Other,2020-08-04,400,800,600.0
Madhya Pradesh,Bhopal,Bhopal APMC (F&V),Onion,Other,2020-08-05,600,1000,800.0
Madhya Pradesh,Bhopal,Bhopal APMC (F&V),Onion,Other,2020-08-06,600,1000,800.0
Madhya Pradesh,Bhopal,Bhopal APMC (F&V),Onion,Other,2020-08-07,800,1200,1000.0
Madhya Pradesh,Bhopal,Bhopal APMC (F&V),Onion,Other,2020-08-08,600,1000,800.0
Madhya Pradesh,Bhopal,Bhopal APMC (F&V),Onion,Other,2020-08-09,400,800,600.0
Madhya Pradesh,Bhopal,Bhopal APMC (F&V),Onion,Other,2020-08-10,600,1000,800.0
Madhya Pradesh,Bhopal,Bhopal APMC (F&V),Onion,Other,2020-08-11,600,1000,800.0
Madhya Pradesh,Bhopal,Bhopal APMC (F&V),Onion,Other,2020-08-12,600,1000,800.0
Madhya Pradesh,Bhopal,Bhopal APMC (F&V),Onion,Other,2020-08-13,400,800,600.0
Madhya Pradesh,Bhopal,Bhopal APMC (F&V),Onion,Other,2020-08-14,400,800,600.0
Madhya Pradesh,Bhopal,Bhopal APMC (F&V),Onion,Other,2020-08-15,400,800,600.0
Madhya Pradesh,Bhopal,Bhopal APMC (F&V),Onion,Other,2020-08-16,600,1000,800.0
Madhya Pradesh,Bhopal,Bhopal APMC (F&V),Onion,Other,2020-08-17,600,1000,800.0
Madhya Pradesh,Bhopal,Bhopal APMC (F&V),Onion,Other,2020-08-18,1000,1500,1200.0
Madhya Pradesh,Bhopal,Bhopal APMC (F&V),Onion,Other,2020-08-19,600,1000,800.0
Madhya Pradesh,Bhopal,Bhopal APMC (F&V),Onion,Other,2020-08-20,600,1000,800.0
Madhya Pradesh,Bhopal,Bhopal APMC (F&V),Onion,Other,2020-08-21,900,1100,1000.0
Madhya Pradesh,Bhopal,Bhopal APMC (F&V),Onion,Other,2020-08-22,600,1000,800.0
Madhya Pradesh,Bhopal,Bhopal APMC (F&V),Onion,Other,2020-08-23,800,1200,1000.0
Madhya Pradesh,Bhopal,Bhopal APMC (F&V),Onion,Other,2020-08-24,1000,1300,1100.0
Madhya Pradesh,Bhopal,Bhopal APMC (F&V),Onion,Other,2020-08-25,1000,1300,1200.0
Madhya Pradesh,Bhopal,Bhopal APMC (F&V),Onion,Other,2020-08-26,800,1200,1000.0
Madhya Pradesh,Bhopal,Bhopal APMC (F&V),Onion,Other,2020-08-27,800,1300,1200.0
Madhya Pradesh,Bhopal,Bhopal APMC (F&V),Onion,Other,2020-08-28,800,1500,1200.0
Madhya Pradesh,Bhopal,Bhopal APMC (F&V),Onion,Other,2020-08-29,800,1300,1000.0
Madhya Pradesh,Bhopal,Bhopal APMC (F&V),Onion,Other,2020-08-31,1000,1500,1200.0
Madhya Pradesh,Bhopal,Bhopal APMC (F&V),Onion,Other,2020-09-08,1000,1500,1200.0
Madhya Pradesh,Bhopal,Bhopal APMC (F&V),Onion,Other,2020-09-09,950,1500,1200.0
Madhya Pradesh,Bhopal,Bhopal APMC (F&V),Onion,Other,2020-09-10,1000,1500,1200.0
Madhya Pradesh,Bhopal,Bhopal APMC (F&V),Onion,Other,2020-09-11,800,1500,1000.0
Madhya Pradesh,Bhopal,Bhopal APMC (F&V),Onion,Other,2020-09-12,800,1500,1200.0
Madhya Pradesh,Bhopal,Bhopal APMC (F&V),Onion,Other,2020-09-13,1000,1400,1200.0
Madhya Pradesh,Bhopal,Bhopal APMC (F&V),Onion,Other,2020-09-14,800,1500,1200.0
Madhya Pradesh,Bhopal,Bhopal APMC (F&V),Onion,Other,2020-09-15,1200,2000,1500.0
Madhya Pradesh,Rajgarh,Biaora,Onion,1st Sort,2020-08-22,600,700,650.0
Madhya Pradesh,Rajgarh,Biaora,Onion,1st Sort,2020-08-28,600,800,700.0
Madhya Pradesh,Rajgarh,Biaora,Onion,1st Sort,2020-08-29,500,700,600.0
Madhya Pradesh,Burhanpur,Burhanpur(F&V),Onion,Local,2020-01-01,1450,5200,3200.0
Madhya Pradesh,Burhanpur,Burhanpur(F&V),Onion,Local,2020-01-02,1450,5000,3000.0
Madhya Pradesh,Burhanpur,Burhanpur(F&V),Onion,Local,2020-01-03,1400,5000,3000.0
Madhya Pradesh,Burhanpur,Burhanpur(F&V),Onion,Local,2020-01-04,1450,5200,3200.0
Madhya Pradesh,Burhanpur,Burhanpur(F&V),Onion,Local,2020-01-05,1500,5000,3000.0
Madhya Pradesh,Burhanpur,Burhanpur(F&V),Onion,Local,2020-01-06,1500,5000,2500.0
Madhya Pradesh,Burhanpur,Burhanpur(F&V),Onion,Local,2020-01-07,1450,5000,3000.0
Madhya Pradesh,Burhanpur,Burhanpur(F&V),Onion,Local,2020-01-10,1400,4800,3000.0
Madhya Pradesh,Burhanpur,Burhanpur(F&V),Onion,Local,2020-01-12,1400,4000,3000.0
Madhya Pradesh,Burhanpur,Burhanpur(F&V),Onion,Local,2020-01-13,1350,3000,2500.0
Madhya Pradesh,Burhanpur,Burhanpur(F&V),Onion,Local,2020-01-14,900,3500,2000.0
Madhya Pradesh,Burhanpur,Burhanpur(F&V),Onion,Local,2020-01-15,1200,3200,2400.0
Madhya Pradesh,Burhanpur,Burhanpur(F&V),Onion,Local,2020-01-16,1350,4000,2400.0
Madhya Pradesh,Burhanpur,Burhanpur(F&V),Onion,Local,2020-01-17,1400,4000,2800.0
Madhya Pradesh,Burhanpur,Burhanpur(F&V),Onion,Local,2020-01-18,1100,3800,2500.0
Madhya Pradesh,Burhanpur,Burhanpur(F&V),Onion,Local,2020-01-19,1400,3200,2400.0
Madhya Pradesh,Burhanpur,Burhanpur(F&V),Onion,Local,2020-01-21,1200,3400,2400.0
Madhya Pradesh,Burhanpur,Burhanpur(F&V),Onion,Local,2020-01-22,1350,3400,2500.0
Madhya Pradesh,Burhanpur,Burhanpur(F&V),Onion,Local,2020-01-23,1350,3200,2400.0
Madhya Pradesh,Burhanpur,Burhanpur(F&V),Onion,Local,2020-01-24,1300,3000,2400.0
Madhya Pradesh,Burhanpur,Burhanpur(F&V),Onion,Local,2020-01-25,1200,3000,2200.0
Madhya Pradesh,Burhanpur,Burhanpur(F&V),Onion,Local,2020-01-26,1000,3000,2000.0
Madhya Pradesh,Burhanpur,Burhanpur(F&V),Onion,Local,2020-01-27,1050,3000,2000.0
Madhya Pradesh,Burhanpur,Burhanpur(F&V),Onion,Local,2020-01-28,600,2800,1600.0
Madhya Pradesh,Burhanpur,Burhanpur(F&V),Onion,Local,2020-02-05,650,2400,1800.0
Madhya Pradesh,Burhanpur,Burhanpur(F&V),Onion,Local,2020-02-06,650,2600,1600.0
Madhya Pradesh,Burhanpur,Burhanpur(F&V),Onion,Local,2020-02-07,600,2400,1600.0
Madhya Pradesh,Burhanpur,Burhanpur(F&V),Onion,Local,2020-02-08,650,2800,1600.0
Madhya Pradesh,Burhanpur,Burhanpur(F&V),Onion,Local,2020-02-09,350,2600,1600.0
Madhya Pradesh,Burhanpur,Burhanpur(F&V),Onion,Local,2020-02-10,650,2500,1600.0
Madhya Pradesh,Burhanpur,Burhanpur(F&V),Onion,Local,2020-02-11,600,2400,1600.0
Madhya Pradesh,Burhanpur,Burhanpur(F&V),Onion,Local,2020-02-12,600,2400,1500.0
Madhya Pradesh,Burhanpur,Burhanpur(F&V),Onion,Local,2020-02-13,650,2400,1500.0
Madhya Pradesh,Burhanpur,Burhanpur(F&V),Onion,Local,2020-02-14,600,2200,1500.0
Madhya Pradesh,Burhanpur,Burhanpur(F&V),Onion,Local,2020-02-15,600,2400,1500.0
Madhya Pradesh,Burhanpur,Burhanpur(F&V),Onion,Local,2020-02-16,650,2300,1400.0
Madhya Pradesh,Burhanpur,Burhanpur(F&V),Onion,Local,2020-02-17,650,2300,1500.0
Madhya Pradesh,Burhanpur,Burhanpur(F&V),Onion,Local,2020-02-18,600,2200,1500.0
Madhya Pradesh,Burhanpur,Burhanpur(F&V),Onion,Local,2020-02-20,600,2200,1600.0
Madhya Pradesh,Burhanpur,Burhanpur(F&V),Onion,Local,2020-02-21,650,2200,1400.0
Madhya Pradesh,Burhanpur,Burhanpur(F&V),Onion,Local,2020-02-22,600,2300,1400.0
Madhya Pradesh,Burhanpur,Burhanpur(F&V),Onion,Local,2020-02-23,600,2200,1400.0
Madhya Pradesh,Burhanpur,Burhanpur(F&V),Onion,Local,2020-02-24,600,2200,1400.0
Madhya Pradesh,Burhanpur,Burhanpur(F&V),Onion,Local,2020-02-25,600,2200,1400.0
Madhya Pradesh,Burhanpur,Burhanpur(F&V),Onion,Local,2020-02-26,600,2100,1400.0
Madhya Pradesh,Burhanpur,Burhanpur(F&V),Onion,Other,2020-02-27,600,2200,1500.0
Madhya Pradesh,Burhanpur,Burhanpur(F&V),Onion,Other,2020-02-28,600,2200,1500.0
Madhya Pradesh,Burhanpur,Burhanpur(F&V),Onion,Other,2020-02-29,600,2200,1400.0
Madhya Pradesh,Burhanpur,Burhanpur(F&V),Onion,Other,2020-03-01,600,2000,1300.0
Madhya Pradesh,Burhanpur,Burhanpur(F&V),Onion,Other,2020-03-02,600,1600,1100.0
Madhya Pradesh,Burhanpur,Burhanpur(F&V),Onion,Other,2020-03-03,600,2000,1200.0
Madhya Pradesh,Burhanpur,Burhanpur(F&V),Onion,Other,2020-03-04,500,1800,1300.0
Madhya Pradesh,Burhanpur,Burhanpur(F&V),Onion,Other,2020-03-05,600,1800,1300.0
Madhya Pradesh,Burhanpur,Burhanpur(F&V),Onion,Other,2020-03-11,600,2000,1400.0
Madhya Pradesh,Burhanpur,Burhanpur(F&V),Onion,Other,2020-03-12,600,2000,1400.0
Madhya Pradesh,Burhanpur,Burhanpur(F&V),Onion,Other,2020-03-13,600,2000,1400.0
Madhya Pradesh,Burhanpur,Burhanpur(F&V),Onion,Other,2020-03-14,500,2000,1200.0
Madhya Pradesh,Burhanpur,Burhanpur(F&V),Onion,Other,2020-03-15,600,2000,1200.0
Madhya Pradesh,Burhanpur,Burhanpur(F&V),Onion,Other,2020-03-16,600,2000,1400.0
Madhya Pradesh,Burhanpur,Burhanpur(F&V),Onion,Other,2020-06-19,300,800,600.0
Madhya Pradesh,Burhanpur,Burhanpur(F&V),Onion,Other,2020-06-20,400,700,600.0
Madhya Pradesh,Burhanpur,Burhanpur(F&V),Onion,Other,2020-06-21,400,800,600.0
Madhya Pradesh,Burhanpur,Burhanpur(F&V),Onion,Other,2020-06-22,400,800,600.0
Madhya Pradesh,Burhanpur,Burhanpur(F&V),Onion,Other,2020-06-23,400,800,600.0
Madhya Pradesh,Burhanpur,Burhanpur(F&V),Onion,Other,2020-06-24,400,800,600.0
Madhya Pradesh,Burhanpur,Burhanpur(F&V),Onion,Other,2020-06-25,400,800,600.0
Madhya Pradesh,Burhanpur,Burhanpur(F&V),Onion,Other,2020-06-26,350,800,600.0
Madhya Pradesh,Burhanpur,Burhanpur(F&V),Onion,Other,2020-06-27,400,850,600.0
Madhya Pradesh,Burhanpur,Burhanpur(F&V),Onion,Other,2020-07-01,400,850,600.0
Madhya Pradesh,Burhanpur,Burhanpur(F&V),Onion,Other,2020-07-02,400,850,650.0
Madhya Pradesh,Burhanpur,Burhanpur(F&V),Onion,Other,2020-07-04,450,850,600.0
Madhya Pradesh,Burhanpur,Burhanpur(F&V),Onion,Other,2020-07-05,400,800,600.0
Madhya Pradesh,Burhanpur,Burhanpur(F&V),Onion,Other,2020-07-06,400,850,650.0
Madhya Pradesh,Burhanpur,Burhanpur(F&V),Onion,Other,2020-07-07,300,800,650.0
Madhya Pradesh,Burhanpur,Burhanpur(F&V),Onion,Other,2020-07-08,300,800,600.0
Madhya Pradesh,Burhanpur,Burhanpur(F&V),Onion,Other,2020-07-09,300,800,600.0
Madhya Pradesh,Burhanpur,Burhanpur(F&V),Onion,Other,2020-07-10,300,800,650.0
Madhya Pradesh,Burhanpur,Burhanpur(F&V),Onion,Other,2020-07-11,300,800,600.0
Madhya Pradesh,Burhanpur,Burhanpur(F&V),Onion,Other,2020-07-13,300,800,600.0
Madhya Pradesh,Burhanpur,Burhanpur(F&V),Onion,Other,2020-07-14,300,800,700.0
Madhya Pradesh,Burhanpur,Burhanpur(F&V),Onion,Other,2020-07-15,300,800,700.0
Madhya Pradesh,Burhanpur,Burhanpur(F&V),Onion,Other,2020-07-18,300,850,600.0
Madhya Pradesh,Burhanpur,Burhanpur(F&V),Onion,Other,2020-07-20,300,850,600.0
Madhya Pradesh,Burhanpur,Burhanpur(F&V),Onion,Other,2020-07-21,300,800,600.0
Madhya Pradesh,Burhanpur,Burhanpur(F&V),Onion,Other,2020-07-22,300,850,600.0
Madhya Pradesh,Burhanpur,Burhanpur(F&V),Onion,Other,2020-07-23,300,875,650.0
Madhya Pradesh,Burhanpur,Burhanpur(F&V),Onion,Other,2020-07-24,300,800,600.0
Madhya Pradesh,Burhanpur,Burhanpur(F&V),Onion,Other,2020-07-25,350,850,600.0
Madhya Pradesh,Burhanpur,Burhanpur(F&V),Onion,Other,2020-07-27,300,900,700.0
Madhya Pradesh,Burhanpur,Burhanpur(F&V),Onion,Other,2020-07-28,300,800,600.0
Madhya Pradesh,Burhanpur,Burhanpur(F&V),Onion,Other,2020-07-29,300,800,600.0
Madhya Pradesh,Burhanpur,Burhanpur(F&V),Onion,Other,2020-07-30,300,850,600.0
Madhya Pradesh,Chhatarpur,Chhatarpur,Onion,Onion,2020-08-19,800,800,800.0
Madhya Pradesh,Chhatarpur,Chhatarpur,Onion,Onion,2020-08-21,800,1000,800.0
Madhya Pradesh,Chhatarpur,Chhatarpur,Onion,Onion,2020-08-24,1000,1000,1000.0
Madhya Pradesh,Chhatarpur,Chhatarpur,Onion,Onion,2020-08-26,1000,1000,1000.0
Madhya Pradesh,Chhatarpur,Chhatarpur,Onion,Onion,2020-08-31,800,1000,1000.0
Madhya Pradesh,Chhatarpur,Chhatarpur,Onion,Onion,2020-09-09,1500,1500,1500.0
Madhya Pradesh,Chhatarpur,Chhatarpur,Onion,Onion,2020-09-10,1500,1500,1500.0
Madhya Pradesh,Chhatarpur,Chhatarpur,Onion,Onion,2020-09-11,1200,2000,1200.0
Madhya Pradesh,Chhatarpur,Chhatarpur,Onion,Onion,2020-09-12,1500,1500,1500.0
Madhya Pradesh,Chhatarpur,Chhatarpur,Onion,Onion,2020-09-14,2000,2000,2000.0
Madhya Pradesh,Chhatarpur,Chhatarpur,Onion,Onion,2020-09-15,1500,2000,1500.0
Madhya Pradesh,Chhindwara,Chhindwara APMC (F&V),Onion,Onion,2020-01-04,3800,4000,3900.0
Madhya Pradesh,Chhindwara,Chhindwara APMC (F&V),Onion,Onion,2020-01-05,3500,4500,4000.0
Madhya Pradesh,Chhindwara,Chhindwara APMC (F&V),Onion,Onion,2020-01-06,3500,4500,4000.0
Madhya Pradesh,Chhindwara,Chhindwara APMC (F&V),Onion,Onion,2020-01-08,3300,3500,3400.0
Madhya Pradesh,Chhindwara,Chhindwara APMC (F&V),Onion,Onion,2020-01-09,3100,3300,3200.0
Madhya Pradesh,Chhindwara,Chhindwara APMC (F&V),Onion,Onion,2020-01-10,3300,3500,3400.0
Madhya Pradesh,Chhindwara,Chhindwara APMC (F&V),Onion,Onion,2020-01-11,3500,4500,4000.0
Madhya Pradesh,Chhindwara,Chhindwara APMC (F&V),Onion,Onion,2020-01-12,3500,4500,4000.0
Madhya Pradesh,Chhindwara,Chhindwara APMC (F&V),Onion,Onion,2020-01-13,3000,4000,3500.0
Madhya Pradesh,Chhindwara,Chhindwara APMC (F&V),Onion,Onion,2020-01-15,2500,3500,3000.0
Madhya Pradesh,Chhindwara,Chhindwara APMC (F&V),Onion,Onion,2020-01-17,3866,4066,3966.0
Madhya Pradesh,Chhindwara,Chhindwara APMC (F&V),Onion,Onion,2020-01-18,3900,4100,4000.0
Madhya Pradesh,Chhindwara,Chhindwara APMC (F&V),Onion,Onion,2020-01-22,3500,4500,4000.0
Madhya Pradesh,Chhindwara,Chhindwara APMC (F&V),Onion,Onion,2020-01-23,2500,3500,3000.0
Madhya Pradesh,Chhindwara,Chhindwara APMC (F&V),Onion,Onion,2020-01-25,2500,3500,3000.0
Madhya Pradesh,Chhindwara,Chhindwara APMC (F&V),Onion,Onion,2020-01-26,2500,2700,2600.0
Madhya Pradesh,Chhindwara,Chhindwara APMC (F&V),Onion,Onion,2020-01-27,2500,3500,3000.0
Madhya Pradesh,Chhindwara,Chhindwara APMC (F&V),Onion,Onion,2020-01-29,1800,2200,2000.0
Madhya Pradesh,Chhindwara,Chhindwara APMC (F&V),Onion,Onion,2020-02-07,2000,3000,2500.0
Madhya Pradesh,Chhindwara,Chhindwara APMC (F&V),Onion,Onion,2020-02-08,2400,2600,2500.0
Madhya Pradesh,Chhindwara,Chhindwara APMC (F&V),Onion,Onion,2020-02-09,2000,3000,2500.0
Madhya Pradesh,Chhindwara,Chhindwara APMC (F&V),Onion,Onion,2020-02-12,1500,2500,2000.0
Madhya Pradesh,Chhindwara,Chhindwara APMC (F&V),Onion,Onion,2020-02-13,1800,2200,2000.0
Madhya Pradesh,Chhindwara,Chhindwara APMC (F&V),Onion,Onion,2020-02-14,2000,3000,2500.0
Madhya Pradesh,Chhindwara,Chhindwara APMC (F&V),Onion,Onion,2020-02-15,2400,2600,2500.0
Madhya Pradesh,Chhindwara,Chhindwara APMC (F&V),Onion,Onion,2020-02-17,1400,1600,1500.0
Madhya Pradesh,Chhindwara,Chhindwara APMC (F&V),Onion,Onion,2020-02-24,1400,1600,1500.0
Madhya Pradesh,Chhindwara,Chhindwara APMC (F&V),Onion,Onion,2020-02-27,1800,2200,2000.0
Madhya Pradesh,Chhindwara,Chhindwara APMC (F&V),Onion,Onion,2020-02-28,1800,2200,2000.0
Madhya Pradesh,Chhindwara,Chhindwara APMC (F&V),Onion,Onion,2020-03-05,1800,2200,2000.0
Madhya Pradesh,Chhindwara,Chhindwara APMC (F&V),Onion,Onion,2020-03-06,1800,2200,2000.0
Madhya Pradesh,Chhindwara,Chhindwara APMC (F&V),Onion,Onion,2020-03-07,1800,2200,2000.0
Madhya Pradesh,Chhindwara,Chhindwara APMC (F&V),Onion,Onion,2020-03-08,1800,2200,2000.0
Madhya Pradesh,Chhindwara,Chhindwara APMC (F&V),Onion,Onion,2020-03-09,1800,2200,2000.0
Madhya Pradesh,Chhindwara,Chhindwara APMC (F&V),Onion,Onion,2020-03-13,2000,2400,2200.0
Madhya Pradesh,Chhindwara,Chhindwara APMC (F&V),Onion,Onion,2020-03-20,1500,2500,2000.0
Madhya Pradesh,Chhindwara,Chhindwara APMC (F&V),Onion,Onion,2020-03-24,1300,1500,1400.0
Madhya Pradesh,Chhindwara,Chhindwara APMC (F&V),Onion,Onion,2020-03-26,1800,2200,2000.0
Madhya Pradesh,Chhindwara,Chhindwara APMC (F&V),Onion,Onion,2020-03-27,1800,2000,1900.0
Madhya Pradesh,Chhindwara,Chhindwara APMC (F&V),Onion,Onion,2020-03-28,1500,1700,1600.0
Madhya Pradesh,Chhindwara,Chhindwara APMC (F&V),Onion,Onion,2020-03-29,1500,1700,1600.0
Madhya Pradesh,Chhindwara,Chhindwara APMC (F&V),Onion,Onion,2020-03-31,1400,1600,1500.0
Madhya Pradesh,Chhindwara,Chhindwara APMC (F&V),Onion,Onion,2020-04-07,1300,1500,1400.0
Madhya Pradesh,Chhindwara,Chhindwara APMC (F&V),Onion,Onion,2020-04-08,1100,1300,1200.0
Madhya Pradesh,Chhindwara,Chhindwara APMC (F&V),Onion,Onion,2020-04-12,1000,1400,1200.0
Madhya Pradesh,Chhindwara,Chhindwara APMC (F&V),Onion,Onion,2020-04-13,1000,1400,1200.0
Madhya Pradesh,Chhindwara,Chhindwara APMC (F&V),Onion,Onion,2020-04-16,1100,1300,1200.0
Madhya Pradesh,Chhindwara,Chhindwara APMC (F&V),Onion,Onion,2020-04-17,1000,1400,1200.0
Madhya Pradesh,Chhindwara,Chhindwara APMC (F&V),Onion,Onion,2020-04-20,1000,1400,1200.0
Madhya Pradesh,Chhindwara,Chhindwara APMC (F&V),Onion,Onion,2020-04-21,1000,1400,1200.0
Madhya Pradesh,Chhindwara,Chhindwara APMC (F&V),Onion,Onion,2020-04-24,800,1200,1000.0
Madhya Pradesh,Chhindwara,Chhindwara APMC (F&V),Onion,Onion,2020-04-25,800,1000,900.0
Madhya Pradesh,Chhindwara,Chhindwara APMC (F&V),Onion,Onion,2020-04-28,800,1200,1000.0
Madhya Pradesh,Chhindwara,Chhindwara APMC (F&V),Onion,Onion,2020-04-29,700,900,800.0
Madhya Pradesh,Chhindwara,Chhindwara APMC (F&V),Onion,Onion,2020-04-30,800,1000,900.0
Madhya Pradesh,Chhindwara,Chhindwara APMC (F&V),Onion,Onion,2020-05-12,700,900,800.0
Madhya Pradesh,Chhindwara,Chhindwara APMC (F&V),Onion,Onion,2020-05-13,700,900,800.0
Madhya Pradesh,Chhindwara,Chhindwara APMC (F&V),Onion,Onion,2020-05-14,700,900,800.0
Madhya Pradesh,Chhindwara,Chhindwara APMC (F&V),Onion,Onion,2020-05-15,700,900,800.0
Madhya Pradesh,Chhindwara,Chhindwara APMC (F&V),Onion,Onion,2020-05-16,700,900,800.0
Madhya Pradesh,Chhindwara,Chhindwara APMC (F&V),Onion,Onion,2020-05-17,700,900,800.0
Madhya Pradesh,Chhindwara,Chhindwara APMC (F&V),Onion,Onion,2020-05-19,700,900,800.0
Madhya Pradesh,Chhindwara,Chhindwara APMC (F&V),Onion,Onion,2020-05-20,700,900,800.0
Madhya Pradesh,Chhindwara,Chhindwara APMC (F&V),Onion,Onion,2020-05-21,700,900,800.0
Madhya Pradesh,Chhindwara,Chhindwara APMC (F&V),Onion,Onion,2020-05-22,600,800,700.0
Madhya Pradesh,Chhindwara,Chhindwara APMC (F&V),Onion,Onion,2020-05-23,600,800,700.0
Madhya Pradesh,Chhindwara,Chhindwara APMC (F&V),Onion,Onion,2020-05-26,600,800,700.0
Madhya Pradesh,Chhindwara,Chhindwara APMC (F&V),Onion,Onion,2020-05-27,600,800,700.0
Madhya Pradesh,Chhindwara,Chhindwara APMC (F&V),Onion,Onion,2020-05-28,600,800,700.0
Madhya Pradesh,Chhindwara,Chhindwara APMC (F&V),Onion,Onion,2020-05-29,700,900,800.0
Madhya Pradesh,Chhindwara,Chhindwara APMC (F&V),Onion,Onion,2020-05-30,600,800,700.0
Madhya Pradesh,Chhindwara,Chhindwara APMC (F&V),Onion,Onion,2020-05-31,700,900,800.0
Madhya Pradesh,Chhindwara,Chhindwara APMC (F&V),Onion,Onion,2020-06-02,700,900,800.0
Madhya Pradesh,Chhindwara,Chhindwara APMC (F&V),Onion,Onion,2020-06-03,700,900,800.0
Madhya Pradesh,Chhindwara,Chhindwara APMC (F&V),Onion,Onion,2020-06-04,700,900,800.0
Madhya Pradesh,Chhindwara,Chhindwara APMC (F&V),Onion,Onion,2020-06-05,600,800,700.0
Madhya Pradesh,Chhindwara,Chhindwara APMC (F&V),Onion,Onion,2020-06-06,600,800,700.0
Madhya Pradesh,Chhindwara,Chhindwara APMC (F&V),Onion,Onion,2020-06-07,600,800,700.0
Madhya Pradesh,Chhindwara,Chhindwara APMC (F&V),Onion,Onion,2020-06-09,600,800,700.0
Madhya Pradesh,Chhindwara,Chhindwara APMC (F&V),Onion,Onion,2020-06-10,600,800,700.0
Madhya Pradesh,Chhindwara,Chhindwara APMC (F&V),Onion,Onion,2020-06-11,600,800,700.0
Madhya Pradesh,Chhindwara,Chhindwara APMC (F&V),Onion,Onion,2020-06-12,700,900,800.0
Madhya Pradesh,Chhindwara,Chhindwara APMC (F&V),Onion,Onion,2020-06-13,700,900,800.0
Madhya Pradesh,Chhindwara,Chhindwara APMC (F&V),Onion,Onion,2020-06-14,700,900,800.0
Madhya Pradesh,Chhindwara,Chhindwara APMC (F&V),Onion,Onion,2020-06-17,700,900,800.0
Madhya Pradesh,Chhindwara,Chhindwara APMC (F&V),Onion,Onion,2020-06-18,800,1200,1000.0
Madhya Pradesh,Chhindwara,Chhindwara APMC (F&V),Onion,Onion,2020-06-19,900,1100,1000.0
Madhya Pradesh,Chhindwara,Chhindwara APMC (F&V),Onion,Onion,2020-06-20,800,1000,900.0
Madhya Pradesh,Chhindwara,Chhindwara APMC (F&V),Onion,Onion,2020-06-21,800,1000,900.0
Madhya Pradesh,Chhindwara,Chhindwara APMC (F&V),Onion,Onion,2020-06-23,800,1000,900.0
Madhya Pradesh,Chhindwara,Chhindwara APMC (F&V),Onion,Onion,2020-06-24,700,900,800.0
Madhya Pradesh,Chhindwara,Chhindwara APMC (F&V),Onion,Onion,2020-06-25,800,1000,900.0
Madhya Pradesh,Chhindwara,Chhindwara APMC (F&V),Onion,Onion,2020-06-26,800,1000,900.0
Madhya Pradesh,Chhindwara,Chhindwara APMC (F&V),Onion,Onion,2020-06-27,700,900,800.0
Madhya Pradesh,Chhindwara,Chhindwara APMC (F&V),Onion,Onion,2020-06-28,700,900,800.0
Madhya Pradesh,Chhindwara,Chhindwara APMC (F&V),Onion,Onion,2020-06-30,700,900,800.0
Madhya Pradesh,Chhindwara,Chhindwara APMC (F&V),Onion,Onion,2020-07-04,700,900,800.0
Madhya Pradesh,Chhindwara,Chhindwara APMC (F&V),Onion,Onion,2020-07-05,700,900,800.0
Madhya Pradesh,Chhindwara,Chhindwara APMC (F&V),Onion,Onion,2020-07-07,700,900,800.0
Madhya Pradesh,Chhindwara,Chhindwara APMC (F&V),Onion,Onion,2020-07-08,700,900,800.0
Madhya Pradesh,Chhindwara,Chhindwara APMC (F&V),Onion,Onion,2020-07-09,700,900,800.0
Madhya Pradesh,Chhindwara,Chhindwara APMC (F&V),Onion,Onion,2020-07-10,700,900,800.0
Madhya Pradesh,Chhindwara,Chhindwara APMC (F&V),Onion,Onion,2020-07-11,800,1000,900.0
Madhya Pradesh,Chhindwara,Chhindwara APMC (F&V),Onion,Onion,2020-07-14,700,900,800.0
Madhya Pradesh,Chhindwara,Chhindwara APMC (F&V),Onion,Onion,2020-07-15,700,900,800.0
Madhya Pradesh,Chhindwara,Chhindwara APMC (F&V),Onion,Onion,2020-07-17,700,900,800.0
Madhya Pradesh,Chhindwara,Chhindwara APMC (F&V),Onion,Onion,2020-07-18,700,900,800.0
Madhya Pradesh,Chhindwara,Chhindwara APMC (F&V),Onion,Onion,2020-07-20,800,1000,900.0
Madhya Pradesh,Chhindwara,Chhindwara APMC (F&V),Onion,Onion,2020-07-21,700,900,800.0
Madhya Pradesh,Chhindwara,Chhindwara APMC (F&V),Onion,Onion,2020-07-22,700,900,800.0
Madhya Pradesh,Chhindwara,Chhindwara APMC (F&V),Onion,Onion,2020-07-23,700,900,800.0
Madhya Pradesh,Chhindwara,Chhindwara APMC (F&V),Onion,Onion,2020-07-24,700,900,800.0
Madhya Pradesh,Chhindwara,Chhindwara APMC (F&V),Onion,Onion,2020-07-25,700,900,800.0
Madhya Pradesh,Chhindwara,Chhindwara APMC (F&V),Onion,Onion,2020-07-27,700,900,800.0
Madhya Pradesh,Chhindwara,Chhindwara APMC (F&V),Onion,Onion,2020-07-28,700,900,800.0
Madhya Pradesh,Chhindwara,Chhindwara APMC (F&V),Onion,Onion,2020-07-29,700,900,800.0
Madhya Pradesh,Chhindwara,Chhindwara APMC (F&V),Onion,Onion,2020-07-30,700,900,800.0
Madhya Pradesh,Chhindwara,Chhindwara APMC (F&V),Onion,Onion,2020-08-07,600,800,700.0
Madhya Pradesh,Chhindwara,Chhindwara APMC (F&V),Onion,Onion,2020-08-08,600,800,700.0
Madhya Pradesh,Chhindwara,Chhindwara APMC (F&V),Onion,Onion,2020-08-10,600,800,700.0
Madhya Pradesh,Chhindwara,Chhindwara APMC (F&V),Onion,Onion,2020-08-11,700,900,800.0
Madhya Pradesh,Chhindwara,Chhindwara APMC (F&V),Onion,Onion,2020-08-12,700,900,800.0
Madhya Pradesh,Chhindwara,Chhindwara APMC (F&V),Onion,Onion,2020-08-13,700,900,800.0
Madhya Pradesh,Chhindwara,Chhindwara APMC (F&V),Onion,Onion,2020-08-14,700,900,800.0
Madhya Pradesh,Chhindwara,Chhindwara APMC (F&V),Onion,Onion,2020-08-15,700,900,800.0
Madhya Pradesh,Chhindwara,Chhindwara APMC (F&V),Onion,Onion,2020-08-17,700,900,800.0
Madhya Pradesh,Chhindwara,Chhindwara APMC (F&V),Onion,Onion,2020-08-18,700,900,800.0
Madhya Pradesh,Chhindwara,Chhindwara APMC (F&V),Onion,Onion,2020-08-19,800,1000,900.0
Madhya Pradesh,Chhindwara,Chhindwara APMC (F&V),Onion,Onion,2020-08-21,600,800,700.0
Madhya Pradesh,Chhindwara,Chhindwara APMC (F&V),Onion,Onion,2020-08-22,600,800,700.0
Madhya Pradesh,Chhindwara,Chhindwara APMC (F&V),Onion,Onion,2020-08-24,600,800,700.0
Madhya Pradesh,Chhindwara,Chhindwara APMC (F&V),Onion,Onion,2020-08-25,900,1100,1000.0
Madhya Pradesh,Chhindwara,Chhindwara APMC (F&V),Onion,Onion,2020-08-26,800,1000,900.0
Madhya Pradesh,Chhindwara,Chhindwara APMC (F&V),Onion,Onion,2020-08-27,800,900,850.0
Madhya Pradesh,Chhindwara,Chhindwara APMC (F&V),Onion,Onion,2020-09-08,800,1000,900.0
Madhya Pradesh,Chhindwara,Chhindwara APMC (F&V),Onion,Onion,2020-09-09,500,700,600.0
Madhya Pradesh,Chhindwara,Chhindwara APMC (F&V),Onion,Onion,2020-09-10,800,1200,1000.0
Madhya Pradesh,Chhindwara,Chhindwara APMC (F&V),Onion,Onion,2020-09-11,700,900,800.0
Madhya Pradesh,Chhindwara,Chhindwara APMC (F&V),Onion,Onion,2020-09-12,600,800,700.0
Madhya Pradesh,Chhindwara,Chhindwara APMC (F&V),Onion,Onion,2020-09-14,800,1000,900.0
Madhya Pradesh,Chhindwara,Chhindwara APMC (F&V),Onion,Onion,2020-09-15,800,1000,900.0
Madhya Pradesh,Damoh,Damoh(F&V),Onion,Other,2020-01-01,3000,3000,3000.0
Madhya Pradesh,Damoh,Damoh(F&V),Onion,Other,2020-01-04,3000,3500,3000.0
Madhya Pradesh,Damoh,Damoh(F&V),Onion,Other,2020-01-07,1500,2500,2000.0
Madhya Pradesh,Damoh,Damoh(F&V),Onion,Other,2020-01-12,2000,2000,2000.0
Madhya Pradesh,Damoh,Damoh(F&V),Onion,Other,2020-01-13,2000,2000,2000.0
Madhya Pradesh,Damoh,Damoh(F&V),Onion,Other,2020-01-16,1500,2000,1500.0
Madhya Pradesh,Damoh,Damoh(F&V),Onion,Other,2020-01-17,3000,3000,3000.0
Madhya Pradesh,Damoh,Damoh(F&V),Onion,Other,2020-01-18,2500,3200,3000.0
Madhya Pradesh,Damoh,Damoh(F&V),Onion,Other,2020-01-19,2500,2500,2500.0
Madhya Pradesh,Damoh,Damoh(F&V),Onion,Other,2020-01-20,2000,2000,2000.0
Madhya Pradesh,Damoh,Damoh(F&V),Onion,Other,2020-01-21,2500,3000,3000.0
Madhya Pradesh,Damoh,Damoh(F&V),Onion,Other,2020-01-22,2500,2500,2500.0
Madhya Pradesh,Damoh,Damoh(F&V),Onion,Other,2020-01-23,3000,3000,3000.0
Madhya Pradesh,Damoh,Damoh(F&V),Onion,Other,2020-01-24,2500,2500,2500.0
Madhya Pradesh,Damoh,Damoh(F&V),Onion,Other,2020-01-27,2500,3000,3000.0
Madhya Pradesh,Damoh,Damoh(F&V),Onion,Other,2020-02-05,1500,2000,1500.0
Madhya Pradesh,Damoh,Damoh(F&V),Onion,Other,2020-02-07,1500,1800,1500.0
Madhya Pradesh,Damoh,Damoh(F&V),Onion,Other,2020-02-10,1500,2000,2000.0
Madhya Pradesh,Damoh,Damoh(F&V),Onion,Other,2020-02-11,1500,2000,2000.0
Madhya Pradesh,Damoh,Damoh(F&V),Onion,Other,2020-02-12,1000,1500,1500.0
Madhya Pradesh,Damoh,Damoh(F&V),Onion,Other,2020-02-15,1000,1500,1500.0
Madhya Pradesh,Damoh,Damoh(F&V),Onion,Other,2020-02-17,1000,1500,1500.0
Madhya Pradesh,Damoh,Damoh(F&V),Onion,Other,2020-02-18,1500,1500,1500.0
Madhya Pradesh,Damoh,Damoh(F&V),Onion,Other,2020-02-19,1500,2000,1500.0
Madhya Pradesh,Damoh,Damoh(F&V),Onion,Other,2020-02-20,1000,1500,1500.0
Madhya Pradesh,Damoh,Damoh(F&V),Onion,Other,2020-02-21,1000,1000,1000.0
Madhya Pradesh,Damoh,Damoh(F&V),Onion,Other,2020-02-24,1500,1500,1500.0
Madhya Pradesh,Damoh,Damoh(F&V),Onion,Other,2020-03-01,2000,2000,2000.0
Madhya Pradesh,Damoh,Damoh(F&V),Onion,Other,2020-03-03,1500,1500,1500.0
Madhya Pradesh,Damoh,Damoh(F&V),Onion,Other,2020-03-05,1500,1500,1500.0
Madhya Pradesh,Damoh,Damoh(F&V),Onion,Other,2020-03-08,1500,1500,1500.0
Madhya Pradesh,Damoh,Damoh(F&V),Onion,Other,2020-03-11,1500,1500,1500.0
Madhya Pradesh,Damoh,Damoh(F&V),Onion,Other,2020-03-16,1000,1200,1200.0
Madhya Pradesh,Damoh,Damoh(F&V),Onion,Other,2020-03-20,1200,1200,1200.0
Madhya Pradesh,Damoh,Damoh(F&V),Onion,Other,2020-03-21,1000,1200,1200.0
Madhya Pradesh,Damoh,Damoh(F&V),Onion,Other,2020-03-22,1000,1000,1000.0
Madhya Pradesh,Damoh,Damoh(F&V),Onion,Other,2020-03-23,1000,1200,1200.0
Madhya Pradesh,Damoh,Damoh(F&V),Onion,Other,2020-03-24,1000,1200,1000.0
Madhya Pradesh,Damoh,Damoh(F&V),Onion,Other,2020-03-25,1000,1200,1000.0
Madhya Pradesh,Damoh,Damoh(F&V),Onion,Other,2020-03-26,1000,1200,1200.0
Madhya Pradesh,Damoh,Damoh(F&V),Onion,Other,2020-03-27,1000,1200,1200.0
Madhya Pradesh,Damoh,Damoh(F&V),Onion,Other,2020-03-28,1000,1200,1100.0
Madhya Pradesh,Damoh,Damoh(F&V),Onion,Other,2020-03-29,1000,1100,1100.0
Madhya Pradesh,Damoh,Damoh(F&V),Onion,Other,2020-03-30,1000,1200,1100.0
Madhya Pradesh,Damoh,Damoh(F&V),Onion,Other,2020-03-31,1000,1200,1200.0
Madhya Pradesh,Damoh,Damoh(F&V),Onion,Other,2020-04-07,900,1000,1000.0
Madhya Pradesh,Damoh,Damoh(F&V),Onion,Other,2020-04-09,800,1000,1000.0
Madhya Pradesh,Damoh,Damoh(F&V),Onion,Other,2020-04-10,800,1000,1000.0
Madhya Pradesh,Damoh,Damoh(F&V),Onion,Other,2020-04-11,700,1000,800.0
Madhya Pradesh,Damoh,Damoh(F&V),Onion,Other,2020-04-12,800,1000,1000.0
Madhya Pradesh,Damoh,Damoh(F&V),Onion,Other,2020-04-13,800,1000,1000.0
Madhya Pradesh,Damoh,Damoh(F&V),Onion,Other,2020-04-14,800,1000,900.0
Madhya Pradesh,Damoh,Damoh(F&V),Onion,Other,2020-04-15,800,1000,1000.0
Madhya Pradesh,Damoh,Damoh(F&V),Onion,Other,2020-04-16,800,1000,900.0
Madhya Pradesh,Damoh,Damoh(F&V),Onion,Other,2020-04-17,1000,1000,1000.0
Madhya Pradesh,Damoh,Damoh(F&V),Onion,Other,2020-04-18,1000,1000,1000.0
Madhya Pradesh,Damoh,Damoh(F&V),Onion,Other,2020-04-19,1000,1000,1000.0
Madhya Pradesh,Damoh,Damoh(F&V),Onion,Other,2020-04-20,800,1000,900.0
Madhya Pradesh,Damoh,Damoh(F&V),Onion,Other,2020-04-21,800,1000,900.0
Madhya Pradesh,Damoh,Damoh(F&V),Onion,Other,2020-04-22,700,1200,1000.0
Madhya Pradesh,Damoh,Damoh(F&V),Onion,Other,2020-04-23,1000,1000,1000.0
Madhya Pradesh,Damoh,Damoh(F&V),Onion,Other,2020-04-24,700,1000,1000.0
Madhya Pradesh,Damoh,Damoh(F&V),Onion,Other,2020-04-25,700,1000,800.0
Madhya Pradesh,Damoh,Damoh(F&V),Onion,Other,2020-04-26,700,700,700.0
Madhya Pradesh,Damoh,Damoh(F&V),Onion,Other,2020-04-27,800,1000,1000.0
Madhya Pradesh,Damoh,Damoh(F&V),Onion,Other,2020-04-29,800,1000,1000.0
Madhya Pradesh,Damoh,Damoh(F&V),Onion,Other,2020-04-30,700,1000,1000.0
Madhya Pradesh,Damoh,Damoh(F&V),Onion,Other,2020-05-03,1000,1000,1000.0
Madhya Pradesh,Damoh,Damoh(F&V),Onion,Other,2020-05-04,700,1000,800.0
Madhya Pradesh,Damoh,Damoh(F&V),Onion,Other,2020-05-05,1000,1000,1000.0
Madhya Pradesh,Damoh,Damoh(F&V),Onion,Other,2020-05-08,700,1000,800.0
Madhya Pradesh,Damoh,Damoh(F&V),Onion,Other,2020-05-09,700,1000,800.0
Madhya Pradesh,Damoh,Damoh(F&V),Onion,Other,2020-05-10,800,900,800.0
Madhya Pradesh,Damoh,Damoh(F&V),Onion,Other,2020-05-11,700,800,700.0
Madhya Pradesh,Damoh,Damoh(F&V),Onion,Other,2020-05-12,800,1000,1000.0
Madhya Pradesh,Damoh,Damoh(F&V),Onion,Other,2020-05-14,1000,1000,1000.0
Madhya Pradesh,Damoh,Damoh(F&V),Onion,Other,2020-05-16,700,800,700.0
Madhya Pradesh,Damoh,Damoh(F&V),Onion,Other,2020-05-17,1000,1000,1000.0
Madhya Pradesh,Damoh,Damoh(F&V),Onion,Other,2020-05-19,1000,1000,1000.0
Madhya Pradesh,Damoh,Damoh(F&V),Onion,Other,2020-05-21,1000,1000,1000.0
Madhya Pradesh,Damoh,Damoh(F&V),Onion,Other,2020-05-22,1000,1000,1000.0
Madhya Pradesh,Damoh,Damoh(F&V),Onion,Other,2020-05-25,1000,1000,1000.0
Madhya Pradesh,Damoh,Damoh(F&V),Onion,Other,2020-05-29,800,800,800.0
Madhya Pradesh,Damoh,Damoh(F&V),Onion,Other,2020-05-30,700,800,800.0
Madhya Pradesh,Damoh,Damoh(F&V),Onion,Other,2020-05-31,1000,1000,1000.0
Madhya Pradesh,Damoh,Damoh(F&V),Onion,Other,2020-06-09,1000,1000,1000.0
Madhya Pradesh,Damoh,Damoh(F&V),Onion,Other,2020-06-10,1000,1000,1000.0
Madhya Pradesh,Damoh,Damoh(F&V),Onion,Other,2020-06-14,1000,1000,1000.0
Madhya Pradesh,Damoh,Damoh(F&V),Onion,Other,2020-06-15,1000,1000,1000.0
Madhya Pradesh,Damoh,Damoh(F&V),Onion,Other,2020-06-16,800,1000,1000.0
Madhya Pradesh,Damoh,Damoh(F&V),Onion,Other,2020-06-18,1000,1000,1000.0
Madhya Pradesh,Damoh,Damoh(F&V),Onion,Other,2020-06-21,1000,1000,1000.0
Madhya Pradesh,Damoh,Damoh(F&V),Onion,Other,2020-06-22,1000,1000,1000.0
Madhya Pradesh,Damoh,Damoh(F&V),Onion,Other,2020-06-25,1000,1000,1000.0
Madhya Pradesh,Damoh,Damoh(F&V),Onion,Other,2020-06-26,1000,1000,1000.0
Madhya Pradesh,Damoh,Damoh(F&V),Onion,Other,2020-06-29,1000,1000,1000.0
Madhya Pradesh,Damoh,Damoh(F&V),Onion,Other,2020-07-02,1000,1000,1000.0
Madhya Pradesh,Damoh,Damoh(F&V),Onion,Other,2020-07-03,1000,1000,1000.0
Madhya Pradesh,Damoh,Damoh(F&V),Onion,Other,2020-07-07,1000,1000,1000.0
Madhya Pradesh,Damoh,Damoh(F&V),Onion,Other,2020-07-10,1000,1000,1000.0
Madhya Pradesh,Damoh,Damoh(F&V),Onion,Other,2020-07-11,1000,1000,1000.0
Madhya Pradesh,Damoh,Damoh(F&V),Onion,Other,2020-07-17,1000,1000,1000.0
Madhya Pradesh,Damoh,Damoh(F&V),Onion,Other,2020-07-18,1000,1000,1000.0
Madhya Pradesh,Damoh,Damoh(F&V),Onion,Other,2020-07-20,1000,1000,1000.0
Madhya Pradesh,Damoh,Damoh(F&V),Onion,Other,2020-07-21,1000,1000,1000.0
Madhya Pradesh,Damoh,Damoh(F&V),Onion,Other,2020-07-22,1000,1000,1000.0
Madhya Pradesh,Damoh,Damoh(F&V),Onion,Other,2020-07-23,1000,1000,1000.0
Madhya Pradesh,Damoh,Damoh(F&V),Onion,Other,2020-07-30,1000,1000,1000.0
Madhya Pradesh,Damoh,Damoh(F&V),Onion,Other,2020-08-11,1000,1000,1000.0
Madhya Pradesh,Damoh,Damoh(F&V),Onion,Other,2020-08-12,1000,1000,1000.0
Madhya Pradesh,Damoh,Damoh(F&V),Onion,Other,2020-08-21,1000,1000,1000.0
Madhya Pradesh,Damoh,Damoh(F&V),Onion,Other,2020-08-22,1000,1000,1000.0
Madhya Pradesh,Damoh,Damoh(F&V),Onion,Other,2020-08-26,1000,1000,1000.0
Madhya Pradesh,Damoh,Damoh(F&V),Onion,Other,2020-08-27,1000,1000,1000.0
Madhya Pradesh,Damoh,Damoh(F&V),Onion,Other,2020-08-28,1000,1000,1000.0
Madhya Pradesh,Damoh,Damoh(F&V),Onion,Other,2020-09-01,1000,1000,1000.0
Madhya Pradesh,Damoh,Damoh(F&V),Onion,Other,2020-09-10,1000,1000,1000.0
Madhya Pradesh,Damoh,Damoh(F&V),Onion,Other,2020-09-11,1000,1000,1000.0
Madhya Pradesh,Damoh,Damoh(F&V),Onion,Other,2020-09-12,1000,1000,1000.0
Madhya Pradesh,Damoh,Damoh(F&V),Onion,Other,2020-09-13,1000,1000,1000.0
Madhya Pradesh,Damoh,Damoh(F&V),Onion,Other,2020-09-14,1000,1000,1000.0
Madhya Pradesh,Damoh,Damoh(F&V),Onion,Other,2020-09-15,1000,1000,1000.0
Madhya Pradesh,Sagar,Deori,Onion,Onion,2020-01-07,2600,3000,2900.0
Madhya Pradesh,Sagar,Deori,Onion,Onion,2020-01-08,2800,3250,3000.0
Madhya Pradesh,Sagar,Deori,Onion,Onion,2020-01-09,2000,2800,2600.0
Madhya Pradesh,Sagar,Deori,Onion,Onion,2020-01-10,2000,2600,2500.0
Madhya Pradesh,Sagar,Deori,Onion,Onion,2020-01-11,2000,2600,2500.0
Madhya Pradesh,Sagar,Deori,Onion,Onion,2020-01-12,2000,2600,2500.0
Madhya Pradesh,Sagar,Deori,Onion,Onion,2020-01-13,2000,2500,2300.0
Madhya Pradesh,Sagar,Deori,Onion,Onion,2020-01-14,1900,2400,2350.0
Madhya Pradesh,Sagar,Deori,Onion,Onion,2020-01-15,1800,2300,2250.0
Madhya Pradesh,Sagar,Deori,Onion,Onion,2020-01-16,1900,2600,2550.0
Madhya Pradesh,Sagar,Deori,Onion,Onion,2020-01-18,2000,2400,2350.0
Madhya Pradesh,Sagar,Deori,Onion,Onion,2020-01-19,1800,2400,2350.0
Madhya Pradesh,Sagar,Deori,Onion,Onion,2020-01-20,1800,2200,2200.0
Madhya Pradesh,Sagar,Deori,Onion,Onion,2020-01-21,1800,2000,2000.0
Madhya Pradesh,Sagar,Deori,Onion,Onion,2020-01-22,1800,2000,2000.0
Madhya Pradesh,Sagar,Deori,Onion,Onion,2020-01-23,1800,2300,2250.0
Madhya Pradesh,Sagar,Deori,Onion,Onion,2020-01-24,1800,2200,2200.0
Madhya Pradesh,Sagar,Deori,Onion,Onion,2020-01-25,1800,2000,2000.0
Madhya Pradesh,Sagar,Deori,Onion,Onion,2020-01-26,2000,2200,2200.0
Madhya Pradesh,Sagar,Deori,Onion,Onion,2020-01-27,1600,2000,2000.0
Madhya Pradesh,Sagar,Deori,Onion,Onion,2020-01-28,1800,2000,2000.0
Madhya Pradesh,Sagar,Deori,Onion,Onion,2020-01-29,1800,2200,2150.0
Madhya Pradesh,Sagar,Deori,Onion,Onion,2020-01-30,800,2300,2300.0
Madhya Pradesh,Sagar,Deori,Onion,Onion,2020-01-31,1800,2300,2300.0
Madhya Pradesh,Sagar,Deori,Onion,Onion,2020-02-04,1800,2000,2000.0
Madhya Pradesh,Sagar,Deori,Onion,Onion,2020-02-07,1800,2200,2150.0
Madhya Pradesh,Sagar,Deori,Onion,Onion,2020-02-08,1800,2000,2000.0
Madhya Pradesh,Sagar,Deori,Onion,Onion,2020-02-09,1500,2000,2000.0
Madhya Pradesh,Sagar,Deori,Onion,Onion,2020-02-10,1400,1800,1800.0
Madhya Pradesh,Sagar,Deori,Onion,Onion,2020-02-11,1600,1800,1800.0
Madhya Pradesh,Sagar,Deori,Onion,Onion,2020-02-12,1800,1900,1900.0
Madhya Pradesh,Sagar,Deori,Onion,Onion,2020-02-13,1300,1800,1750.0
Madhya Pradesh,Sagar,Deori,Onion,Onion,2020-02-14,1600,1800,1800.0
Madhya Pradesh,Sagar,Deori,Onion,Onion,2020-02-15,1500,2000,2000.0
Madhya Pradesh,Sagar,Deori,Onion,Onion,2020-02-16,1700,1800,1800.0
Madhya Pradesh,Sagar,Deori,Onion,Onion,2020-02-17,1400,1900,1800.0
Madhya Pradesh,Sagar,Deori,Onion,Onion,2020-02-18,1000,1800,1700.0
Madhya Pradesh,Sagar,Deori,Onion,Onion,2020-02-19,1600,1800,1800.0
Madhya Pradesh,Sagar,Deori,Onion,Onion,2020-02-20,1500,1900,1800.0
Madhya Pradesh,Sagar,Deori,Onion,Onion,2020-02-21,1400,1900,1800.0
Madhya Pradesh,Sagar,Deori,Onion,Onion,2020-02-22,1500,1800,1700.0
Madhya Pradesh,Sagar,Deori,Onion,Onion,2020-02-23,1700,1800,1800.0
Madhya Pradesh,Sagar,Deori,Onion,Onion,2020-02-24,1400,1900,1800.0
Madhya Pradesh,Sagar,Deori,Onion,Onion,2020-02-25,1700,1800,1800.0
Madhya Pradesh,Sagar,Deori,Onion,Onion,2020-02-26,1700,1800,1800.0
Madhya Pradesh,Sagar,Deori,Onion,Onion,2020-02-27,1400,1800,1800.0
Madhya Pradesh,Sagar,Deori,Onion,Onion,2020-02-28,1800,2400,2000.0
Madhya Pradesh,Sagar,Deori,Onion,Onion,2020-02-29,1400,1800,1750.0
Madhya Pradesh,Sagar,Deori,Onion,Onion,2020-03-03,1400,1800,1600.0
Madhya Pradesh,Sagar,Deori,Onion,Onion,2020-03-04,1700,1800,1800.0
Madhya Pradesh,Sagar,Deori,Onion,Onion,2020-03-06,1200,1800,1400.0
Madhya Pradesh,Sagar,Deori,Onion,Onion,2020-03-10,1400,1500,1500.0
Madhya Pradesh,Sagar,Deori,Onion,Onion,2020-03-11,1100,1500,1500.0
Madhya Pradesh,Sagar,Deori,Onion,Onion,2020-03-12,1000,1500,1500.0
Madhya Pradesh,Sagar,Deori,Onion,Onion,2020-03-13,1000,1300,1000.0
Madhya Pradesh,Sagar,Deori,Onion,Onion,2020-03-14,1000,1400,1000.0
Madhya Pradesh,Sagar,Deori,Onion,Onion,2020-03-15,1000,1200,1000.0
Madhya Pradesh,Sagar,Deori,Onion,Onion,2020-03-16,1000,1400,1000.0
Madhya Pradesh,Sagar,Deori,Onion,Onion,2020-03-17,1000,1400,1000.0
Madhya Pradesh,Sagar,Deori,Onion,Onion,2020-03-18,900,1100,900.0
Madhya Pradesh,Sagar,Deori,Onion,Onion,2020-03-19,900,1100,900.0
Madhya Pradesh,Sagar,Deori,Onion,Onion,2020-03-20,900,1000,900.0
Madhya Pradesh,Sagar,Deori,Onion,Onion,2020-03-27,800,900,800.0
Madhya Pradesh,Sagar,Deori,Onion,Onion,2020-03-28,800,900,800.0
Madhya Pradesh,Sagar,Deori,Onion,Onion,2020-03-29,800,900,800.0
Madhya Pradesh,Sagar,Deori,Onion,Onion,2020-03-30,700,800,700.0
Madhya Pradesh,Sagar,Deori,Onion,Onion,2020-04-05,500,602,550.0
Madhya Pradesh,Sagar,Deori,Onion,Onion,2020-04-06,400,600,500.0
Madhya Pradesh,Sagar,Deori,Onion,Onion,2020-04-07,500,550,525.0
Madhya Pradesh,Sagar,Deori,Onion,Onion,2020-04-08,500,550,525.0
Madhya Pradesh,Sagar,Deori,Onion,Onion,2020-04-18,300,550,510.0
Madhya Pradesh,Sagar,Deori,Onion,Onion,2020-05-10,400,500,430.0
Madhya Pradesh,Sagar,Deori,Onion,Onion,2020-05-11,400,500,420.0
Madhya Pradesh,Sagar,Deori,Onion,Onion,2020-05-12,400,500,460.0
Madhya Pradesh,Sagar,Deori,Onion,Onion,2020-07-21,800,1000,900.0
Madhya Pradesh,Sagar,Deori,Onion,Onion,2020-07-22,800,900,850.0
Madhya Pradesh,Sagar,Deori,Onion,Onion,2020-07-23,800,900,860.0
Madhya Pradesh,Sagar,Deori,Onion,Onion,2020-07-27,800,900,850.0
Madhya Pradesh,Sagar,Deori,Onion,Onion,2020-07-28,800,900,850.0
Madhya Pradesh,Sagar,Deori,Onion,Onion,2020-07-29,800,900,850.0
Madhya Pradesh,Sagar,Deori,Onion,Onion,2020-07-30,800,910,860.0
Madhya Pradesh,Sagar,Deori,Onion,Onion,2020-07-31,810,910,860.0
Madhya Pradesh,Sagar,Deori,Onion,Onion,2020-08-10,700,800,750.0
Madhya Pradesh,Sagar,Deori,Onion,Onion,2020-08-11,700,800,750.0
Madhya Pradesh,Sagar,Deori,Onion,Onion,2020-08-12,700,800,750.0
Madhya Pradesh,Sagar,Deori,Onion,Onion,2020-08-13,700,800,750.0
Madhya Pradesh,Sagar,Deori,Onion,Onion,2020-08-18,700,800,750.0
Madhya Pradesh,Sagar,Deori,Onion,Onion,2020-08-19,700,900,800.0
Madhya Pradesh,Sagar,Deori,Onion,Onion,2020-08-20,700,900,800.0
Madhya Pradesh,Sagar,Deori,Onion,Onion,2020-08-21,700,900,800.0
Madhya Pradesh,Sagar,Deori,Onion,Onion,2020-08-22,800,900,850.0
Madhya Pradesh,Sagar,Deori,Onion,Onion,2020-08-24,700,900,800.0
Madhya Pradesh,Sagar,Deori,Onion,Onion,2020-08-25,800,1000,900.0
Madhya Pradesh,Sagar,Deori,Onion,Onion,2020-08-26,800,1000,900.0
Madhya Pradesh,Sagar,Deori,Onion,Onion,2020-08-27,800,900,850.0
Madhya Pradesh,Sagar,Deori,Onion,Onion,2020-08-28,800,1000,900.0
Madhya Pradesh,Sagar,Deori,Onion,Onion,2020-08-29,800,900,850.0
Madhya Pradesh,Sagar,Deori,Onion,Onion,2020-08-31,800,1000,900.0
Madhya Pradesh,Sagar,Deori,Onion,Onion,2020-09-08,550,1200,900.0
Madhya Pradesh,Sagar,Deori,Onion,Onion,2020-09-09,900,1200,1100.0
Madhya Pradesh,Sagar,Deori,Onion,Onion,2020-09-10,800,1200,1000.0
Madhya Pradesh,Sagar,Deori,Onion,Onion,2020-09-12,1000,1100,1050.0
Madhya Pradesh,Sagar,Deori,Onion,Onion,2020-09-13,1000,1100,1050.0
Madhya Pradesh,Sagar,Deori,Onion,Onion,2020-09-14,1000,1100,1050.0
Madhya Pradesh,Sagar,Deori,Onion,Onion,2020-09-15,800,1200,1000.0
Madhya Pradesh,Dewas,Dewas APMC (F&V),Onion,Other,2020-01-02,1800,4200,2800.0
Madhya Pradesh,Dewas,Dewas APMC (F&V),Onion,Other,2020-01-03,1500,4000,2400.0
Madhya Pradesh,Dewas,Dewas APMC (F&V),Onion,Other,2020-01-04,1800,4400,2200.0
Madhya Pradesh,Dewas,Dewas APMC (F&V),Onion,Other,2020-01-05,1500,4000,2000.0
Madhya Pradesh,Dewas,Dewas APMC (F&V),Onion,Other,2020-01-06,1400,3500,1800.0
Madhya Pradesh,Dewas,Dewas APMC (F&V),Onion,Other,2020-01-07,1500,4000,2100.0
Madhya Pradesh,Dewas,Dewas APMC (F&V),Onion,Other,2020-01-08,1600,3500,2400.0
Madhya Pradesh,Dewas,Dewas APMC (F&V),Onion,Other,2020-01-09,1400,3800,2600.0
Madhya Pradesh,Dewas,Dewas APMC (F&V),Onion,Other,2020-01-10,1600,4000,2200.0
Madhya Pradesh,Dewas,Dewas APMC (F&V),Onion,Other,2020-01-11,1400,3500,2000.0
Madhya Pradesh,Dewas,Dewas APMC (F&V),Onion,Other,2020-01-12,1800,3800,2500.0
Madhya Pradesh,Dewas,Dewas APMC (F&V),Onion,Other,2020-01-13,1600,4000,2400.0
Madhya Pradesh,Dewas,Dewas APMC (F&V),Onion,Other,2020-01-14,1400,3500,2200.0
Madhya Pradesh,Dewas,Dewas APMC (F&V),Onion,Other,2020-01-15,1500,3000,2000.0
Madhya Pradesh,Dewas,Dewas APMC (F&V),Onion,Other,2020-01-16,1800,3200,2300.0
Madhya Pradesh,Dewas,Dewas APMC (F&V),Onion,Other,2020-01-17,1600,3500,2500.0
Madhya Pradesh,Dewas,Dewas APMC (F&V),Onion,Other,2020-01-18,1300,4000,2800.0
Madhya Pradesh,Dewas,Dewas APMC (F&V),Onion,Other,2020-01-19,1400,3500,2500.0
Madhya Pradesh,Dewas,Dewas APMC (F&V),Onion,Other,2020-01-20,1800,3200,2800.0
Madhya Pradesh,Dewas,Dewas APMC (F&V),Onion,Other,2020-01-21,1300,3000,2200.0
Madhya Pradesh,Dewas,Dewas APMC (F&V),Onion,Other,2020-01-22,1500,3500,2500.0
Madhya Pradesh,Dewas,Dewas APMC (F&V),Onion,Other,2020-01-23,1400,3000,2200.0
Madhya Pradesh,Dewas,Dewas APMC (F&V),Onion,Other,2020-01-24,1300,3200,2000.0
Madhya Pradesh,Dewas,Dewas APMC (F&V),Onion,Other,2020-01-25,1500,3500,2300.0
Madhya Pradesh,Dewas,Dewas APMC (F&V),Onion,Other,2020-01-26,1400,3200,2200.0
Madhya Pradesh,Dewas,Dewas APMC (F&V),Onion,Other,2020-01-27,1800,3000,2300.0
Madhya Pradesh,Dewas,Dewas APMC (F&V),Onion,Other,2020-01-28,1400,3500,2500.0
Madhya Pradesh,Dewas,Dewas APMC (F&V),Onion,Other,2020-01-29,1200,3000,2400.0
Madhya Pradesh,Dewas,Dewas APMC (F&V),Onion,Other,2020-01-30,1400,2900,2500.0
Madhya Pradesh,Dewas,Dewas APMC (F&V),Onion,Other,2020-01-31,1500,2500,2100.0
Madhya Pradesh,Dewas,Dewas APMC (F&V),Onion,Other,2020-02-04,1200,2900,2000.0
Madhya Pradesh,Dewas,Dewas APMC (F&V),Onion,Other,2020-02-05,1400,3000,2500.0
Madhya Pradesh,Dewas,Dewas APMC (F&V),Onion,Other,2020-02-07,1100,2600,2000.0
Madhya Pradesh,Dewas,Dewas APMC (F&V),Onion,Other,2020-02-08,1000,2400,1800.0
Madhya Pradesh,Dewas,Dewas APMC (F&V),Onion,Other,2020-02-09,1000,2400,1800.0
Madhya Pradesh,Dewas,Dewas APMC (F&V),Onion,Other,2020-02-10,1000,2400,1800.0
Madhya Pradesh,Dewas,Dewas APMC (F&V),Onion,Other,2020-02-11,1200,2300,1900.0
Madhya Pradesh,Dewas,Dewas APMC (F&V),Onion,Other,2020-02-12,1100,2500,1800.0
Madhya Pradesh,Dewas,Dewas APMC (F&V),Onion,Other,2020-02-13,1400,2600,1900.0
Madhya Pradesh,Dewas,Dewas APMC (F&V),Onion,Other,2020-02-14,1500,2500,2000.0
Madhya Pradesh,Dewas,Dewas APMC (F&V),Onion,Other,2020-02-15,1000,2000,1800.0
Madhya Pradesh,Dewas,Dewas APMC (F&V),Onion,Other,2020-02-16,1100,2200,2000.0
Madhya Pradesh,Dewas,Dewas APMC (F&V),Onion,Other,2020-02-17,1400,2100,1900.0
Madhya Pradesh,Dewas,Dewas APMC (F&V),Onion,Other,2020-02-18,1200,2200,2000.0
Madhya Pradesh,Dewas,Dewas APMC (F&V),Onion,Other,2020-02-19,1100,2000,1800.0
Madhya Pradesh,Dewas,Dewas APMC (F&V),Onion,Other,2020-02-20,1000,2400,2000.0
Madhya Pradesh,Dewas,Dewas APMC (F&V),Onion,Other,2020-02-21,1100,2200,1900.0
Madhya Pradesh,Dewas,Dewas APMC (F&V),Onion,Other,2020-02-22,900,2000,1800.0
Madhya Pradesh,Dewas,Dewas APMC (F&V),Onion,Other,2020-02-23,800,1900,1700.0
Madhya Pradesh,Dewas,Dewas APMC (F&V),Onion,Other,2020-02-24,800,2200,2000.0
Madhya Pradesh,Dewas,Dewas APMC (F&V),Onion,Other,2020-02-25,900,2000,1800.0
Madhya Pradesh,Dewas,Dewas APMC (F&V),Onion,Other,2020-02-26,800,1900,1600.0
Madhya Pradesh,Dewas,Dewas APMC (F&V),Onion,Other,2020-02-27,900,2000,1800.0
Madhya Pradesh,Dewas,Dewas APMC (F&V),Onion,Other,2020-02-28,1000,2500,1900.0
Madhya Pradesh,Dewas,Dewas APMC (F&V),Onion,Other,2020-02-29,800,3000,2000.0
Madhya Pradesh,Dewas,Dewas APMC (F&V),Onion,Other,2020-03-03,700,1900,1600.0
Madhya Pradesh,Dewas,Dewas APMC (F&V),Onion,Other,2020-03-05,800,1800,1500.0
Madhya Pradesh,Dewas,Dewas APMC (F&V),Onion,Other,2020-03-06,600,1600,1300.0
Madhya Pradesh,Dewas,Dewas APMC (F&V),Onion,Other,2020-03-07,700,2000,1500.0
Madhya Pradesh,Dewas,Dewas APMC (F&V),Onion,Other,2020-03-08,800,2500,1800.0
Madhya Pradesh,Dewas,Dewas APMC (F&V),Onion,Other,2020-03-09,900,2800,1900.0
Madhya Pradesh,Dewas,Dewas APMC (F&V),Onion,Other,2020-03-11,800,2500,2000.0
Madhya Pradesh,Dewas,Dewas APMC (F&V),Onion,Other,2020-03-12,900,2600,1900.0
Madhya Pradesh,Dewas,Dewas APMC (F&V),Onion,Other,2020-03-13,800,2200,1800.0
Madhya Pradesh,Dewas,Dewas APMC (F&V),Onion,Other,2020-03-15,700,2000,1600.0
Madhya Pradesh,Dewas,Dewas APMC (F&V),Onion,Other,2020-03-16,600,1800,1500.0
Madhya Pradesh,Dewas,Dewas APMC (F&V),Onion,Other,2020-03-17,700,1900,1600.0
Madhya Pradesh,Dewas,Dewas APMC (F&V),Onion,Other,2020-03-18,600,1500,1300.0
Madhya Pradesh,Dewas,Dewas APMC (F&V),Onion,Other,2020-03-19,700,1800,1400.0
Madhya Pradesh,Dewas,Dewas APMC (F&V),Onion,Other,2020-03-20,600,1600,1500.0
Madhya Pradesh,Dewas,Dewas APMC (F&V),Onion,Other,2020-03-21,700,1400,1200.0
Madhya Pradesh,Dewas,Dewas APMC (F&V),Onion,Other,2020-05-29,200,500,400.0
Madhya Pradesh,Dewas,Dewas APMC (F&V),Onion,Other,2020-05-30,300,800,500.0
Madhya Pradesh,Dewas,Dewas APMC (F&V),Onion,Other,2020-05-31,200,500,400.0
Madhya Pradesh,Dewas,Dewas APMC (F&V),Onion,Other,2020-06-04,300,500,400.0
Madhya Pradesh,Dewas,Dewas APMC (F&V),Onion,Other,2020-06-05,200,500,400.0
Madhya Pradesh,Dewas,Dewas APMC (F&V),Onion,Other,2020-06-07,200,500,400.0
Madhya Pradesh,Dewas,Dewas APMC (F&V),Onion,Other,2020-06-08,300,600,500.0
Madhya Pradesh,Dewas,Dewas APMC (F&V),Onion,Other,2020-06-09,200,500,400.0
Madhya Pradesh,Dewas,Dewas APMC (F&V),Onion,Other,2020-06-10,400,600,500.0
Madhya Pradesh,Dewas,Dewas APMC (F&V),Onion,Other,2020-06-11,200,500,400.0
Madhya Pradesh,Dewas,Dewas APMC (F&V),Onion,Other,2020-06-12,300,600,500.0
Madhya Pradesh,Dewas,Dewas APMC (F&V),Onion,Other,2020-06-13,200,500,400.0
Madhya Pradesh,Dewas,Dewas APMC (F&V),Onion,Other,2020-06-14,200,400,300.0
Madhya Pradesh,Dewas,Dewas APMC (F&V),Onion,Other,2020-06-15,300,600,500.0
Madhya Pradesh,Dewas,Dewas APMC (F&V),Onion,Other,2020-06-16,200,500,300.0
Madhya Pradesh,Dewas,Dewas APMC (F&V),Onion,Other,2020-06-17,200,400,300.0
Madhya Pradesh,Dewas,Dewas APMC (F&V),Onion,Other,2020-06-18,200,400,300.0
Madhya Pradesh,Dewas,Dewas APMC (F&V),Onion,Other,2020-06-19,200,500,400.0
Madhya Pradesh,Dewas,Dewas APMC (F&V),Onion,Other,2020-06-22,200,400,300.0
Madhya Pradesh,Dewas,Dewas APMC (F&V),Onion,Other,2020-06-23,200,400,300.0
Madhya Pradesh,Dewas,Dewas APMC (F&V),Onion,Other,2020-06-24,200,400,300.0
Madhya Pradesh,Dewas,Dewas APMC (F&V),Onion,Other,2020-06-25,200,400,300.0
Madhya Pradesh,Dewas,Dewas APMC (F&V),Onion,Other,2020-06-26,200,400,300.0
Madhya Pradesh,Dewas,Dewas APMC (F&V),Onion,Other,2020-06-27,200,400,300.0
Madhya Pradesh,Dewas,Dewas APMC (F&V),Onion,Other,2020-06-29,200,400,300.0
Madhya Pradesh,Dewas,Dewas APMC (F&V),Onion,Other,2020-06-30,300,500,400.0
Madhya Pradesh,Dewas,Dewas APMC (F&V),Onion,Other,2020-07-03,200,400,300.0
Madhya Pradesh,Dewas,Dewas APMC (F&V),Onion,Other,2020-07-04,200,400,300.0
Madhya Pradesh,Dewas,Dewas APMC (F&V),Onion,Other,2020-07-06,200,400,300.0
Madhya Pradesh,Dewas,Dewas APMC (F&V),Onion,Other,2020-07-07,200,400,300.0
Madhya Pradesh,Dewas,Dewas APMC (F&V),Onion,Other,2020-07-08,200,400,300.0
Madhya Pradesh,Dewas,Dewas APMC (F&V),Onion,Other,2020-07-09,200,400,300.0
Madhya Pradesh,Dewas,Dewas APMC (F&V),Onion,Other,2020-07-10,200,400,300.0
Madhya Pradesh,Dewas,Dewas APMC (F&V),Onion,Other,2020-07-11,200,400,300.0
Madhya Pradesh,Dewas,Dewas APMC (F&V),Onion,Other,2020-07-13,200,400,300.0
Madhya Pradesh,Dewas,Dewas APMC (F&V),Onion,Other,2020-07-14,200,400,300.0
Madhya Pradesh,Dewas,Dewas APMC (F&V),Onion,Other,2020-07-15,200,400,300.0
Madhya Pradesh,Dewas,Dewas APMC (F&V),Onion,Other,2020-07-17,200,400,300.0
Madhya Pradesh,Dewas,Dewas APMC (F&V),Onion,Other,2020-07-19,500,1300,1000.0
Madhya Pradesh,Dewas,Dewas APMC (F&V),Onion,Other,2020-07-21,200,400,300.0
Madhya Pradesh,Dewas,Dewas APMC (F&V),Onion,Other,2020-08-12,200,700,300.0
Madhya Pradesh,Dewas,Dewas APMC (F&V),Onion,Other,2020-08-13,200,500,300.0
Madhya Pradesh,Dewas,Dewas APMC (F&V),Onion,Other,2020-08-15,200,500,300.0
Madhya Pradesh,Dewas,Dewas APMC (F&V),Onion,Other,2020-08-17,200,500,400.0
Madhya Pradesh,Dewas,Dewas APMC (F&V),Onion,Other,2020-08-18,200,500,400.0
Madhya Pradesh,Dewas,Dewas APMC (F&V),Onion,Other,2020-08-19,200,500,400.0
Madhya Pradesh,Dewas,Dewas APMC (F&V),Onion,Other,2020-08-20,200,500,300.0
Madhya Pradesh,Dewas,Dewas APMC (F&V),Onion,Other,2020-08-21,200,500,300.0
Madhya Pradesh,Dewas,Dewas APMC (F&V),Onion,Other,2020-08-22,200,500,400.0
Madhya Pradesh,Dewas,Dewas APMC (F&V),Onion,Other,2020-08-24,200,500,300.0
Madhya Pradesh,Dewas,Dewas APMC (F&V),Onion,Other,2020-08-26,200,600,400.0
Madhya Pradesh,Dewas,Dewas APMC (F&V),Onion,Other,2020-08-27,200,600,500.0
Madhya Pradesh,Dewas,Dewas APMC (F&V),Onion,Other,2020-08-28,200,600,400.0
Madhya Pradesh,Dewas,Dewas APMC (F&V),Onion,Other,2020-08-29,200,600,500.0
Madhya Pradesh,Dewas,Dewas APMC (F&V),Onion,Other,2020-08-31,200,700,500.0
Madhya Pradesh,Dewas,Dewas APMC (F&V),Onion,Other,2020-09-09,600,1300,1000.0
Madhya Pradesh,Dewas,Dewas APMC (F&V),Onion,Other,2020-09-10,700,1500,1200.0
Madhya Pradesh,Dewas,Dewas APMC (F&V),Onion,Other,2020-09-11,600,1600,1200.0
Madhya Pradesh,Dewas,Dewas APMC (F&V),Onion,Other,2020-09-12,600,1600,1200.0
Madhya Pradesh,Dewas,Dewas APMC (F&V),Onion,Other,2020-09-13,600,1500,1100.0
Madhya Pradesh,Dewas,Dewas APMC (F&V),Onion,Other,2020-09-14,600,1600,1200.0
Madhya Pradesh,Dewas,Dewas APMC (F&V),Onion,Other,2020-09-15,600,1500,1300.0
Madhya Pradesh,Dewas,Dewas APMC (F&V),Onion,Other,2020-09-16,600,1600,1200.0
Madhya Pradesh,Dhar,Dhamnod,Onion,Other,2020-07-04,500,800,700.0
Madhya Pradesh,Dhar,Dhamnod,Onion,Other,2020-07-05,500,900,750.0
Madhya Pradesh,Dhar,Dhamnod,Onion,Other,2020-07-06,600,900,750.0
Madhya Pradesh,Dhar,Dhamnod,Onion,Other,2020-07-07,500,900,800.0
Madhya Pradesh,Dhar,Dhamnod,Onion,Other,2020-07-08,600,900,800.0
Madhya Pradesh,Dhar,Dhamnod,Onion,Other,2020-07-09,700,900,800.0
Madhya Pradesh,Dhar,Dhamnod,Onion,Other,2020-07-11,600,925,800.0
Madhya Pradesh,Dhar,Dhamnod,Onion,Other,2020-07-13,600,1000,850.0
Madhya Pradesh,Dhar,Dhamnod,Onion,Other,2020-07-14,700,925,800.0
Madhya Pradesh,Dhar,Dhamnod,Onion,Other,2020-07-15,500,800,700.0
Madhya Pradesh,Dhar,Dhamnod,Onion,Other,2020-07-19,600,950,800.0
Madhya Pradesh,Dhar,Dhamnod,Onion,Other,2020-07-20,600,1000,800.0
Madhya Pradesh,Dhar,Dhamnod,Onion,Other,2020-07-21,500,900,700.0
Madhya Pradesh,Dhar,Dhamnod,Onion,Other,2020-07-22,500,900,750.0
Madhya Pradesh,Dhar,Dhamnod,Onion,Other,2020-07-23,600,900,800.0
Madhya Pradesh,Dhar,Dhamnod,Onion,Other,2020-07-25,551,900,800.0
Madhya Pradesh,Dhar,Dhamnod,Onion,Other,2020-07-27,500,900,700.0
Madhya Pradesh,Dhar,Dhamnod,Onion,Other,2020-07-28,500,900,700.0
Madhya Pradesh,Dhar,Dhamnod,Onion,Other,2020-07-29,600,900,750.0
Madhya Pradesh,Dhar,Dhamnod,Onion,Other,2020-07-30,600,900,750.0
Madhya Pradesh,Dhar,Dhamnod,Onion,Other,2020-08-08,500,900,750.0
Madhya Pradesh,Dhar,Dhamnod,Onion,Other,2020-08-10,600,900,800.0
Madhya Pradesh,Dhar,Dhamnod,Onion,Other,2020-08-11,500,900,750.0
Madhya Pradesh,Dhar,Dhamnod,Onion,Other,2020-08-12,600,800,700.0
Madhya Pradesh,Dhar,Dhamnod,Onion,Other,2020-08-13,625,825,700.0
Madhya Pradesh,Dhar,Dhamnod,Onion,Other,2020-08-15,500,700,650.0
Madhya Pradesh,Dhar,Dhamnod,Onion,Other,2020-08-17,500,900,700.0
Madhya Pradesh,Dhar,Dhamnod,Onion,Other,2020-08-19,500,900,750.0
Madhya Pradesh,Dhar,Dhamnod,Onion,Other,2020-08-20,500,900,750.0
Madhya Pradesh,Dhar,Dhamnod,Onion,Other,2020-08-21,600,1100,950.0
Madhya Pradesh,Dhar,Dhamnod,Onion,Other,2020-08-24,400,900,700.0
Madhya Pradesh,Dhar,Dhamnod,Onion,Other,2020-08-25,700,1100,900.0
Madhya Pradesh,Dhar,Dhamnod,Onion,Other,2020-08-26,700,1100,900.0
Madhya Pradesh,Dhar,Dhamnod,Onion,Other,2020-08-27,800,1250,1000.0
Madhya Pradesh,Dhar,Dhamnod,Onion,Other,2020-08-28,700,1205,1000.0
Madhya Pradesh,Dhar,Dhamnod,Onion,Other,2020-08-29,700,1100,900.0
Madhya Pradesh,Dhar,Dhamnod,Onion,Other,2020-08-31,700,1200,1000.0
Madhya Pradesh,Dhar,Dhamnod,Onion,Other,2020-09-08,800,1200,1000.0
Madhya Pradesh,Dhar,Dhamnod,Onion,Other,2020-09-09,700,1300,1100.0
Madhya Pradesh,Dhar,Dhamnod,Onion,Other,2020-09-10,700,1200,1000.0
Madhya Pradesh,Dhar,Dhamnod,Onion,Other,2020-09-11,800,1300,1000.0
Madhya Pradesh,Dhar,Dhamnod,Onion,Other,2020-09-12,700,1400,1100.0
Madhya Pradesh,Dhar,Dhamnod,Onion,Other,2020-09-13,700,1400,1000.0
Madhya Pradesh,Dhar,Dhamnod,Onion,Other,2020-09-14,900,1500,1250.0
Madhya Pradesh,Dhar,Dhamnod,Onion,Other,2020-09-15,1000,1800,1500.0
Madhya Pradesh,Dhar,Dhamnod,Onion,Other,2020-09-16,1000,1800,1500.0
Madhya Pradesh,Dhar,Dhar(F&V),Onion,Other,2020-01-03,2500,4000,3300.0
Madhya Pradesh,Dhar,Dhar(F&V),Onion,Other,2020-01-04,3000,4500,4000.0
Madhya Pradesh,Dhar,Dhar(F&V),Onion,Other,2020-01-07,2000,5000,4000.0
Madhya Pradesh,Dhar,Dhar(F&V),Onion,Other,2020-01-10,2000,4000,3200.0
Madhya Pradesh,Dhar,Dhar(F&V),Onion,Other,2020-01-11,2000,4000,3200.0
Madhya Pradesh,Dhar,Dhar(F&V),Onion,Other,2020-01-13,2000,4000,3200.0
Madhya Pradesh,Dhar,Dhar(F&V),Onion,Other,2020-01-15,2000,3800,3300.0
Madhya Pradesh,Dhar,Dhar(F&V),Onion,Other,2020-01-16,2000,3800,3000.0
Madhya Pradesh,Dhar,Dhar(F&V),Onion,Other,2020-01-17,3000,3900,3700.0
Madhya Pradesh,Dhar,Dhar(F&V),Onion,Other,2020-01-18,3000,3500,3350.0
Madhya Pradesh,Dhar,Dhar(F&V),Onion,Other,2020-01-20,2000,3500,3000.0
Madhya Pradesh,Dhar,Dhar(F&V),Onion,Other,2020-01-21,2200,3400,2800.0
Madhya Pradesh,Dhar,Dhar(F&V),Onion,Other,2020-01-22,2500,4000,3600.0
Madhya Pradesh,Dhar,Dhar(F&V),Onion,Other,2020-01-23,2000,3500,2500.0
Madhya Pradesh,Dhar,Dhar(F&V),Onion,Other,2020-01-24,2000,3800,3600.0
Madhya Pradesh,Dhar,Dhar(F&V),Onion,Other,2020-01-25,1000,2800,2500.0
Madhya Pradesh,Dhar,Dhar(F&V),Onion,Other,2020-01-27,2001,3000,2500.0
Madhya Pradesh,Dhar,Dhar(F&V),Onion,Other,2020-01-29,2500,3800,3000.0
Madhya Pradesh,Dhar,Dhar(F&V),Onion,Other,2020-01-31,1000,3000,2200.0
Madhya Pradesh,Dhar,Dhar(F&V),Onion,Other,2020-02-04,1500,3000,2700.0
Madhya Pradesh,Dhar,Dhar(F&V),Onion,Other,2020-02-10,1500,3000,2500.0
Madhya Pradesh,Dhar,Dhar(F&V),Onion,Other,2020-02-11,2000,3200,2600.0
Madhya Pradesh,Dhar,Dhar(F&V),Onion,Other,2020-02-12,1000,2500,2000.0
Madhya Pradesh,Dhar,Dhar(F&V),Onion,Other,2020-02-13,1000,2500,2000.0
Madhya Pradesh,Dhar,Dhar(F&V),Onion,Other,2020-02-17,1200,2700,2400.0
Madhya Pradesh,Dhar,Dhar(F&V),Onion,Other,2020-02-18,1200,2200,1700.0
Madhya Pradesh,Dhar,Dhar(F&V),Onion,Other,2020-02-19,1000,2500,2200.0
Madhya Pradesh,Dhar,Dhar(F&V),Onion,Other,2020-02-20,1000,2300,1700.0
Madhya Pradesh,Dhar,Dhar(F&V),Onion,Other,2020-02-22,1000,2200,1600.0
Madhya Pradesh,Dhar,Dhar(F&V),Onion,Other,2020-02-24,1000,2500,1600.0
Madhya Pradesh,Dhar,Dhar(F&V),Onion,Other,2020-02-25,1200,2500,1600.0
Madhya Pradesh,Dhar,Dhar(F&V),Onion,Other,2020-02-26,1400,2500,2000.0
Madhya Pradesh,Dhar,Dhar(F&V),Onion,Other,2020-02-28,1500,2500,2000.0
Madhya Pradesh,Dhar,Dhar(F&V),Onion,Other,2020-02-29,1000,2500,2000.0
Madhya Pradesh,Dhar,Dhar(F&V),Onion,Other,2020-03-02,1000,2500,2000.0
Madhya Pradesh,Dhar,Dhar(F&V),Onion,Other,2020-03-03,1000,2200,1700.0
Madhya Pradesh,Dhar,Dhar(F&V),Onion,Other,2020-03-04,1500,2500,1900.0
Madhya Pradesh,Dhar,Dhar(F&V),Onion,Other,2020-03-05,1000,1300,1100.0
Madhya Pradesh,Dhar,Dhar(F&V),Onion,Other,2020-03-06,1200,2000,1700.0
Madhya Pradesh,Dhar,Dhar(F&V),Onion,Other,2020-03-07,800,2500,1200.0
Madhya Pradesh,Dhar,Dhar(F&V),Onion,Other,2020-03-09,1000,2200,1700.0
Madhya Pradesh,Dhar,Dhar(F&V),Onion,Other,2020-03-12,1000,2200,1700.0
Madhya Pradesh,Dhar,Dhar(F&V),Onion,Other,2020-03-13,800,2000,1600.0
Madhya Pradesh,Dhar,Dhar(F&V),Onion,Other,2020-03-16,1000,2000,1600.0
Madhya Pradesh,Dhar,Dhar(F&V),Onion,Other,2020-03-17,1000,2200,1800.0
Madhya Pradesh,Dhar,Dhar(F&V),Onion,Other,2020-03-18,1000,2500,1200.0
Madhya Pradesh,Dhar,Dhar(F&V),Onion,Other,2020-03-21,1000,2400,2000.0
Madhya Pradesh,Dhar,Dhar(F&V),Onion,Other,2020-03-23,1000,2500,2000.0
Madhya Pradesh,Dhar,Dhar(F&V),Onion,Other,2020-08-07,1000,1600,1300.0
Madhya Pradesh,Dhar,Dhar(F&V),Onion,Other,2020-08-14,1500,2100,1700.0
Madhya Pradesh,Dhar,Dhar(F&V),Onion,Other,2020-08-19,1700,2300,2000.0
Madhya Pradesh,Dhar,Dhar(F&V),Onion,Other,2020-08-20,800,1700,1450.0
Madhya Pradesh,Dhar,Dhar(F&V),Onion,Other,2020-08-21,1500,2200,1800.0
Madhya Pradesh,Dhar,Dhar(F&V),Onion,Other,2020-08-22,700,1100,1000.0
Madhya Pradesh,Dhar,Dhar(F&V),Onion,Other,2020-08-24,800,1100,1000.0
Madhya Pradesh,Dhar,Dhar(F&V),Onion,Other,2020-08-26,600,1600,1300.0
Madhya Pradesh,Dhar,Dhar(F&V),Onion,Other,2020-08-27,700,1000,850.0
Madhya Pradesh,Dhar,Dhar(F&V),Onion,Other,2020-08-28,900,1400,1100.0
Madhya Pradesh,Dhar,Dhar(F&V),Onion,Other,2020-08-30,1000,1000,1000.0
Madhya Pradesh,Dhar,Dhar(F&V),Onion,Other,2020-08-31,900,1500,1100.0
Madhya Pradesh,Narsinghpur,Gadarwada,Onion,Other,2020-01-02,3200,6000,4100.0
Madhya Pradesh,Narsinghpur,Gadarwada,Onion,Other,2020-01-03,3000,6000,4500.0
Madhya Pradesh,Narsinghpur,Gadarwada,Onion,Other,2020-01-10,3000,5000,4000.0
Madhya Pradesh,Narsinghpur,Gadarwada,Onion,Other,2020-01-11,4000,6000,5000.0
Madhya Pradesh,Narsinghpur,Gadarwada,Onion,Other,2020-01-12,2500,4000,3250.0
Madhya Pradesh,Narsinghpur,Gadarwada,Onion,Other,2020-01-15,3500,5000,4250.0
Madhya Pradesh,Narsinghpur,Gadarwada,Onion,Other,2020-01-16,2500,4000,3250.0
Madhya Pradesh,Narsinghpur,Gadarwada,Onion,Other,2020-01-17,3000,4000,3500.0
Madhya Pradesh,Narsinghpur,Gadarwada,Onion,Other,2020-01-18,2500,3500,2750.0
Madhya Pradesh,Narsinghpur,Gadarwada,Onion,Other,2020-01-19,2500,3500,3000.0
Madhya Pradesh,Narsinghpur,Gadarwada,Onion,Other,2020-01-20,3000,4000,3500.0
Madhya Pradesh,Narsinghpur,Gadarwada,Onion,Other,2020-01-22,3000,4000,3500.0
Madhya Pradesh,Narsinghpur,Gadarwada,Onion,Other,2020-01-23,2500,5000,3750.0
Madhya Pradesh,Narsinghpur,Gadarwada,Onion,Other,2020-01-24,2500,4000,3250.0
Madhya Pradesh,Narsinghpur,Gadarwada,Onion,Other,2020-01-25,3000,5000,4000.0
Madhya Pradesh,Narsinghpur,Gadarwada,Onion,Other,2020-01-26,2500,4000,3250.0
Madhya Pradesh,Narsinghpur,Gadarwada,Onion,Other,2020-01-27,2500,4000,3250.0
Madhya Pradesh,Narsinghpur,Gadarwada,Onion,Other,2020-02-09,2000,3000,2500.0
Madhya Pradesh,Narsinghpur,Gadarwada,Onion,Other,2020-02-10,2000,3000,2500.0
Madhya Pradesh,Narsinghpur,Gadarwada,Onion,Other,2020-02-12,1500,2500,2000.0
Madhya Pradesh,Narsinghpur,Gadarwada,Onion,Other,2020-02-13,2000,3500,2750.0
Madhya Pradesh,Narsinghpur,Gadarwada,Onion,Other,2020-02-14,2000,3000,2500.0
Madhya Pradesh,Narsinghpur,Gadarwada,Onion,Other,2020-02-15,2000,2500,2250.0
Madhya Pradesh,Narsinghpur,Gadarwada,Onion,Other,2020-02-16,1200,2500,1850.0
Madhya Pradesh,Narsinghpur,Gadarwada,Onion,Other,2020-02-17,1500,2500,2000.0
Madhya Pradesh,Narsinghpur,Gadarwada,Onion,Other,2020-02-19,2000,2500,2250.0
Madhya Pradesh,Narsinghpur,Gadarwada,Onion,Other,2020-02-20,0,2000,1250.0
Madhya Pradesh,Narsinghpur,Gadarwada,Onion,Other,2020-02-21,2000,2500,2250.0
Madhya Pradesh,Narsinghpur,Gadarwada,Onion,Other,2020-02-22,2000,2500,2250.0
Madhya Pradesh,Narsinghpur,Gadarwada,Onion,Other,2020-02-23,1800,2500,2150.0
Madhya Pradesh,Narsinghpur,Gadarwada,Onion,Other,2020-02-24,2000,2500,2250.0
Madhya Pradesh,Narsinghpur,Gadarwada,Onion,Other,2020-02-26,2000,2500,2250.0
Madhya Pradesh,Narsinghpur,Gadarwada,Onion,Other,2020-02-27,2000,2500,2250.0
Madhya Pradesh,Narsinghpur,Gadarwada,Onion,Other,2020-02-28,2000,2500,2250.0
Madhya Pradesh,Narsinghpur,Gadarwada,Onion,Other,2020-02-29,2000,2500,2250.0
Madhya Pradesh,Narsinghpur,Gadarwada,Onion,Other,2020-03-01,2000,2500,2250.0
Madhya Pradesh,Narsinghpur,Gadarwada,Onion,Other,2020-03-02,1500,2500,2000.0
Madhya Pradesh,Narsinghpur,Gadarwada,Onion,Other,2020-03-05,1000,2000,1500.0
Madhya Pradesh,Narsinghpur,Gadarwada,Onion,Other,2020-03-06,1500,2000,1750.0
Madhya Pradesh,Narsinghpur,Gadarwada,Onion,Other,2020-03-07,1500,2000,1750.0
Madhya Pradesh,Narsinghpur,Gadarwada,Onion,Other,2020-03-08,1500,2000,1750.0
Madhya Pradesh,Narsinghpur,Gadarwada,Onion,Other,2020-03-09,2000,2000,2000.0
Madhya Pradesh,Narsinghpur,Gadarwada,Onion,Other,2020-03-16,1000,2000,1500.0
Madhya Pradesh,Narsinghpur,Gadarwada,Onion,Other,2020-03-18,1500,1800,1700.0
Madhya Pradesh,Narsinghpur,Gadarwada,Onion,Other,2020-03-19,1000,2000,1500.0
Madhya Pradesh,Narsinghpur,Gadarwada,Onion,Other,2020-03-20,1500,2000,1750.0
Madhya Pradesh,Narsinghpur,Gadarwada,Onion,Other,2020-03-21,1500,1500,1500.0
Madhya Pradesh,Narsinghpur,Gadarwada,Onion,Other,2020-03-26,1000,2000,1500.0
Madhya Pradesh,Narsinghpur,Gadarwada,Onion,Other,2020-05-10,800,800,800.0
Madhya Pradesh,Narsinghpur,Gadarwada,Onion,Other,2020-05-12,600,800,700.0
Madhya Pradesh,Narsinghpur,Gadarwada,Onion,Other,2020-05-15,600,800,700.0
Madhya Pradesh,Narsinghpur,Gadarwada,Onion,Other,2020-05-17,600,800,700.0
Madhya Pradesh,Narsinghpur,Gadarwada,Onion,Other,2020-05-19,600,800,700.0
Madhya Pradesh,Narsinghpur,Gadarwada,Onion,Other,2020-05-24,500,800,650.0
Madhya Pradesh,Narsinghpur,Gadarwada,Onion,Other,2020-05-26,500,800,650.0
Madhya Pradesh,Narsinghpur,Gadarwada,Onion,Other,2020-05-29,600,800,700.0
Madhya Pradesh,Narsinghpur,Gadarwada,Onion,Other,2020-05-31,700,700,700.0
Madhya Pradesh,Narsinghpur,Gadarwada,Onion,Other,2020-06-02,600,800,700.0
Madhya Pradesh,Narsinghpur,Gadarwada,Onion,Other,2020-06-03,700,700,700.0
Madhya Pradesh,Narsinghpur,Gadarwada,Onion,Other,2020-06-04,700,800,750.0
Madhya Pradesh,Narsinghpur,Gadarwada,Onion,Other,2020-06-05,600,800,700.0
Madhya Pradesh,Narsinghpur,Gadarwada,Onion,Other,2020-06-06,600,800,700.0
Madhya Pradesh,Narsinghpur,Gadarwada,Onion,Other,2020-06-08,700,700,700.0
Madhya Pradesh,Narsinghpur,Gadarwada,Onion,Other,2020-06-10,600,800,700.0
Madhya Pradesh,Narsinghpur,Gadarwada,Onion,Other,2020-06-11,600,800,700.0
Madhya Pradesh,Narsinghpur,Gadarwada,Onion,Other,2020-06-12,600,800,700.0
Madhya Pradesh,Narsinghpur,Gadarwada,Onion,Other,2020-06-13,700,1000,800.0
Madhya Pradesh,Narsinghpur,Gadarwada,Onion,Other,2020-06-14,600,800,700.0
Madhya Pradesh,Narsinghpur,Gadarwada,Onion,Other,2020-06-15,700,800,750.0
Madhya Pradesh,Narsinghpur,Gadarwada,Onion,Other,2020-06-16,700,800,750.0
Madhya Pradesh,Narsinghpur,Gadarwada,Onion,Other,2020-06-17,700,1000,800.0
Madhya Pradesh,Narsinghpur,Gadarwada,Onion,Other,2020-06-18,700,1000,850.0
Madhya Pradesh,Narsinghpur,Gadarwada,Onion,Other,2020-06-19,800,800,800.0
Madhya Pradesh,Narsinghpur,Gadarwada,Onion,Other,2020-06-20,700,1000,850.0
Madhya Pradesh,Narsinghpur,Gadarwada,Onion,Other,2020-06-21,900,900,900.0
Madhya Pradesh,Narsinghpur,Gadarwada,Onion,Other,2020-06-22,700,1000,850.0
Madhya Pradesh,Narsinghpur,Gadarwada,Onion,Other,2020-06-24,700,1000,850.0
Madhya Pradesh,Narsinghpur,Gadarwada,Onion,Other,2020-06-25,800,800,800.0
Madhya Pradesh,Narsinghpur,Gadarwada,Onion,Other,2020-07-01,700,800,750.0
Madhya Pradesh,Narsinghpur,Gadarwada,Onion,Other,2020-07-02,600,800,700.0
Madhya Pradesh,Narsinghpur,Gadarwada,Onion,Other,2020-07-04,700,800,750.0
Madhya Pradesh,Narsinghpur,Gadarwada,Onion,Other,2020-07-05,700,800,750.0
Madhya Pradesh,Narsinghpur,Gadarwada,Onion,Other,2020-07-06,600,800,700.0
Madhya Pradesh,Narsinghpur,Gadarwada,Onion,Other,2020-07-08,700,1000,850.0
Madhya Pradesh,Narsinghpur,Gadarwada,Onion,Other,2020-07-09,700,1000,850.0
Madhya Pradesh,Narsinghpur,Gadarwada,Onion,Other,2020-07-11,800,800,800.0
Madhya Pradesh,Narsinghpur,Gadarwada,Onion,Other,2020-07-13,600,1000,800.0
Madhya Pradesh,Narsinghpur,Gadarwada,Onion,Other,2020-07-14,600,800,700.0
Madhya Pradesh,Narsinghpur,Gadarwada,Onion,Other,2020-07-15,700,900,800.0
Madhya Pradesh,Narsinghpur,Gadarwada,Onion,Other,2020-07-17,700,1000,850.0
Madhya Pradesh,Narsinghpur,Gadarwada,Onion,Other,2020-07-18,600,1200,900.0
Madhya Pradesh,Narsinghpur,Gadarwada,Onion,Other,2020-07-20,700,1000,850.0
Madhya Pradesh,Narsinghpur,Gadarwada,Onion,Other,2020-07-21,800,800,800.0
Madhya Pradesh,Narsinghpur,Gadarwada,Onion,Other,2020-07-22,700,1000,850.0
Madhya Pradesh,Narsinghpur,Gadarwada,Onion,Other,2020-07-23,800,1000,900.0
Madhya Pradesh,Narsinghpur,Gadarwada,Onion,Other,2020-07-24,900,1000,950.0
Madhya Pradesh,Narsinghpur,Gadarwada,Onion,Other,2020-07-27,800,1200,1000.0
Madhya Pradesh,Narsinghpur,Gadarwada,Onion,Other,2020-07-28,800,1100,1000.0
Madhya Pradesh,Narsinghpur,Gadarwada,Onion,Other,2020-08-05,800,900,850.0
Madhya Pradesh,Narsinghpur,Gadarwada,Onion,Other,2020-08-06,900,1000,950.0
Madhya Pradesh,Narsinghpur,Gadarwada,Onion,Other,2020-08-07,900,1000,950.0
Madhya Pradesh,Narsinghpur,Gadarwada,Onion,Other,2020-08-10,900,1000,950.0
Madhya Pradesh,Narsinghpur,Gadarwada,Onion,Other,2020-08-11,900,1000,950.0
Madhya Pradesh,Narsinghpur,Gadarwada,Onion,Other,2020-08-12,900,900,900.0
Madhya Pradesh,Narsinghpur,Gadarwada,Onion,Other,2020-08-13,900,900,900.0
Madhya Pradesh,Narsinghpur,Gadarwada,Onion,Other,2020-08-14,900,1000,950.0
Madhya Pradesh,Narsinghpur,Gadarwada,Onion,Other,2020-08-15,900,900,900.0
Madhya Pradesh,Narsinghpur,Gadarwada,Onion,Other,2020-08-17,800,1000,900.0
Madhya Pradesh,Narsinghpur,Gadarwada,Onion,Other,2020-08-18,800,950,850.0
Madhya Pradesh,Narsinghpur,Gadarwada,Onion,Other,2020-08-19,900,1000,950.0
Madhya Pradesh,Narsinghpur,Gadarwada,Onion,Other,2020-08-20,900,900,900.0
Madhya Pradesh,Narsinghpur,Gadarwada,Onion,Other,2020-08-21,900,900,900.0
Madhya Pradesh,Narsinghpur,Gadarwada,Onion,Other,2020-08-24,1000,1000,1000.0
Madhya Pradesh,Narsinghpur,Gadarwada,Onion,Other,2020-08-25,900,1100,1000.0
Madhya Pradesh,Narsinghpur,Gadarwada,Onion,Other,2020-08-26,1000,1200,1100.0
Madhya Pradesh,Narsinghpur,Gadarwada,Onion,Other,2020-08-27,1000,1200,1100.0
Madhya Pradesh,Narsinghpur,Gadarwada,Onion,Other,2020-08-31,1000,1000,1000.0
Madhya Pradesh,Narsinghpur,Gadarwada,Onion,Other,2020-09-10,1000,1000,1000.0
Madhya Pradesh,Narsinghpur,Gadarwada,Onion,Other,2020-09-11,1000,1200,1100.0
Madhya Pradesh,Narsinghpur,Gadarwada,Onion,Other,2020-09-14,900,1100,1000.0
Madhya Pradesh,Narsinghpur,Gadarwada,Onion,Other,2020-09-16,1000,1200,1100.0
Madhya Pradesh,Indore,Gautampura,Onion,1st Sort,2020-08-20,250,600,400.0
Madhya Pradesh,Indore,Gautampura,Onion,1st Sort,2020-08-26,200,750,430.0
Madhya Pradesh,Indore,Gautampura,Onion,1st Sort,2020-08-27,150,700,400.0
Madhya Pradesh,Indore,Gautampura,Onion,1st Sort,2020-08-28,200,650,380.0
Madhya Pradesh,Indore,Gautampura,Onion,1st Sort,2020-08-31,200,800,450.0
Madhya Pradesh,Guna,Guna(F&V),Onion,Other,2020-01-01,2800,5000,4000.0
Madhya Pradesh,Guna,Guna(F&V),Onion,Other,2020-01-02,2740,4800,3800.0
Madhya Pradesh,Guna,Guna(F&V),Onion,Other,2020-01-03,3000,4500,3000.0
Madhya Pradesh,Guna,Guna(F&V),Onion,Other,2020-01-04,3500,4400,3800.0
Madhya Pradesh,Guna,Guna(F&V),Onion,Other,2020-01-06,4000,6500,5000.0
Madhya Pradesh,Guna,Guna(F&V),Onion,Other,2020-01-07,3640,5000,4200.0
Madhya Pradesh,Guna,Guna(F&V),Onion,Other,2020-01-08,3000,4000,3300.0
Madhya Pradesh,Guna,Guna(F&V),Onion,Other,2020-01-09,3000,4000,3500.0
Madhya Pradesh,Guna,Guna(F&V),Onion,Other,2020-01-10,2500,3500,3000.0
Madhya Pradesh,Guna,Guna(F&V),Onion,Other,2020-01-11,2700,4000,3500.0
Madhya Pradesh,Guna,Guna(F&V),Onion,Other,2020-01-13,2800,4200,3500.0
Madhya Pradesh,Guna,Guna(F&V),Onion,Other,2020-01-14,3000,4100,3500.0
Madhya Pradesh,Guna,Guna(F&V),Onion,Other,2020-01-15,3000,4050,3600.0
Madhya Pradesh,Guna,Guna(F&V),Onion,Other,2020-01-16,2900,4000,3500.0
Madhya Pradesh,Guna,Guna(F&V),Onion,Other,2020-01-18,3000,4000,3500.0
Madhya Pradesh,Guna,Guna(F&V),Onion,Other,2020-01-20,2870,4300,3700.0
Madhya Pradesh,Guna,Guna(F&V),Onion,Other,2020-01-21,2700,4500,3160.0
Madhya Pradesh,Guna,Guna(F&V),Onion,Other,2020-01-22,3000,4500,3800.0
Madhya Pradesh,Guna,Guna(F&V),Onion,Other,2020-01-24,3300,4200,4000.0
Madhya Pradesh,Guna,Guna(F&V),Onion,Other,2020-01-27,3500,4650,4500.0
Madhya Pradesh,Guna,Guna(F&V),Onion,Other,2020-01-28,3000,4000,3500.0
Madhya Pradesh,Guna,Guna(F&V),Onion,Other,2020-01-30,3500,4100,3800.0
Madhya Pradesh,Guna,Guna(F&V),Onion,Other,2020-01-31,3300,4500,4300.0
Madhya Pradesh,Guna,Guna(F&V),Onion,Other,2020-02-05,2300,3900,2910.0
Madhya Pradesh,Guna,Guna(F&V),Onion,Other,2020-02-08,2500,3600,3000.0
Madhya Pradesh,Guna,Guna(F&V),Onion,Other,2020-02-10,2700,3800,3000.0
Madhya Pradesh,Guna,Guna(F&V),Onion,Other,2020-02-11,2300,3850,3100.0
Madhya Pradesh,Guna,Guna(F&V),Onion,Other,2020-02-12,2100,3800,2900.0
Madhya Pradesh,Guna,Guna(F&V),Onion,Other,2020-02-13,2000,3870,3120.0
Madhya Pradesh,Guna,Guna(F&V),Onion,Other,2020-02-14,2300,3300,2700.0
Madhya Pradesh,Guna,Guna(F&V),Onion,Other,2020-02-15,2300,3000,2600.0
Madhya Pradesh,Guna,Guna(F&V),Onion,Other,2020-02-17,2500,3500,3000.0
Madhya Pradesh,Guna,Guna(F&V),Onion,Other,2020-02-18,2200,3600,3100.0
Madhya Pradesh,Guna,Guna(F&V),Onion,Other,2020-02-19,2300,3420,2600.0
Madhya Pradesh,Guna,Guna(F&V),Onion,Other,2020-02-20,2000,3100,2500.0
Madhya Pradesh,Guna,Guna(F&V),Onion,Other,2020-02-21,2100,3300,2600.0
Madhya Pradesh,Guna,Guna(F&V),Onion,Other,2020-02-22,2300,3500,2500.0
Madhya Pradesh,Guna,Guna(F&V),Onion,Other,2020-02-24,2500,3500,2700.0
Madhya Pradesh,Guna,Guna(F&V),Onion,Other,2020-02-25,2100,3500,3000.0
Madhya Pradesh,Guna,Guna(F&V),Onion,Other,2020-02-26,2300,3200,2700.0
Madhya Pradesh,Guna,Guna(F&V),Onion,Other,2020-02-27,2500,3000,2600.0
Madhya Pradesh,Guna,Guna(F&V),Onion,Other,2020-02-28,2100,3100,2600.0
Madhya Pradesh,Guna,Guna(F&V),Onion,Other,2020-02-29,2000,3100,2500.0
Madhya Pradesh,Guna,Guna(F&V),Onion,Other,2020-03-05,2000,3000,3000.0
Madhya Pradesh,Guna,Guna(F&V),Onion,Other,2020-03-07,2300,2950,2600.0
Madhya Pradesh,Guna,Guna(F&V),Onion,Other,2020-03-09,2500,3000,2500.0
Madhya Pradesh,Guna,Guna(F&V),Onion,Other,2020-03-13,2000,2500,2100.0
Madhya Pradesh,Guna,Guna(F&V),Onion,Other,2020-03-14,1700,2900,2300.0
Madhya Pradesh,Guna,Guna(F&V),Onion,Other,2020-03-16,2000,2950,2300.0
Madhya Pradesh,Guna,Guna(F&V),Onion,Other,2020-03-17,1700,2600,2000.0
Madhya Pradesh,Guna,Guna(F&V),Onion,Other,2020-03-18,1700,2500,1900.0
Madhya Pradesh,Guna,Guna(F&V),Onion,Other,2020-03-19,1500,2000,1700.0
Madhya Pradesh,Guna,Guna(F&V),Onion,Other,2020-03-20,2000,2600,2000.0
Madhya Pradesh,Guna,Guna(F&V),Onion,Other,2020-03-21,1500,2300,1800.0
Madhya Pradesh,Guna,Guna(F&V),Onion,Other,2020-06-05,400,530,450.0
Madhya Pradesh,Guna,Guna(F&V),Onion,Other,2020-06-06,420,510,450.0
Madhya Pradesh,Guna,Guna(F&V),Onion,Other,2020-06-08,300,700,450.0
Madhya Pradesh,Guna,Guna(F&V),Onion,Other,2020-06-09,350,500,450.0
Madhya Pradesh,Guna,Guna(F&V),Onion,Other,2020-06-10,400,500,450.0
Madhya Pradesh,Guna,Guna(F&V),Onion,Other,2020-06-11,300,700,450.0
Madhya Pradesh,Guna,Guna(F&V),Onion,Other,2020-06-12,340,610,400.0
Madhya Pradesh,Guna,Guna(F&V),Onion,Other,2020-06-13,310,610,450.0
Madhya Pradesh,Guna,Guna(F&V),Onion,Other,2020-06-15,300,800,500.0
Madhya Pradesh,Guna,Guna(F&V),Onion,Other,2020-06-16,350,750,500.0
Madhya Pradesh,Guna,Guna(F&V),Onion,Other,2020-06-17,400,700,550.0
Madhya Pradesh,Guna,Guna(F&V),Onion,Other,2020-06-18,500,800,650.0
Madhya Pradesh,Guna,Guna(F&V),Onion,Other,2020-06-19,550,700,600.0
Madhya Pradesh,Guna,Guna(F&V),Onion,Other,2020-06-20,400,750,500.0
Madhya Pradesh,Guna,Guna(F&V),Onion,Other,2020-06-22,570,700,650.0
Madhya Pradesh,Guna,Guna(F&V),Onion,Other,2020-06-23,350,650,500.0
Madhya Pradesh,Guna,Guna(F&V),Onion,Other,2020-06-24,400,600,550.0
Madhya Pradesh,Guna,Guna(F&V),Onion,Other,2020-06-25,300,750,500.0
Madhya Pradesh,Guna,Guna(F&V),Onion,Other,2020-06-26,400,650,500.0
Madhya Pradesh,Guna,Guna(F&V),Onion,Other,2020-06-29,300,600,400.0
Madhya Pradesh,Guna,Guna(F&V),Onion,Other,2020-06-30,400,700,600.0
Madhya Pradesh,Guna,Guna(F&V),Onion,Other,2020-07-04,400,700,500.0
Madhya Pradesh,Guna,Guna(F&V),Onion,Other,2020-07-06,500,750,600.0
Madhya Pradesh,Guna,Guna(F&V),Onion,Other,2020-07-07,600,850,800.0
Madhya Pradesh,Guna,Guna(F&V),Onion,Other,2020-07-08,500,750,600.0
Madhya Pradesh,Guna,Guna(F&V),Onion,Other,2020-07-09,400,650,500.0
Madhya Pradesh,Guna,Guna(F&V),Onion,Other,2020-07-10,300,600,450.0
Madhya Pradesh,Guna,Guna(F&V),Onion,Other,2020-07-11,400,600,500.0
Madhya Pradesh,Guna,Guna(F&V),Onion,Other,2020-07-13,300,500,400.0
Madhya Pradesh,Guna,Guna(F&V),Onion,Other,2020-07-14,400,700,500.0
Madhya Pradesh,Guna,Guna(F&V),Onion,Other,2020-07-15,320,600,470.0
Madhya Pradesh,Guna,Guna(F&V),Onion,Other,2020-07-17,350,640,450.0
Madhya Pradesh,Guna,Guna(F&V),Onion,Other,2020-07-18,400,550,450.0
Madhya Pradesh,Guna,Guna(F&V),Onion,Other,2020-07-20,500,700,600.0
Madhya Pradesh,Guna,Guna(F&V),Onion,Other,2020-07-21,400,600,500.0
Madhya Pradesh,Guna,Guna(F&V),Onion,Other,2020-07-22,400,650,550.0
Madhya Pradesh,Guna,Guna(F&V),Onion,Other,2020-07-23,350,530,470.0
Madhya Pradesh,Guna,Guna(F&V),Onion,Other,2020-07-24,400,600,530.0
Madhya Pradesh,Guna,Guna(F&V),Onion,Other,2020-07-27,400,650,500.0
Madhya Pradesh,Guna,Guna(F&V),Onion,Other,2020-07-28,320,500,440.0
Madhya Pradesh,Guna,Guna(F&V),Onion,Other,2020-07-29,400,500,450.0
Madhya Pradesh,Guna,Guna(F&V),Onion,Other,2020-07-30,500,850,600.0
Madhya Pradesh,Guna,Guna(F&V),Onion,Other,2020-07-31,530,700,600.0
Madhya Pradesh,Guna,Guna(F&V),Onion,Other,2020-08-05,500,800,650.0
Madhya Pradesh,Guna,Guna(F&V),Onion,Other,2020-08-06,600,800,700.0
Madhya Pradesh,Guna,Guna(F&V),Onion,Other,2020-08-07,650,810,700.0
Madhya Pradesh,Guna,Guna(F&V),Onion,Other,2020-08-08,550,750,600.0
Madhya Pradesh,Guna,Guna(F&V),Onion,Other,2020-08-10,500,900,750.0
Madhya Pradesh,Guna,Guna(F&V),Onion,Other,2020-08-11,500,900,800.0
Madhya Pradesh,Guna,Guna(F&V),Onion,Other,2020-08-13,520,780,600.0
Madhya Pradesh,Guna,Guna(F&V),Onion,Other,2020-08-14,450,750,550.0
Madhya Pradesh,Guna,Guna(F&V),Onion,Other,2020-08-17,400,780,600.0
Madhya Pradesh,Guna,Guna(F&V),Onion,Other,2020-08-18,450,750,540.0
Madhya Pradesh,Guna,Guna(F&V),Onion,Other,2020-08-19,500,700,600.0
Madhya Pradesh,Guna,Guna(F&V),Onion,Other,2020-08-20,500,670,550.0
Madhya Pradesh,Guna,Guna(F&V),Onion,Other,2020-08-21,400,700,500.0
Madhya Pradesh,Guna,Guna(F&V),Onion,Other,2020-08-22,400,760,550.0
Madhya Pradesh,Guna,Guna(F&V),Onion,Other,2020-08-24,450,750,500.0
Madhya Pradesh,Guna,Guna(F&V),Onion,Other,2020-08-25,500,650,600.0
Madhya Pradesh,Guna,Guna(F&V),Onion,Other,2020-08-26,470,700,550.0
Madhya Pradesh,Guna,Guna(F&V),Onion,Other,2020-08-27,500,800,750.0
Madhya Pradesh,Guna,Guna(F&V),Onion,Other,2020-08-28,450,770,630.0
Madhya Pradesh,Guna,Guna(F&V),Onion,Other,2020-08-29,500,900,700.0
Madhya Pradesh,Guna,Guna(F&V),Onion,Other,2020-08-31,550,750,600.0
Madhya Pradesh,Guna,Guna(F&V),Onion,Other,2020-09-16,1000,2000,1500.0
Madhya Pradesh,Dewas,Haatpipliya,Onion,Onion,2020-02-21,1000,1500,1300.0
Madhya Pradesh,Dewas,Haatpipliya,Onion,Onion,2020-02-22,900,1400,1200.0
Madhya Pradesh,Dewas,Haatpipliya,Onion,Onion,2020-02-23,1000,1500,1300.0
Madhya Pradesh,Dewas,Haatpipliya,Onion,Onion,2020-02-24,1700,1900,1800.0
Madhya Pradesh,Dewas,Haatpipliya,Onion,Onion,2020-02-25,1500,1700,1600.0
Madhya Pradesh,Dewas,Haatpipliya,Onion,Onion,2020-02-26,1200,1500,1400.0
Madhya Pradesh,Dewas,Haatpipliya,Onion,Onion,2020-02-27,1800,2000,1900.0
Madhya Pradesh,Dewas,Haatpipliya,Onion,Onion,2020-02-28,1500,1800,1700.0
Madhya Pradesh,Dewas,Haatpipliya,Onion,Onion,2020-03-04,100,1500,1400.0
Madhya Pradesh,Dewas,Haatpipliya,Onion,Onion,2020-03-05,1100,1600,1500.0
Madhya Pradesh,Dewas,Haatpipliya,Onion,Onion,2020-03-06,1200,1500,1400.0
Madhya Pradesh,Dewas,Haatpipliya,Onion,Onion,2020-03-07,1300,1600,1500.0
Madhya Pradesh,Dewas,Haatpipliya,Onion,Onion,2020-03-08,1000,1400,1300.0
Madhya Pradesh,Dewas,Haatpipliya,Onion,Onion,2020-03-09,1100,1500,1400.0
Madhya Pradesh,Dewas,Haatpipliya,Onion,Onion,2020-03-11,1200,1600,1500.0
Madhya Pradesh,Dewas,Haatpipliya,Onion,Onion,2020-03-12,1000,1400,1300.0
Madhya Pradesh,Dewas,Haatpipliya,Onion,Onion,2020-03-13,1100,1300,1200.0
Madhya Pradesh,Dewas,Haatpipliya,Onion,Onion,2020-03-15,1300,1500,1400.0
Madhya Pradesh,Dewas,Haatpipliya,Onion,Onion,2020-03-16,1400,1600,1500.0
Madhya Pradesh,Dewas,Haatpipliya,Onion,Onion,2020-03-17,1200,1500,1400.0
Madhya Pradesh,Dewas,Haatpipliya,Onion,Onion,2020-03-18,1300,1600,1500.0
Madhya Pradesh,Dewas,Haatpipliya,Onion,Onion,2020-03-19,1000,1200,1100.0
Madhya Pradesh,Dewas,Haatpipliya,Onion,Onion,2020-03-20,900,1200,1100.0
Madhya Pradesh,Dewas,Haatpipliya,Onion,Onion,2020-03-21,900,1200,1100.0
Madhya Pradesh,Dewas,Haatpipliya,Onion,Onion,2020-05-23,500,700,600.0
Madhya Pradesh,Dewas,Haatpipliya,Onion,Onion,2020-05-24,600,700,600.0
Madhya Pradesh,Dewas,Haatpipliya,Onion,Onion,2020-05-25,700,900,800.0
Madhya Pradesh,Dewas,Haatpipliya,Onion,Onion,2020-05-26,800,1000,900.0
Madhya Pradesh,Dewas,Haatpipliya,Onion,Onion,2020-05-27,900,1100,1000.0
Madhya Pradesh,Dewas,Haatpipliya,Onion,Onion,2020-05-28,800,1000,900.0
Madhya Pradesh,Dewas,Haatpipliya,Onion,Onion,2020-05-29,800,1000,900.0
Madhya Pradesh,Dewas,Haatpipliya,Onion,Onion,2020-05-30,900,1100,1000.0
Madhya Pradesh,Dewas,Haatpipliya,Onion,Onion,2020-05-31,800,1000,900.0
Madhya Pradesh,Dewas,Haatpipliya,Onion,Onion,2020-06-03,900,1100,1000.0
Madhya Pradesh,Dewas,Haatpipliya,Onion,Onion,2020-06-05,900,1200,1000.0
Madhya Pradesh,Dewas,Haatpipliya,Onion,Onion,2020-06-06,1000,1200,1100.0
Madhya Pradesh,Dewas,Haatpipliya,Onion,Onion,2020-06-07,800,1000,900.0
Madhya Pradesh,Dewas,Haatpipliya,Onion,Onion,2020-06-08,900,1100,1000.0
Madhya Pradesh,Dewas,Haatpipliya,Onion,Onion,2020-06-09,800,1000,900.0
Madhya Pradesh,Dewas,Haatpipliya,Onion,Onion,2020-06-10,900,1100,1000.0
Madhya Pradesh,Dewas,Haatpipliya,Onion,Onion,2020-06-11,1000,1200,1100.0
Madhya Pradesh,Dewas,Haatpipliya,Onion,Onion,2020-06-12,1000,1200,1100.0
Madhya Pradesh,Dewas,Haatpipliya,Onion,Onion,2020-06-13,900,1100,1000.0
Madhya Pradesh,Dewas,Haatpipliya,Onion,Onion,2020-06-14,800,1100,1000.0
Madhya Pradesh,Dewas,Haatpipliya,Onion,Onion,2020-06-15,900,1200,1100.0
Madhya Pradesh,Dewas,Haatpipliya,Onion,Onion,2020-06-16,800,1000,900.0
Madhya Pradesh,Dewas,Haatpipliya,Onion,Onion,2020-06-17,900,1100,1000.0
Madhya Pradesh,Dewas,Haatpipliya,Onion,Onion,2020-06-18,1000,1200,1100.0
Madhya Pradesh,Dewas,Haatpipliya,Onion,Onion,2020-06-19,1000,1200,1100.0
Madhya Pradesh,Dewas,Haatpipliya,Onion,Onion,2020-06-20,900,1200,1100.0
Madhya Pradesh,Dewas,Haatpipliya,Onion,Onion,2020-06-21,800,1000,900.0
Madhya Pradesh,Dewas,Haatpipliya,Onion,Onion,2020-06-22,900,1100,1000.0
Madhya Pradesh,Dewas,Haatpipliya,Onion,Onion,2020-06-23,1000,1200,1100.0
Madhya Pradesh,Dewas,Haatpipliya,Onion,Onion,2020-06-24,1000,1200,1100.0
Madhya Pradesh,Dewas,Haatpipliya,Onion,Onion,2020-06-25,1100,1300,1200.0
Madhya Pradesh,Dewas,Haatpipliya,Onion,Onion,2020-06-26,900,1100,1000.0
Madhya Pradesh,Dewas,Haatpipliya,Onion,Onion,2020-06-27,800,1000,900.0
Madhya Pradesh,Dewas,Haatpipliya,Onion,Onion,2020-06-28,1000,1200,1100.0
Madhya Pradesh,Dewas,Haatpipliya,Onion,Onion,2020-06-29,1000,1200,1100.0
Madhya Pradesh,Dewas,Haatpipliya,Onion,Onion,2020-06-30,900,1100,1000.0
Madhya Pradesh,Dewas,Haatpipliya,Onion,Onion,2020-07-05,1000,1200,1100.0
Madhya Pradesh,Dewas,Haatpipliya,Onion,Onion,2020-07-07,1100,1300,1200.0
Madhya Pradesh,Dewas,Haatpipliya,Onion,Onion,2020-07-08,1100,1300,1200.0
Madhya Pradesh,Dewas,Haatpipliya,Onion,Onion,2020-07-09,900,1100,1000.0
Madhya Pradesh,Dewas,Haatpipliya,Onion,Onion,2020-07-10,800,1000,900.0
Madhya Pradesh,Dewas,Haatpipliya,Onion,Onion,2020-07-11,900,1100,1000.0
Madhya Pradesh,Dewas,Haatpipliya,Onion,Onion,2020-07-13,1000,1200,1100.0
Madhya Pradesh,Dewas,Haatpipliya,Onion,Onion,2020-07-14,900,1100,1000.0
Madhya Pradesh,Dewas,Haatpipliya,Onion,Onion,2020-07-15,800,1000,900.0
Madhya Pradesh,Dewas,Haatpipliya,Onion,Onion,2020-07-17,1000,1200,1100.0
Madhya Pradesh,Dewas,Haatpipliya,Onion,Onion,2020-07-18,900,1100,1000.0
Madhya Pradesh,Dewas,Haatpipliya,Onion,Onion,2020-07-20,900,1100,1000.0
Madhya Pradesh,Dewas,Haatpipliya,Onion,Onion,2020-07-21,1000,1200,1100.0
Madhya Pradesh,Dewas,Haatpipliya,Onion,Onion,2020-07-22,900,1100,1000.0
Madhya Pradesh,Dewas,Haatpipliya,Onion,Onion,2020-07-23,800,1000,900.0
Madhya Pradesh,Dewas,Haatpipliya,Onion,Onion,2020-07-24,1000,1200,1100.0
Madhya Pradesh,Dewas,Haatpipliya,Onion,Onion,2020-07-27,900,1100,1000.0
Madhya Pradesh,Dewas,Haatpipliya,Onion,Onion,2020-07-28,1000,1200,1100.0
Madhya Pradesh,Dewas,Haatpipliya,Onion,Onion,2020-07-29,900,1100,1000.0
Madhya Pradesh,Dewas,Haatpipliya,Onion,Onion,2020-07-30,800,1000,900.0
Madhya Pradesh,Dewas,Haatpipliya,Onion,Onion,2020-08-10,600,800,700.0
Madhya Pradesh,Dewas,Haatpipliya,Onion,Onion,2020-08-11,700,900,800.0
Madhya Pradesh,Dewas,Haatpipliya,Onion,Onion,2020-08-12,600,1000,900.0
Madhya Pradesh,Dewas,Haatpipliya,Onion,Onion,2020-08-13,700,900,800.0
Madhya Pradesh,Dewas,Haatpipliya,Onion,Onion,2020-08-14,600,800,700.0
Madhya Pradesh,Dewas,Haatpipliya,Onion,Onion,2020-08-15,700,900,800.0
Madhya Pradesh,Dewas,Haatpipliya,Onion,Onion,2020-08-17,800,1000,900.0
Madhya Pradesh,Dewas,Haatpipliya,Onion,Onion,2020-08-18,800,1100,1000.0
Madhya Pradesh,Dewas,Haatpipliya,Onion,Onion,2020-08-19,700,900,800.0
Madhya Pradesh,Dewas,Haatpipliya,Onion,Onion,2020-08-20,600,900,800.0
Madhya Pradesh,Dewas,Haatpipliya,Onion,Onion,2020-08-24,800,1100,1000.0
Madhya Pradesh,Dewas,Haatpipliya,Onion,Onion,2020-08-26,800,1200,1000.0
Madhya Pradesh,Dewas,Haatpipliya,Onion,Onion,2020-08-27,800,1200,1000.0
Madhya Pradesh,Dewas,Haatpipliya,Onion,Onion,2020-08-28,1000,1400,1200.0
Madhya Pradesh,Dewas,Haatpipliya,Onion,Onion,2020-08-31,1200,1600,1400.0
Madhya Pradesh,Dewas,Haatpipliya,Onion,Onion,2020-09-09,1000,1400,1200.0
Madhya Pradesh,Dewas,Haatpipliya,Onion,Onion,2020-09-10,1000,1200,1100.0
Madhya Pradesh,Dewas,Haatpipliya,Onion,Onion,2020-09-11,1000,1400,1200.0
Madhya Pradesh,Dewas,Haatpipliya,Onion,Onion,2020-09-12,1200,1400,1300.0
Madhya Pradesh,Dewas,Haatpipliya,Onion,Onion,2020-09-14,1000,1400,1200.0
Madhya Pradesh,Dewas,Haatpipliya,Onion,Onion,2020-09-15,1000,1600,1300.0
Madhya Pradesh,Dewas,Haatpipliya,Onion,Onion,2020-09-16,1200,1600,1400.0
Madhya Pradesh,Harda,Harda APMC (F&V),Onion,Other,2020-01-02,3000,3800,3500.0
Madhya Pradesh,Harda,Harda APMC (F&V),Onion,Other,2020-01-03,2500,3200,3000.0
Madhya Pradesh,Harda,Harda APMC (F&V),Onion,Other,2020-01-04,2500,3500,3000.0
Madhya Pradesh,Harda,Harda APMC (F&V),Onion,Other,2020-01-05,3000,3300,3200.0
Madhya Pradesh,Harda,Harda APMC (F&V),Onion,Other,2020-01-06,3000,4000,3500.0
Madhya Pradesh,Harda,Harda APMC (F&V),Onion,Other,2020-01-07,3000,3500,3200.0
Madhya Pradesh,Harda,Harda APMC (F&V),Onion,Other,2020-01-08,2000,3000,2500.0
Madhya Pradesh,Harda,Harda APMC (F&V),Onion,Other,2020-01-09,2500,3300,3200.0
Madhya Pradesh,Harda,Harda APMC (F&V),Onion,Other,2020-01-10,2000,3000,2500.0
Madhya Pradesh,Harda,Harda APMC (F&V),Onion,Other,2020-01-11,2500,3200,3000.0
Madhya Pradesh,Harda,Harda APMC (F&V),Onion,Other,2020-01-12,1500,2500,1800.0
Madhya Pradesh,Harda,Harda APMC (F&V),Onion,Other,2020-01-13,1800,2000,1900.0
Madhya Pradesh,Harda,Harda APMC (F&V),Onion,Other,2020-01-14,2200,2800,2500.0
Madhya Pradesh,Harda,Harda APMC (F&V),Onion,Other,2020-01-15,1800,2500,2200.0
Madhya Pradesh,Harda,Harda APMC (F&V),Onion,Other,2020-01-16,3000,3800,3500.0
Madhya Pradesh,Harda,Harda APMC (F&V),Onion,Other,2020-01-17,2900,3200,3000.0
Madhya Pradesh,Harda,Harda APMC (F&V),Onion,Other,2020-01-18,2000,2500,2200.0
Madhya Pradesh,Harda,Harda APMC (F&V),Onion,Other,2020-01-19,2800,3500,3200.0
Madhya Pradesh,Harda,Harda APMC (F&V),Onion,Other,2020-01-20,3500,3800,3600.0
Madhya Pradesh,Harda,Harda APMC (F&V),Onion,Other,2020-01-21,2800,3200,3000.0
Madhya Pradesh,Harda,Harda APMC (F&V),Onion,Other,2020-01-22,1500,2000,1800.0
Madhya Pradesh,Harda,Harda APMC (F&V),Onion,Other,2020-01-23,1800,2500,2200.0
Madhya Pradesh,Harda,Harda APMC (F&V),Onion,Other,2020-01-24,2800,3200,3000.0
Madhya Pradesh,Harda,Harda APMC (F&V),Onion,Other,2020-01-25,2800,3500,3000.0
Madhya Pradesh,Harda,Harda APMC (F&V),Onion,Other,2020-01-27,3000,3800,3500.0
Madhya Pradesh,Harda,Harda APMC (F&V),Onion,Other,2020-01-28,3000,3800,3500.0
Madhya Pradesh,Harda,Harda APMC (F&V),Onion,Other,2020-01-30,2500,3500,3000.0
Madhya Pradesh,Harda,Harda APMC (F&V),Onion,Other,2020-01-31,800,1000,900.0
Madhya Pradesh,Harda,Harda APMC (F&V),Onion,Other,2020-02-02,3500,4000,3800.0
Madhya Pradesh,Harda,Harda APMC (F&V),Onion,Other,2020-02-03,3500,3800,3600.0
Madhya Pradesh,Harda,Harda APMC (F&V),Onion,Other,2020-02-04,2500,3000,2800.0
Madhya Pradesh,Harda,Harda APMC (F&V),Onion,Other,2020-02-05,2500,3000,2800.0
Madhya Pradesh,Harda,Harda APMC (F&V),Onion,Other,2020-02-07,3000,3500,3200.0
Madhya Pradesh,Harda,Harda APMC (F&V),Onion,Other,2020-02-08,3000,3500,3300.0
Madhya Pradesh,Harda,Harda APMC (F&V),Onion,Other,2020-02-09,2500,3200,3000.0
Madhya Pradesh,Harda,Harda APMC (F&V),Onion,Other,2020-02-10,2500,3500,3000.0
Madhya Pradesh,Harda,Harda APMC (F&V),Onion,Other,2020-02-11,3000,3500,3200.0
Madhya Pradesh,Harda,Harda APMC (F&V),Onion,Other,2020-02-12,3200,3600,3500.0
Madhya Pradesh,Harda,Harda APMC (F&V),Onion,Other,2020-02-13,2800,3500,3000.0
Madhya Pradesh,Harda,Harda APMC (F&V),Onion,Other,2020-02-14,2200,3000,2800.0
Madhya Pradesh,Harda,Harda APMC (F&V),Onion,Other,2020-02-15,2400,3000,2500.0
Madhya Pradesh,Harda,Harda APMC (F&V),Onion,Other,2020-02-16,2000,2500,2200.0
Madhya Pradesh,Harda,Harda APMC (F&V),Onion,Other,2020-02-17,2000,2600,2500.0
Madhya Pradesh,Harda,Harda APMC (F&V),Onion,Other,2020-02-18,2200,2800,2600.0
Madhya Pradesh,Harda,Harda APMC (F&V),Onion,Other,2020-02-19,2500,3000,2600.0
Madhya Pradesh,Harda,Harda APMC (F&V),Onion,Other,2020-02-22,2500,2800,2600.0
Madhya Pradesh,Harda,Harda APMC (F&V),Onion,Other,2020-02-23,2500,3000,2800.0
Madhya Pradesh,Harda,Harda APMC (F&V),Onion,Other,2020-02-24,2500,3200,3000.0
Madhya Pradesh,Harda,Harda APMC (F&V),Onion,Other,2020-02-25,2800,3000,2900.0
Madhya Pradesh,Harda,Harda APMC (F&V),Onion,Other,2020-02-26,2200,2500,2400.0
Madhya Pradesh,Harda,Harda APMC (F&V),Onion,Other,2020-02-27,1000,1500,1200.0
Madhya Pradesh,Harda,Harda APMC (F&V),Onion,Other,2020-02-28,1000,1600,1500.0
Madhya Pradesh,Harda,Harda APMC (F&V),Onion,Other,2020-02-29,1200,1500,1300.0
Madhya Pradesh,Harda,Harda APMC (F&V),Onion,Other,2020-03-02,1200,1600,1500.0
Madhya Pradesh,Harda,Harda APMC (F&V),Onion,Other,2020-03-03,1200,1800,1500.0
Madhya Pradesh,Harda,Harda APMC (F&V),Onion,Other,2020-03-04,1200,1600,1500.0
Madhya Pradesh,Harda,Harda APMC (F&V),Onion,Other,2020-03-05,1200,1500,1400.0
Madhya Pradesh,Harda,Harda APMC (F&V),Onion,Other,2020-03-06,1400,1600,1500.0
Madhya Pradesh,Harda,Harda APMC (F&V),Onion,Other,2020-03-07,1200,1600,1500.0
Madhya Pradesh,Harda,Harda APMC (F&V),Onion,Other,2020-03-08,1200,1800,1500.0
Madhya Pradesh,Harda,Harda APMC (F&V),Onion,Other,2020-03-09,1200,1700,1500.0
Madhya Pradesh,Harda,Harda APMC (F&V),Onion,Other,2020-03-11,1500,1800,1600.0
Madhya Pradesh,Harda,Harda APMC (F&V),Onion,Other,2020-03-12,1500,2000,1800.0
Madhya Pradesh,Harda,Harda APMC (F&V),Onion,Other,2020-03-13,1500,2000,1800.0
Madhya Pradesh,Harda,Harda APMC (F&V),Onion,Other,2020-03-15,1500,2000,1900.0
Madhya Pradesh,Harda,Harda APMC (F&V),Onion,Other,2020-03-16,1500,2200,2000.0
Madhya Pradesh,Harda,Harda APMC (F&V),Onion,Other,2020-03-17,1600,2000,1700.0
Madhya Pradesh,Harda,Harda APMC (F&V),Onion,Other,2020-03-18,1600,2200,2000.0
Madhya Pradesh,Harda,Harda APMC (F&V),Onion,Other,2020-03-19,1500,2000,1800.0
Madhya Pradesh,Harda,Harda APMC (F&V),Onion,Other,2020-03-21,1500,1700,1600.0
Madhya Pradesh,Harda,Harda APMC (F&V),Onion,Other,2020-03-23,2000,2500,2200.0
Madhya Pradesh,Harda,Harda APMC (F&V),Onion,Other,2020-03-26,1800,2200,2000.0
Madhya Pradesh,Harda,Harda APMC (F&V),Onion,Other,2020-03-27,1500,1500,1500.0
Madhya Pradesh,Harda,Harda APMC (F&V),Onion,Other,2020-03-28,1600,1800,1700.0
Madhya Pradesh,Harda,Harda APMC (F&V),Onion,Other,2020-03-29,1800,2000,1900.0
Madhya Pradesh,Harda,Harda APMC (F&V),Onion,Other,2020-04-12,1300,1500,1400.0
Madhya Pradesh,Harda,Harda APMC (F&V),Onion,Other,2020-04-13,1400,1500,1450.0
Madhya Pradesh,Harda,Harda APMC (F&V),Onion,Other,2020-04-14,1300,1500,1400.0
Madhya Pradesh,Harda,Harda APMC (F&V),Onion,Other,2020-04-15,900,1100,1000.0
Madhya Pradesh,Harda,Harda APMC (F&V),Onion,Other,2020-04-16,800,1000,900.0
Madhya Pradesh,Harda,Harda APMC (F&V),Onion,Other,2020-04-17,900,1100,1000.0
Madhya Pradesh,Harda,Harda APMC (F&V),Onion,Other,2020-04-18,900,1100,1000.0
Madhya Pradesh,Harda,Harda APMC (F&V),Onion,Other,2020-04-19,1300,1400,1350.0
Madhya Pradesh,Harda,Harda APMC (F&V),Onion,Other,2020-04-20,800,1000,900.0
Madhya Pradesh,Harda,Harda APMC (F&V),Onion,Other,2020-04-21,500,600,550.0
Madhya Pradesh,Harda,Harda APMC (F&V),Onion,Other,2020-04-23,500,700,600.0
Madhya Pradesh,Harda,Harda APMC (F&V),Onion,Other,2020-04-24,600,700,650.0
Madhya Pradesh,Harda,Harda APMC (F&V),Onion,Other,2020-04-25,600,700,650.0
Madhya Pradesh,Harda,Harda APMC (F&V),Onion,Other,2020-04-26,500,700,600.0
Madhya Pradesh,Harda,Harda APMC (F&V),Onion,Other,2020-04-27,500,600,550.0
Madhya Pradesh,Harda,Harda APMC (F&V),Onion,Other,2020-04-28,500,700,600.0
Madhya Pradesh,Harda,Harda APMC (F&V),Onion,Other,2020-04-29,400,600,500.0
Madhya Pradesh,Harda,Harda APMC (F&V),Onion,Other,2020-05-02,500,600,550.0
Madhya Pradesh,Harda,Harda APMC (F&V),Onion,Other,2020-05-03,500,700,600.0
Madhya Pradesh,Harda,Harda APMC (F&V),Onion,Other,2020-05-04,600,650,650.0
Madhya Pradesh,Harda,Harda APMC (F&V),Onion,Other,2020-05-05,600,750,700.0
Madhya Pradesh,Harda,Harda APMC (F&V),Onion,Other,2020-05-08,600,700,650.0
Madhya Pradesh,Harda,Harda APMC (F&V),Onion,Other,2020-05-09,650,750,700.0
Madhya Pradesh,Harda,Harda APMC (F&V),Onion,Other,2020-05-10,500,700,650.0
Madhya Pradesh,Harda,Harda APMC (F&V),Onion,Other,2020-05-11,400,500,500.0
Madhya Pradesh,Harda,Harda APMC (F&V),Onion,Other,2020-05-12,400,500,450.0
Madhya Pradesh,Harda,Harda APMC (F&V),Onion,Other,2020-05-13,450,500,475.0
Madhya Pradesh,Harda,Harda APMC (F&V),Onion,Other,2020-05-14,500,550,500.0
Madhya Pradesh,Harda,Harda APMC (F&V),Onion,Other,2020-05-15,400,500,450.0
Madhya Pradesh,Harda,Harda APMC (F&V),Onion,Other,2020-05-16,400,600,500.0
Madhya Pradesh,Harda,Harda APMC (F&V),Onion,Other,2020-05-17,400,500,450.0
Madhya Pradesh,Harda,Harda APMC (F&V),Onion,Other,2020-05-18,450,525,500.0
Madhya Pradesh,Harda,Harda APMC (F&V),Onion,Other,2020-05-19,500,700,600.0
Madhya Pradesh,Harda,Harda APMC (F&V),Onion,Other,2020-05-20,400,500,450.0
Madhya Pradesh,Harda,Harda APMC (F&V),Onion,Other,2020-05-22,500,700,600.0
Madhya Pradesh,Harda,Harda APMC (F&V),Onion,Other,2020-05-24,500,600,550.0
Madhya Pradesh,Harda,Harda APMC (F&V),Onion,Other,2020-05-27,400,500,450.0
Madhya Pradesh,Harda,Harda APMC (F&V),Onion,Other,2020-05-28,500,700,600.0
Madhya Pradesh,Harda,Harda APMC (F&V),Onion,Other,2020-05-29,500,600,550.0
Madhya Pradesh,Harda,Harda APMC (F&V),Onion,Other,2020-05-30,600,650,650.0
Madhya Pradesh,Harda,Harda APMC (F&V),Onion,Other,2020-06-01,500,700,600.0
Madhya Pradesh,Harda,Harda APMC (F&V),Onion,Other,2020-06-02,500,600,550.0
Madhya Pradesh,Harda,Harda APMC (F&V),Onion,Other,2020-06-03,500,600,550.0
Madhya Pradesh,Harda,Harda APMC (F&V),Onion,Other,2020-06-04,500,700,600.0
Madhya Pradesh,Harda,Harda APMC (F&V),Onion,Other,2020-06-05,500,600,550.0
Madhya Pradesh,Harda,Harda APMC (F&V),Onion,Other,2020-06-06,500,700,600.0
Madhya Pradesh,Harda,Harda APMC (F&V),Onion,Other,2020-06-07,400,600,500.0
Madhya Pradesh,Harda,Harda APMC (F&V),Onion,Other,2020-06-09,500,700,600.0
Madhya Pradesh,Harda,Harda APMC (F&V),Onion,Other,2020-06-10,400,600,500.0
Madhya Pradesh,Harda,Harda APMC (F&V),Onion,Other,2020-06-11,500,700,600.0
Madhya Pradesh,Harda,Harda APMC (F&V),Onion,Other,2020-06-12,600,800,700.0
Madhya Pradesh,Harda,Harda APMC (F&V),Onion,Other,2020-06-13,600,750,700.0
Madhya Pradesh,Harda,Harda APMC (F&V),Onion,Other,2020-06-14,500,700,600.0
Madhya Pradesh,Harda,Harda APMC (F&V),Onion,Other,2020-06-15,600,800,700.0
Madhya Pradesh,Harda,Harda APMC (F&V),Onion,Other,2020-06-16,700,900,800.0
Madhya Pradesh,Harda,Harda APMC (F&V),Onion,Other,2020-06-17,700,900,800.0
Madhya Pradesh,Harda,Harda APMC (F&V),Onion,Other,2020-06-18,800,1000,900.0
Madhya Pradesh,Harda,Harda APMC (F&V),Onion,Other,2020-06-19,650,800,700.0
Madhya Pradesh,Harda,Harda APMC (F&V),Onion,Other,2020-06-20,600,800,750.0
Madhya Pradesh,Harda,Harda APMC (F&V),Onion,Other,2020-06-21,700,900,800.0
Madhya Pradesh,Harda,Harda APMC (F&V),Onion,Other,2020-06-24,800,900,850.0
Madhya Pradesh,Harda,Harda APMC (F&V),Onion,Other,2020-06-25,600,800,700.0
Madhya Pradesh,Harda,Harda APMC (F&V),Onion,Other,2020-06-26,600,800,750.0
Madhya Pradesh,Harda,Harda APMC (F&V),Onion,Other,2020-06-27,600,800,700.0
Madhya Pradesh,Harda,Harda APMC (F&V),Onion,Other,2020-06-28,550,700,600.0
Madhya Pradesh,Harda,Harda APMC (F&V),Onion,Other,2020-06-29,600,800,700.0
Madhya Pradesh,Harda,Harda APMC (F&V),Onion,Other,2020-06-30,700,900,800.0
Madhya Pradesh,Harda,Harda APMC (F&V),Onion,Other,2020-07-01,700,900,800.0
Madhya Pradesh,Harda,Harda APMC (F&V),Onion,Other,2020-07-02,650,800,700.0
Madhya Pradesh,Harda,Harda APMC (F&V),Onion,Other,2020-07-03,700,900,800.0
Madhya Pradesh,Harda,Harda APMC (F&V),Onion,Other,2020-07-04,600,800,700.0
Madhya Pradesh,Harda,Harda APMC (F&V),Onion,Other,2020-07-05,550,650,600.0
Madhya Pradesh,Harda,Harda APMC (F&V),Onion,Other,2020-07-06,550,700,650.0
Madhya Pradesh,Harda,Harda APMC (F&V),Onion,Other,2020-07-07,600,800,700.0
Madhya Pradesh,Harda,Harda APMC (F&V),Onion,Other,2020-07-08,600,700,670.0
Madhya Pradesh,Harda,Harda APMC (F&V),Onion,Other,2020-07-09,700,900,800.0
Madhya Pradesh,Harda,Harda APMC (F&V),Onion,Other,2020-07-10,800,1000,900.0
Madhya Pradesh,Harda,Harda APMC (F&V),Onion,Other,2020-07-11,700,900,800.0
Madhya Pradesh,Harda,Harda APMC (F&V),Onion,Other,2020-07-12,800,900,850.0
Madhya Pradesh,Harda,Harda APMC (F&V),Onion,Other,2020-07-13,800,1000,900.0
Madhya Pradesh,Harda,Harda APMC (F&V),Onion,Other,2020-07-14,800,1000,900.0
Madhya Pradesh,Harda,Harda APMC (F&V),Onion,Other,2020-07-15,700,900,850.0
Madhya Pradesh,Harda,Harda APMC (F&V),Onion,Other,2020-07-17,800,1000,900.0
Madhya Pradesh,Harda,Harda APMC (F&V),Onion,Other,2020-07-18,700,900,800.0
Madhya Pradesh,Harda,Harda APMC (F&V),Onion,Other,2020-07-19,800,1000,900.0
Madhya Pradesh,Harda,Harda APMC (F&V),Onion,Other,2020-07-20,700,900,800.0
Madhya Pradesh,Harda,Harda APMC (F&V),Onion,Other,2020-07-21,800,1000,900.0
Madhya Pradesh,Harda,Harda APMC (F&V),Onion,Other,2020-07-22,800,900,850.0
Madhya Pradesh,Harda,Harda APMC (F&V),Onion,Other,2020-07-23,700,900,800.0
Madhya Pradesh,Harda,Harda APMC (F&V),Onion,Other,2020-07-24,700,900,800.0
Madhya Pradesh,Harda,Harda APMC (F&V),Onion,Other,2020-07-25,800,1000,900.0
Madhya Pradesh,Harda,Harda APMC (F&V),Onion,Other,2020-07-27,600,800,700.0
Madhya Pradesh,Harda,Harda APMC (F&V),Onion,Other,2020-07-28,700,900,800.0
Madhya Pradesh,Harda,Harda APMC (F&V),Onion,Other,2020-07-30,600,900,800.0
Madhya Pradesh,Harda,Harda APMC (F&V),Onion,Other,2020-07-31,600,800,700.0
Madhya Pradesh,Harda,Harda APMC (F&V),Onion,Other,2020-08-02,650,750,700.0
Madhya Pradesh,Harda,Harda APMC (F&V),Onion,Other,2020-08-11,900,1100,1000.0
Madhya Pradesh,Harda,Harda APMC (F&V),Onion,Other,2020-08-28,1400,1600,1500.0
Madhya Pradesh,Harda,Harda APMC (F&V),Onion,Other,2020-08-31,1100,1300,1200.0
Madhya Pradesh,Harda,Harda APMC (F&V),Onion,Other,2020-09-08,600,800,700.0
Madhya Pradesh,Hoshangabad,Hoshangabad,Onion,Onion,2020-09-10,1900,2600,2300.0
Madhya Pradesh,Hoshangabad,Hoshangabad,Onion,Onion,2020-09-11,1800,2800,2350.0
Madhya Pradesh,Hoshangabad,Hoshangabad,Onion,Onion,2020-09-12,1900,2950,2300.0
Madhya Pradesh,Hoshangabad,Hoshangabad,Onion,Onion,2020-09-14,1400,2400,1800.0
Madhya Pradesh,Hoshangabad,Hoshangabad,Onion,Onion,2020-09-15,600,860,790.0
Madhya Pradesh,Indore,Indore APMC (F&V),Onion,Onion,2020-01-03,800,5500,4000.0
Madhya Pradesh,Indore,Indore APMC (F&V),Onion,Onion,2020-01-04,800,5000,4000.0
Madhya Pradesh,Indore,Indore APMC (F&V),Onion,Onion,2020-01-06,1000,4700,4000.0
Madhya Pradesh,Indore,Indore APMC (F&V),Onion,Onion,2020-01-07,1000,4800,4000.0
Madhya Pradesh,Indore,Indore APMC (F&V),Onion,Onion,2020-01-08,800,4500,3500.0
Madhya Pradesh,Indore,Indore APMC (F&V),Onion,Onion,2020-01-09,600,4200,3200.0
Madhya Pradesh,Indore,Indore APMC (F&V),Onion,Onion,2020-01-10,500,4000,3000.0
Madhya Pradesh,Indore,Indore APMC (F&V),Onion,Onion,2020-01-11,500,3300,2800.0
Madhya Pradesh,Indore,Indore APMC (F&V),Onion,Onion,2020-01-13,600,3600,2800.0
Madhya Pradesh,Indore,Indore APMC (F&V),Onion,Onion,2020-01-14,1000,4300,3200.0
Madhya Pradesh,Indore,Indore APMC (F&V),Onion,Onion,2020-01-16,1000,4200,3200.0
Madhya Pradesh,Indore,Indore APMC (F&V),Onion,Onion,2020-01-17,800,4200,3200.0
Madhya Pradesh,Indore,Indore APMC (F&V),Onion,Onion,2020-01-18,800,4200,3200.0
Madhya Pradesh,Indore,Indore APMC (F&V),Onion,Onion,2020-01-21,1000,4500,3500.0
Madhya Pradesh,Indore,Indore APMC (F&V),Onion,Onion,2020-01-22,1000,4100,3500.0
Madhya Pradesh,Indore,Indore APMC (F&V),Onion,Onion,2020-01-23,1000,4100,3200.0
Madhya Pradesh,Indore,Indore APMC (F&V),Onion,Onion,2020-01-24,500,3500,2800.0
Madhya Pradesh,Indore,Indore APMC (F&V),Onion,Onion,2020-01-25,500,3700,2600.0
Madhya Pradesh,Indore,Indore APMC (F&V),Onion,Onion,2020-01-27,500,3100,2500.0
Madhya Pradesh,Indore,Indore APMC (F&V),Onion,Onion,2020-01-28,600,3100,2400.0
Madhya Pradesh,Indore,Indore APMC (F&V),Onion,Onion,2020-01-29,600,3300,2500.0
Madhya Pradesh,Indore,Indore APMC (F&V),Onion,Onion,2020-01-30,600,3200,2500.0
Madhya Pradesh,Indore,Indore APMC (F&V),Onion,Onion,2020-01-31,500,3200,2500.0
Madhya Pradesh,Indore,Indore APMC (F&V),Onion,Onion,2020-02-05,300,2200,1800.0
Madhya Pradesh,Indore,Indore APMC (F&V),Onion,Onion,2020-02-06,300,2200,1700.0
Madhya Pradesh,Indore,Indore APMC (F&V),Onion,Onion,2020-02-07,300,2200,1600.0
Madhya Pradesh,Indore,Indore APMC (F&V),Onion,Onion,2020-02-08,300,2200,1600.0
Madhya Pradesh,Indore,Indore APMC (F&V),Onion,Onion,2020-02-10,500,2500,2000.0
Madhya Pradesh,Indore,Indore APMC (F&V),Onion,Onion,2020-02-11,500,2500,2000.0
Madhya Pradesh,Indore,Indore APMC (F&V),Onion,Onion,2020-02-12,500,2500,2000.0
Madhya Pradesh,Indore,Indore APMC (F&V),Onion,Onion,2020-02-13,400,2400,2000.0
Madhya Pradesh,Indore,Indore APMC (F&V),Onion,Onion,2020-02-14,400,2400,1800.0
Madhya Pradesh,Indore,Indore APMC (F&V),Onion,Onion,2020-02-15,400,2400,1800.0
Madhya Pradesh,Indore,Indore APMC (F&V),Onion,Onion,2020-02-17,400,2500,2000.0
Madhya Pradesh,Indore,Indore APMC (F&V),Onion,Onion,2020-02-19,500,2500,1800.0
Madhya Pradesh,Indore,Indore APMC (F&V),Onion,Onion,2020-02-20,500,2300,1800.0
Madhya Pradesh,Indore,Indore APMC (F&V),Onion,Onion,2020-02-22,500,2400,1800.0
Madhya Pradesh,Indore,Indore APMC (F&V),Onion,Onion,2020-03-07,300,2000,1500.0
Madhya Pradesh,Indore,Indore APMC (F&V),Onion,Onion,2020-03-12,800,2200,1800.0
Madhya Pradesh,Indore,Indore APMC (F&V),Onion,Onion,2020-03-13,400,2000,1600.0
Madhya Pradesh,Indore,Indore APMC (F&V),Onion,Onion,2020-03-16,400,1800,1400.0
Madhya Pradesh,Indore,Indore APMC (F&V),Onion,Onion,2020-03-18,300,1500,1000.0
Madhya Pradesh,Indore,Indore APMC (F&V),Onion,Onion,2020-03-19,300,1500,1000.0
Madhya Pradesh,Indore,Indore APMC (F&V),Onion,Onion,2020-03-20,400,1700,1200.0
Madhya Pradesh,Indore,Indore APMC (F&V),Onion,Onion,2020-03-21,400,1700,1200.0
Madhya Pradesh,Indore,Indore APMC (F&V),Onion,Onion,2020-03-27,1000,2000,1500.0
Madhya Pradesh,Indore,Indore APMC (F&V),Onion,Onion,2020-03-28,1000,2000,1500.0
Madhya Pradesh,Indore,Indore APMC (F&V),Onion,Onion,2020-05-29,300,750,550.0
Madhya Pradesh,Indore,Indore APMC (F&V),Onion,Onion,2020-05-30,200,700,500.0
Madhya Pradesh,Indore,Indore APMC (F&V),Onion,Onion,2020-06-06,300,900,700.0
Madhya Pradesh,Indore,Indore APMC (F&V),Onion,Onion,2020-06-07,300,900,700.0
Madhya Pradesh,Indore,Indore APMC (F&V),Onion,Onion,2020-06-08,400,900,700.0
Madhya Pradesh,Indore,Indore APMC (F&V),Onion,Onion,2020-06-09,300,900,700.0
Madhya Pradesh,Indore,Indore APMC (F&V),Onion,Onion,2020-06-11,200,900,700.0
Madhya Pradesh,Indore,Indore APMC (F&V),Onion,Onion,2020-06-12,200,900,700.0
Madhya Pradesh,Indore,Indore APMC (F&V),Onion,Onion,2020-06-13,200,900,700.0
Madhya Pradesh,Indore,Indore APMC (F&V),Onion,Onion,2020-06-16,200,900,600.0
Madhya Pradesh,Indore,Indore APMC (F&V),Onion,Onion,2020-06-17,200,900,650.0
Madhya Pradesh,Indore,Indore APMC (F&V),Onion,Onion,2020-06-18,200,900,700.0
Madhya Pradesh,Indore,Indore APMC (F&V),Onion,Onion,2020-06-27,300,1000,700.0
Madhya Pradesh,Indore,Indore APMC (F&V),Onion,Onion,2020-06-29,200,950,700.0
Madhya Pradesh,Indore,Indore APMC (F&V),Onion,Onion,2020-06-30,300,1000,700.0
Madhya Pradesh,Indore,Indore APMC (F&V),Onion,Onion,2020-07-06,300,950,700.0
Madhya Pradesh,Indore,Indore APMC (F&V),Onion,Onion,2020-07-07,200,950,700.0
Madhya Pradesh,Indore,Indore APMC (F&V),Onion,Onion,2020-07-08,200,900,600.0
Madhya Pradesh,Indore,Indore APMC (F&V),Onion,Onion,2020-07-09,200,950,650.0
Madhya Pradesh,Indore,Indore APMC (F&V),Onion,Onion,2020-07-10,200,900,650.0
Madhya Pradesh,Indore,Indore APMC (F&V),Onion,Onion,2020-07-13,200,1000,700.0
Madhya Pradesh,Indore,Indore APMC (F&V),Onion,Onion,2020-07-14,200,1100,700.0
Madhya Pradesh,Indore,Indore APMC (F&V),Onion,Onion,2020-08-04,200,900,600.0
Madhya Pradesh,Indore,Indore APMC (F&V),Onion,Onion,2020-08-05,100,900,650.0
Madhya Pradesh,Indore,Indore APMC (F&V),Onion,Onion,2020-08-06,100,900,600.0
Madhya Pradesh,Indore,Indore APMC (F&V),Onion,Onion,2020-08-07,100,850,600.0
Madhya Pradesh,Indore,Indore APMC (F&V),Onion,Onion,2020-08-08,200,900,600.0
Madhya Pradesh,Indore,Indore APMC (F&V),Onion,Onion,2020-08-10,100,750,550.0
Madhya Pradesh,Indore,Indore APMC (F&V),Onion,Onion,2020-08-11,100,850,650.0
Madhya Pradesh,Indore,Indore APMC (F&V),Onion,Onion,2020-08-13,200,900,700.0
Madhya Pradesh,Indore,Indore APMC (F&V),Onion,Onion,2020-08-14,200,900,700.0
Madhya Pradesh,Indore,Indore APMC (F&V),Onion,Onion,2020-08-17,200,1050,700.0
Madhya Pradesh,Indore,Indore APMC (F&V),Onion,Onion,2020-08-18,300,1200,800.0
Madhya Pradesh,Indore,Indore APMC (F&V),Onion,Onion,2020-08-19,500,1550,1200.0
Madhya Pradesh,Indore,Indore APMC (F&V),Onion,Onion,2020-08-20,200,1300,1000.0
Madhya Pradesh,Indore,Indore APMC (F&V),Onion,Onion,2020-08-24,200,1300,900.0
Madhya Pradesh,Indore,Indore APMC (F&V),Onion,Onion,2020-08-25,200,1300,1000.0
Madhya Pradesh,Indore,Indore APMC (F&V),Onion,Onion,2020-08-26,200,1300,1000.0
Madhya Pradesh,Indore,Indore APMC (F&V),Onion,Onion,2020-08-27,200,1600,1200.0
Madhya Pradesh,Indore,Indore APMC (F&V),Onion,Onion,2020-08-28,200,1500,1000.0
Madhya Pradesh,Indore,Indore APMC (F&V),Onion,Onion,2020-08-29,200,1500,1100.0
Madhya Pradesh,Indore,Indore APMC (F&V),Onion,Onion,2020-08-31,200,1500,1100.0
Madhya Pradesh,Indore,Indore APMC (F&V),Onion,Onion,2020-09-01,500,1800,1400.0
Madhya Pradesh,Indore,Indore APMC (F&V),Onion,Onion,2020-09-02,500,2100,1600.0
Madhya Pradesh,Indore,Indore APMC (F&V),Onion,Onion,2020-09-08,500,2300,1800.0
Madhya Pradesh,Indore,Indore APMC (F&V),Onion,Onion,2020-09-09,700,2700,2200.0
Madhya Pradesh,Indore,Indore APMC (F&V),Onion,Onion,2020-09-10,700,2700,2200.0
Madhya Pradesh,Indore,Indore APMC (F&V),Onion,Onion,2020-09-11,500,2600,2200.0
Madhya Pradesh,Indore,Indore APMC (F&V),Onion,Onion,2020-09-12,500,2700,2100.0
Madhya Pradesh,Indore,Indore APMC (F&V),Onion,Onion,2020-09-14,400,3300,2600.0
Madhya Pradesh,Indore,Indore APMC (F&V),Onion,Onion,2020-09-15,400,2600,2000.0
Madhya Pradesh,Indore,Indore APMC (F&V),Onion,Onion,2020-09-16,300,2500,1800.0
Madhya Pradesh,Jabalpur,Jabalpur(F&V),Onion,Local,2020-02-15,2075,7025,3350.0
Madhya Pradesh,Jabalpur,Jabalpur(F&V),Onion,Local,2020-02-19,2030,7070,3535.0
Madhya Pradesh,Jabalpur,Jabalpur(F&V),Onion,Local,2020-02-20,1580,7020,3050.0
Madhya Pradesh,Jabalpur,Jabalpur(F&V),Onion,Local,2020-03-14,1500,6000,3000.0
Madhya Pradesh,Jabalpur,Jabalpur(F&V),Onion,Local,2020-03-16,1250,3950,2000.0
Madhya Pradesh,Jabalpur,Jabalpur(F&V),Onion,Local,2020-03-19,1000,3000,2000.0
Madhya Pradesh,Jabalpur,Jabalpur(F&V),Onion,Local,2020-04-22,500,1500,1100.0
Madhya Pradesh,Jabalpur,Jabalpur(F&V),Onion,Local,2020-05-19,500,1200,800.0
Madhya Pradesh,Jabalpur,Jabalpur(F&V),Onion,Local,2020-05-21,600,1400,1200.0
Madhya Pradesh,Jabalpur,Jabalpur(F&V),Onion,Local,2020-05-23,500,1300,800.0
Madhya Pradesh,Jabalpur,Jabalpur(F&V),Onion,Local,2020-05-24,400,900,800.0
Madhya Pradesh,Jabalpur,Jabalpur(F&V),Onion,Local,2020-05-25,500,1000,800.0
Madhya Pradesh,Jabalpur,Jabalpur(F&V),Onion,Local,2020-05-26,600,1200,800.0
Madhya Pradesh,Jabalpur,Jabalpur(F&V),Onion,Local,2020-05-29,600,1400,800.0
Madhya Pradesh,Jabalpur,Jabalpur(F&V),Onion,Local,2020-05-30,700,1300,850.0
Madhya Pradesh,Jabalpur,Jabalpur(F&V),Onion,Local,2020-05-31,600,1400,800.0
Madhya Pradesh,Jabalpur,Jabalpur(F&V),Onion,Local,2020-06-05,550,1300,800.0
Madhya Pradesh,Jabalpur,Jabalpur(F&V),Onion,Local,2020-06-06,500,1400,800.0
Madhya Pradesh,Jabalpur,Jabalpur(F&V),Onion,Local,2020-06-08,550,1200,800.0
Madhya Pradesh,Jabalpur,Jabalpur(F&V),Onion,Local,2020-06-09,530,1380,850.0
Madhya Pradesh,Jabalpur,Jabalpur(F&V),Onion,Local,2020-06-10,660,1300,800.0
Madhya Pradesh,Jabalpur,Jabalpur(F&V),Onion,Local,2020-06-11,540,1300,800.0
Madhya Pradesh,Jabalpur,Jabalpur(F&V),Onion,Local,2020-06-12,540,1200,800.0
Madhya Pradesh,Jabalpur,Jabalpur(F&V),Onion,Local,2020-06-14,650,1400,800.0
Madhya Pradesh,Jabalpur,Jabalpur(F&V),Onion,Local,2020-06-15,450,1600,1000.0
Madhya Pradesh,Jabalpur,Jabalpur(F&V),Onion,Local,2020-06-16,550,1300,800.0
Madhya Pradesh,Jabalpur,Jabalpur(F&V),Onion,Local,2020-06-17,480,1450,800.0
Madhya Pradesh,Jabalpur,Jabalpur(F&V),Onion,Local,2020-06-18,550,1600,800.0
Madhya Pradesh,Jabalpur,Jabalpur(F&V),Onion,Local,2020-06-19,555,1660,800.0
Madhya Pradesh,Jabalpur,Jabalpur(F&V),Onion,Local,2020-06-20,510,1600,900.0
Madhya Pradesh,Jabalpur,Jabalpur(F&V),Onion,Local,2020-06-22,460,1250,800.0
Madhya Pradesh,Jabalpur,Jabalpur(F&V),Onion,Local,2020-06-23,550,1520,800.0
Madhya Pradesh,Jabalpur,Jabalpur(F&V),Onion,Local,2020-06-24,675,1600,800.0
Madhya Pradesh,Jabalpur,Jabalpur(F&V),Onion,Local,2020-06-26,420,1600,800.0
Madhya Pradesh,Jabalpur,Jabalpur(F&V),Onion,Local,2020-06-29,550,1660,800.0
Madhya Pradesh,Jabalpur,Jabalpur(F&V),Onion,Local,2020-07-15,760,2800,1000.0
Madhya Pradesh,Jabalpur,Jabalpur(F&V),Onion,Local,2020-07-17,780,1820,1000.0
Madhya Pradesh,Jabalpur,Jabalpur(F&V),Onion,Local,2020-07-20,770,1825,1000.0
Madhya Pradesh,Jabalpur,Jabalpur(F&V),Onion,Local,2020-07-21,800,2600,1500.0
Madhya Pradesh,Jabalpur,Jabalpur(F&V),Onion,Local,2020-07-22,750,1000,900.0
Madhya Pradesh,Jabalpur,Jabalpur(F&V),Onion,Local,2020-07-23,700,1100,900.0
Madhya Pradesh,Jabalpur,Jabalpur(F&V),Onion,Local,2020-07-24,800,1200,1000.0
Madhya Pradesh,Jabalpur,Jabalpur(F&V),Onion,Local,2020-07-27,800,1200,1000.0
Madhya Pradesh,Jabalpur,Jabalpur(F&V),Onion,Local,2020-07-28,800,1200,1000.0
Madhya Pradesh,Jabalpur,Jabalpur(F&V),Onion,Local,2020-07-29,850,1400,1200.0
Madhya Pradesh,Jabalpur,Jabalpur(F&V),Onion,Local,2020-07-30,1000,1500,1300.0
Madhya Pradesh,Jabalpur,Jabalpur(F&V),Onion,Local,2020-07-31,900,1300,1100.0
Madhya Pradesh,Neemuch,Javad,Onion,Other,2020-02-25,600,0,600.0
Madhya Pradesh,Neemuch,Javad,Onion,Other,2020-03-05,1100,1100,1100.0
Madhya Pradesh,Neemuch,Javad,Onion,Other,2020-03-16,1212,1212,1212.0
Madhya Pradesh,Neemuch,Javad,Onion,Other,2020-03-18,1212,1212,1212.0
Madhya Pradesh,Jhabua,Jhabua,Onion,Other,2020-07-27,700,700,700.0
Madhya Pradesh,Jhabua,Jhabua,Onion,Other,2020-07-28,700,700,700.0
Madhya Pradesh,Jhabua,Jhabua,Onion,Other,2020-08-11,1000,1000,1000.0
Madhya Pradesh,Jhabua,Jhabua,Onion,Other,2020-08-14,1000,1000,1000.0
Madhya Pradesh,Jhabua,Jhabua,Onion,Other,2020-08-15,1000,1000,1000.0
Madhya Pradesh,Jhabua,Jhabua,Onion,Other,2020-08-21,1000,1000,1000.0
Madhya Pradesh,Jhabua,Jhabua,Onion,Other,2020-08-28,1000,1000,1000.0
Madhya Pradesh,Jhabua,Jhabua,Onion,Other,2020-09-14,1200,1200,1200.0
Madhya Pradesh,Jhabua,Jhabua,Onion,Other,2020-09-15,1000,1000,1000.0
Madhya Pradesh,Jhabua,Jhabua,Onion,Other,2020-09-16,1000,1000,1000.0
Madhya Pradesh,Shajapur,Kalapipal APMC,Onion,Other,2020-01-01,2220,5415,4570.0
Madhya Pradesh,Shajapur,Kalapipal APMC,Onion,Other,2020-01-02,2195,5105,4515.0
Madhya Pradesh,Shajapur,Kalapipal APMC,Onion,Other,2020-01-03,2265,5105,4480.0
Madhya Pradesh,Shajapur,Kalapipal APMC,Onion,Other,2020-01-04,2245,5240,4710.0
Madhya Pradesh,Shajapur,Kalapipal APMC,Onion,Other,2020-01-05,2200,5205,4110.0
Madhya Pradesh,Shajapur,Kalapipal APMC,Onion,Other,2020-01-06,1225,2502,1840.0
Madhya Pradesh,Shajapur,Kalapipal APMC,Onion,Other,2020-01-07,1230,2525,1790.0
Madhya Pradesh,Shajapur,Kalapipal APMC,Onion,Other,2020-01-11,910,2690,1760.0
Madhya Pradesh,Shajapur,Kalapipal APMC,Onion,Other,2020-01-12,920,1480,1140.0
Madhya Pradesh,Shajapur,Kalapipal APMC,Onion,Other,2020-01-13,1250,2500,1795.0
Madhya Pradesh,Shajapur,Kalapipal APMC,Onion,Other,2020-01-14,2500,6500,3500.0
Madhya Pradesh,Shajapur,Kalapipal APMC,Onion,Other,2020-01-15,3000,6500,4500.0
Madhya Pradesh,Shajapur,Kalapipal APMC,Onion,Other,2020-01-17,1205,2550,1790.0
Madhya Pradesh,Shajapur,Kalapipal APMC,Onion,Other,2020-01-18,1265,2600,1750.0
Madhya Pradesh,Shajapur,Kalapipal APMC,Onion,Other,2020-01-19,2500,5500,3500.0
Madhya Pradesh,Shajapur,Kalapipal APMC,Onion,Other,2020-01-20,1250,2630,1860.0
Madhya Pradesh,Shajapur,Kalapipal APMC,Onion,Other,2020-01-21,1180,2615,1760.0
Madhya Pradesh,Shajapur,Kalapipal APMC,Onion,Other,2020-01-22,1280,2590,1790.0
Madhya Pradesh,Shajapur,Kalapipal APMC,Onion,Other,2020-01-23,1245,2605,1790.0
Madhya Pradesh,Shajapur,Kalapipal APMC,Onion,Other,2020-01-25,2500,5500,4500.0
Madhya Pradesh,Shajapur,Kalapipal APMC,Onion,Other,2020-01-28,1240,3240,1955.0
Madhya Pradesh,Shajapur,Kalapipal APMC,Onion,Other,2020-01-29,1790,3351,2680.0
Madhya Pradesh,Shajapur,Kalapipal APMC,Onion,Other,2020-01-30,1745,3415,2760.0
Madhya Pradesh,Shajapur,Kalapipal APMC,Onion,Other,2020-01-31,2500,4000,3000.0
Madhya Pradesh,Shajapur,Kalapipal APMC,Onion,Other,2020-02-06,2000,3500,2500.0
Madhya Pradesh,Shajapur,Kalapipal APMC,Onion,Other,2020-02-07,2000,3100,2500.0
Madhya Pradesh,Shajapur,Kalapipal APMC,Onion,Other,2020-02-08,1500,3500,2000.0
Madhya Pradesh,Shajapur,Kalapipal APMC,Onion,Other,2020-02-09,605,1290,870.0
Madhya Pradesh,Shajapur,Kalapipal APMC,Onion,Other,2020-02-10,1400,2100,1800.0
Madhya Pradesh,Shajapur,Kalapipal APMC,Onion,Other,2020-02-11,600,1190,901.0
Madhya Pradesh,Shajapur,Kalapipal APMC,Onion,Other,2020-02-12,997,1700,1103.0
Madhya Pradesh,Shajapur,Kalapipal APMC,Onion,Other,2020-02-13,780,1820,990.0
Madhya Pradesh,Shajapur,Kalapipal APMC,Onion,Other,2020-02-15,500,825,750.0
Madhya Pradesh,Shajapur,Kalapipal APMC,Onion,Other,2020-02-16,2500,4000,3500.0
Madhya Pradesh,Shajapur,Kalapipal APMC,Onion,Other,2020-02-17,500,1515,850.0
Madhya Pradesh,Shajapur,Kalapipal APMC,Onion,Other,2020-02-18,1500,3500,2500.0
Madhya Pradesh,Shajapur,Kalapipal APMC,Onion,Other,2020-02-19,500,1490,1250.0
Madhya Pradesh,Shajapur,Kalapipal APMC,Onion,Other,2020-02-21,930,1510,1245.0
Madhya Pradesh,Shajapur,Kalapipal APMC,Onion,Other,2020-02-22,795,1370,980.0
Madhya Pradesh,Shajapur,Kalapipal APMC,Onion,Other,2020-02-25,511,1501,950.0
Madhya Pradesh,Shajapur,Kalapipal APMC,Onion,Other,2020-02-26,820,1901,1826.0
Madhya Pradesh,Shajapur,Kalapipal APMC,Onion,Other,2020-02-27,550,1900,1400.0
Madhya Pradesh,Shajapur,Kalapipal APMC,Onion,Other,2020-02-28,900,1850,1000.0
Madhya Pradesh,Shajapur,Kalapipal APMC,Onion,Other,2020-02-29,481,1754,1420.0
Madhya Pradesh,Shajapur,Kalapipal APMC,Onion,Other,2020-03-03,405,1400,1359.0
Madhya Pradesh,Shajapur,Kalapipal APMC,Onion,Other,2020-03-04,751,1700,1601.0
Madhya Pradesh,Shajapur,Kalapipal APMC,Onion,Other,2020-03-05,500,1500,1418.0
Madhya Pradesh,Shajapur,Kalapipal APMC,Onion,Other,2020-03-06,200,1245,550.0
Madhya Pradesh,Shajapur,Kalapipal APMC,Onion,Other,2020-03-07,981,1235,1100.0
Madhya Pradesh,Shajapur,Kalapipal APMC,Onion,Other,2020-03-08,310,1250,1115.0
Madhya Pradesh,Shajapur,Kalapipal APMC,Onion,Other,2020-03-09,450,1326,812.0
Madhya Pradesh,Shajapur,Kalapipal APMC,Onion,Other,2020-03-10,405,1200,850.0
Madhya Pradesh,Shajapur,Kalapipal APMC,Onion,Other,2020-03-11,401,1250,805.0
Madhya Pradesh,Shajapur,Kalapipal APMC,Onion,Other,2020-03-13,701,1751,1485.0
Madhya Pradesh,Shajapur,Kalapipal APMC,Onion,Other,2020-03-14,750,1700,950.0
Madhya Pradesh,Shajapur,Kalapipal APMC,Onion,Other,2020-03-15,740,1740,850.0
Madhya Pradesh,Shajapur,Kalapipal APMC,Onion,Other,2020-03-16,550,950,630.0
Madhya Pradesh,Shajapur,Kalapipal APMC,Onion,Other,2020-03-17,600,1500,1315.0
Madhya Pradesh,Shajapur,Kalapipal APMC,Onion,Other,2020-03-18,700,1500,1000.0
Madhya Pradesh,Shajapur,Kalapipal APMC,Onion,Other,2020-03-19,300,1500,750.0
Madhya Pradesh,Shajapur,Kalapipal APMC,Onion,Other,2020-03-20,600,1510,1250.0
Madhya Pradesh,Shajapur,Kalapipal APMC,Onion,Other,2020-03-21,500,1450,780.0
Madhya Pradesh,Shajapur,Kalapipal APMC,Onion,Other,2020-03-22,550,1550,1000.0
Madhya Pradesh,Shajapur,Kalapipal APMC,Onion,Other,2020-03-23,450,1320,850.0
Madhya Pradesh,Shajapur,Kalapipal APMC,Onion,Other,2020-03-24,450,1500,750.0
Madhya Pradesh,Shajapur,Kalapipal APMC,Onion,Other,2020-03-25,509,1250,800.0
Madhya Pradesh,Shajapur,Kalapipal APMC,Onion,Other,2020-03-26,500,1500,800.0
Madhya Pradesh,Shajapur,Kalapipal APMC,Onion,Other,2020-03-27,500,1345,870.0
Madhya Pradesh,Shajapur,Kalapipal APMC,Onion,Other,2020-03-28,200,1100,450.0
Madhya Pradesh,Shajapur,Kalapipal APMC,Onion,Other,2020-03-29,350,1230,750.0
Madhya Pradesh,Shajapur,Kalapipal APMC,Onion,Other,2020-03-30,450,1200,760.0
Madhya Pradesh,Shajapur,Kalapipal APMC,Onion,Other,2020-03-31,350,1210,750.0
Madhya Pradesh,Shajapur,Kalapipal APMC,Onion,Other,2020-04-15,780,2500,2000.0
Madhya Pradesh,Shajapur,Kalapipal APMC,Onion,Other,2020-04-16,800,1550,1000.0
Madhya Pradesh,Shajapur,Kalapipal APMC,Onion,Other,2020-04-17,450,1200,850.0
Madhya Pradesh,Shajapur,Kalapipal APMC,Onion,Other,2020-04-18,380,950,500.0
Madhya Pradesh,Shajapur,Kalapipal APMC,Onion,Other,2020-04-19,350,1200,750.0
Madhya Pradesh,Shajapur,Kalapipal APMC,Onion,Other,2020-04-20,345,1500,700.0
Madhya Pradesh,Shajapur,Kalapipal APMC,Onion,Other,2020-04-21,320,1100,450.0
Madhya Pradesh,Shajapur,Kalapipal APMC,Onion,Other,2020-04-22,350,1150,750.0
Madhya Pradesh,Shajapur,Kalapipal APMC,Onion,Other,2020-04-23,350,1210,740.0
Madhya Pradesh,Shajapur,Kalapipal APMC,Onion,Other,2020-04-24,450,1250,750.0
Madhya Pradesh,Shajapur,Kalapipal APMC,Onion,Other,2020-04-25,450,1200,550.0
Madhya Pradesh,Shajapur,Kalapipal APMC,Onion,Other,2020-04-26,450,1200,750.0
Madhya Pradesh,Shajapur,Kalapipal APMC,Onion,Other,2020-04-27,570,1320,850.0
Madhya Pradesh,Shajapur,Kalapipal APMC,Onion,Other,2020-04-28,350,780,550.0
Madhya Pradesh,Shajapur,Kalapipal APMC,Onion,Other,2020-04-29,450,780,650.0
Madhya Pradesh,Shajapur,Kalapipal APMC,Onion,Other,2020-04-30,420,1200,700.0
Madhya Pradesh,Shajapur,Kalapipal APMC,Onion,Other,2020-05-04,350,680,450.0
Madhya Pradesh,Shajapur,Kalapipal APMC,Onion,Other,2020-05-05,320,650,450.0
Madhya Pradesh,Shajapur,Kalapipal APMC,Onion,Other,2020-05-06,350,750,450.0
Madhya Pradesh,Shajapur,Kalapipal APMC,Onion,Other,2020-05-07,350,750,450.0
Madhya Pradesh,Shajapur,Kalapipal APMC,Onion,Other,2020-05-08,100,750,640.0
Madhya Pradesh,Shajapur,Kalapipal APMC,Onion,Other,2020-05-09,350,750,450.0
Madhya Pradesh,Shajapur,Kalapipal APMC,Onion,Other,2020-05-11,150,650,450.0
Madhya Pradesh,Shajapur,Kalapipal APMC,Onion,Other,2020-05-12,150,655,250.0
Madhya Pradesh,Shajapur,Kalapipal APMC,Onion,Other,2020-05-13,250,655,400.0
Madhya Pradesh,Shajapur,Kalapipal APMC,Onion,Other,2020-05-14,130,600,450.0
Madhya Pradesh,Shajapur,Kalapipal APMC,Onion,Other,2020-05-15,100,650,350.0
Madhya Pradesh,Shajapur,Kalapipal APMC,Onion,Other,2020-05-16,140,560,320.0
Madhya Pradesh,Shajapur,Kalapipal APMC,Onion,Other,2020-05-17,150,600,450.0
Madhya Pradesh,Shajapur,Kalapipal APMC,Onion,Other,2020-05-18,100,650,400.0
Madhya Pradesh,Shajapur,Kalapipal APMC,Onion,Other,2020-05-19,125,630,450.0
Madhya Pradesh,Shajapur,Kalapipal APMC,Onion,Other,2020-05-20,320,650,450.0
Madhya Pradesh,Shajapur,Kalapipal APMC,Onion,Other,2020-05-21,120,650,350.0
Madhya Pradesh,Shajapur,Kalapipal APMC,Onion,Other,2020-05-22,120,660,320.0
Madhya Pradesh,Shajapur,Kalapipal APMC,Onion,Other,2020-05-23,150,450,350.0
Madhya Pradesh,Shajapur,Kalapipal APMC,Onion,Other,2020-05-24,320,650,450.0
Madhya Pradesh,Shajapur,Kalapipal APMC,Onion,Other,2020-05-25,350,550,450.0
Madhya Pradesh,Shajapur,Kalapipal APMC,Onion,Other,2020-05-26,155,710,450.0
Madhya Pradesh,Shajapur,Kalapipal APMC,Onion,Other,2020-05-27,100,710,375.0
Madhya Pradesh,Shajapur,Kalapipal APMC,Onion,Other,2020-05-28,120,650,350.0
Madhya Pradesh,Shajapur,Kalapipal APMC,Onion,Other,2020-05-29,125,650,350.0
Madhya Pradesh,Shajapur,Kalapipal APMC,Onion,Other,2020-05-30,150,621,350.0
Madhya Pradesh,Shajapur,Kalapipal APMC,Onion,Other,2020-05-31,120,355,350.0
Madhya Pradesh,Shajapur,Kalapipal APMC,Onion,Other,2020-06-04,120,550,350.0
Madhya Pradesh,Shajapur,Kalapipal APMC,Onion,Other,2020-06-05,120,655,350.0
Madhya Pradesh,Shajapur,Kalapipal APMC,Onion,Other,2020-06-06,125,665,350.0
Madhya Pradesh,Shajapur,Kalapipal APMC,Onion,Other,2020-06-07,120,500,350.0
Madhya Pradesh,Shajapur,Kalapipal APMC,Onion,Other,2020-06-08,150,900,600.0
Madhya Pradesh,Shajapur,Kalapipal APMC,Onion,Other,2020-06-09,150,1061,620.0
Madhya Pradesh,Shajapur,Kalapipal APMC,Onion,Other,2020-06-10,155,1050,630.0
Madhya Pradesh,Shajapur,Kalapipal APMC,Onion,Other,2020-06-11,155,870,450.0
Madhya Pradesh,Shajapur,Kalapipal APMC,Onion,Other,2020-06-12,155,900,450.0
Madhya Pradesh,Shajapur,Kalapipal APMC,Onion,Other,2020-06-13,120,955,350.0
Madhya Pradesh,Shajapur,Kalapipal APMC,Onion,Other,2020-06-14,120,950,450.0
Madhya Pradesh,Shajapur,Kalapipal APMC,Onion,Other,2020-06-15,155,870,600.0
Madhya Pradesh,Shajapur,Kalapipal APMC,Onion,Other,2020-06-16,150,950,450.0
Madhya Pradesh,Shajapur,Kalapipal APMC,Onion,Other,2020-06-17,150,890,350.0
Madhya Pradesh,Shajapur,Kalapipal APMC,Onion,Other,2020-06-19,120,875,480.0
Madhya Pradesh,Shajapur,Kalapipal APMC,Onion,Other,2020-06-21,150,900,450.0
Madhya Pradesh,Shajapur,Kalapipal APMC,Onion,Other,2020-06-22,150,870,630.0
Madhya Pradesh,Shajapur,Kalapipal APMC,Onion,Other,2020-06-23,200,980,340.0
Madhya Pradesh,Shajapur,Kalapipal APMC,Onion,Other,2020-06-24,120,850,350.0
Madhya Pradesh,Shajapur,Kalapipal APMC,Onion,Other,2020-06-25,120,860,600.0
Madhya Pradesh,Shajapur,Kalapipal APMC,Onion,Other,2020-06-26,120,860,600.0
Madhya Pradesh,Shajapur,Kalapipal APMC,Onion,Other,2020-06-27,120,890,550.0
Madhya Pradesh,Shajapur,Kalapipal APMC,Onion,Other,2020-06-28,150,850,375.0
Madhya Pradesh,Shajapur,Kalapipal APMC,Onion,Other,2020-06-29,125,780,350.0
Madhya Pradesh,Shajapur,Kalapipal APMC,Onion,Other,2020-06-30,150,900,550.0
Madhya Pradesh,Shajapur,Kalapipal APMC,Onion,Other,2020-07-03,150,955,550.0
Madhya Pradesh,Shajapur,Kalapipal APMC,Onion,Other,2020-07-04,150,1000,450.0
Madhya Pradesh,Shajapur,Kalapipal APMC,Onion,Other,2020-07-05,150,1000,370.0
Madhya Pradesh,Shajapur,Kalapipal APMC,Onion,Other,2020-07-09,150,850,350.0
Madhya Pradesh,Shajapur,Kalapipal APMC,Onion,Other,2020-07-11,155,880,350.0
Madhya Pradesh,Shajapur,Kalapipal APMC,Onion,Other,2020-07-14,150,925,350.0
Madhya Pradesh,Shajapur,Kalapipal APMC,Onion,Other,2020-07-15,155,900,350.0
Madhya Pradesh,Shajapur,Kalapipal APMC,Onion,Other,2020-07-17,150,950,750.0
Madhya Pradesh,Shajapur,Kalapipal APMC,Onion,Other,2020-07-18,155,850,250.0
Madhya Pradesh,Shajapur,Kalapipal APMC,Onion,Other,2020-07-19,155,850,210.0
Madhya Pradesh,Shajapur,Kalapipal APMC,Onion,Other,2020-07-22,200,660,375.0
Madhya Pradesh,Shajapur,Kalapipal APMC,Onion,Other,2020-07-23,155,900,375.0
Madhya Pradesh,Shajapur,Kalapipal APMC,Onion,Other,2020-07-24,150,900,580.0
Madhya Pradesh,Shajapur,Kalapipal APMC,Onion,Other,2020-07-25,140,900,350.0
Madhya Pradesh,Shajapur,Kalapipal APMC,Onion,Other,2020-07-26,155,850,350.0
Madhya Pradesh,Shajapur,Kalapipal APMC,Onion,Other,2020-07-27,155,875,450.0
Madhya Pradesh,Shajapur,Kalapipal APMC,Onion,Other,2020-07-28,140,835,515.0
Madhya Pradesh,Shajapur,Kalapipal APMC,Onion,Other,2020-07-29,145,850,575.0
Madhya Pradesh,Shajapur,Kalapipal APMC,Onion,Other,2020-07-30,150,835,250.0
Madhya Pradesh,Shajapur,Kalapipal APMC,Onion,Other,2020-07-31,155,870,350.0
Madhya Pradesh,Shajapur,Kalapipal APMC,Onion,Other,2020-08-07,150,900,450.0
Madhya Pradesh,Shajapur,Kalapipal APMC,Onion,Other,2020-08-08,160,810,550.0
Madhya Pradesh,Shajapur,Kalapipal APMC,Onion,Other,2020-08-09,150,850,350.0
Madhya Pradesh,Shajapur,Kalapipal APMC,Onion,Other,2020-08-10,155,950,450.0
Madhya Pradesh,Shajapur,Kalapipal APMC,Onion,Other,2020-08-11,150,850,350.0
Madhya Pradesh,Shajapur,Kalapipal APMC,Onion,Other,2020-08-12,150,900,375.0
Madhya Pradesh,Shajapur,Kalapipal APMC,Onion,Other,2020-08-13,150,950,450.0
Madhya Pradesh,Shajapur,Kalapipal APMC,Onion,Other,2020-08-14,320,950,550.0
Madhya Pradesh,Shajapur,Kalapipal APMC,Onion,Other,2020-08-15,150,925,350.0
Madhya Pradesh,Shajapur,Kalapipal APMC,Onion,Other,2020-08-16,155,880,345.0
Madhya Pradesh,Shajapur,Kalapipal APMC,Onion,Other,2020-08-17,170,975,630.0
Madhya Pradesh,Shajapur,Kalapipal APMC,Onion,Other,2020-08-18,170,1050,560.0
Madhya Pradesh,Shajapur,Kalapipal APMC,Onion,Other,2020-08-19,180,1050,630.0
Madhya Pradesh,Shajapur,Kalapipal APMC,Onion,Other,2020-08-21,155,1320,450.0
Madhya Pradesh,Shajapur,Kalapipal APMC,Onion,Other,2020-08-22,165,1200,670.0
Madhya Pradesh,Shajapur,Kalapipal APMC,Onion,Other,2020-08-24,170,670,480.0
Madhya Pradesh,Shajapur,Kalapipal APMC,Onion,Other,2020-08-25,185,1250,550.0
Madhya Pradesh,Shajapur,Kalapipal APMC,Onion,Other,2020-08-26,200,1350,450.0
Madhya Pradesh,Shajapur,Kalapipal APMC,Onion,Other,2020-08-27,200,1400,450.0
Madhya Pradesh,Shajapur,Kalapipal APMC,Onion,Other,2020-08-28,190,1350,700.0
Madhya Pradesh,Shajapur,Kalapipal APMC,Onion,Other,2020-08-29,200,1200,450.0
Madhya Pradesh,Shajapur,Kalapipal APMC,Onion,Other,2020-08-30,210,1075,550.0
Madhya Pradesh,Shajapur,Kalapipal APMC,Onion,Other,2020-08-31,210,1075,450.0
Madhya Pradesh,Shajapur,Kalapipal APMC,Onion,Other,2020-09-08,220,2200,770.0
Madhya Pradesh,Shajapur,Kalapipal APMC,Onion,Other,2020-09-09,225,2000,550.0
Madhya Pradesh,Shajapur,Kalapipal APMC,Onion,Other,2020-09-13,350,2500,850.0
Madhya Pradesh,Shajapur,Kalapipal APMC,Onion,Other,2020-09-15,350,1550,650.0
Madhya Pradesh,Shajapur,Kalapipal APMC,Onion,Other,2020-09-16,350,2550,750.0
Madhya Pradesh,Khandwa,Khandwa APMC (F&V),Onion,Onion,2020-01-01,2000,5200,2500.0
Madhya Pradesh,Khandwa,Khandwa APMC (F&V),Onion,Onion,2020-01-03,2000,4500,2500.0
Madhya Pradesh,Khandwa,Khandwa APMC (F&V),Onion,Onion,2020-01-04,1200,4500,2000.0
Madhya Pradesh,Khandwa,Khandwa APMC (F&V),Onion,Onion,2020-01-05,1800,4000,2200.0
Madhya Pradesh,Khandwa,Khandwa APMC (F&V),Onion,Onion,2020-01-06,1800,4000,2200.0
Madhya Pradesh,Khandwa,Khandwa APMC (F&V),Onion,Onion,2020-01-07,1500,4000,2400.0
Madhya Pradesh,Khandwa,Khandwa APMC (F&V),Onion,Onion,2020-01-08,1500,4000,2000.0
Madhya Pradesh,Khandwa,Khandwa APMC (F&V),Onion,Onion,2020-01-09,1500,3800,2000.0
Madhya Pradesh,Khandwa,Khandwa APMC (F&V),Onion,Onion,2020-01-10,1500,3500,2000.0
Madhya Pradesh,Khandwa,Khandwa APMC (F&V),Onion,Onion,2020-01-11,1200,3000,1800.0
Madhya Pradesh,Khandwa,Khandwa APMC (F&V),Onion,Onion,2020-01-12,1000,3000,1600.0
Madhya Pradesh,Khandwa,Khandwa APMC (F&V),Onion,Onion,2020-01-13,1000,3000,1600.0
Madhya Pradesh,Khandwa,Khandwa APMC (F&V),Onion,Onion,2020-01-15,600,3000,1500.0
Madhya Pradesh,Khandwa,Khandwa APMC (F&V),Onion,Onion,2020-01-16,600,6000,1800.0
Madhya Pradesh,Khandwa,Khandwa APMC (F&V),Onion,Onion,2020-01-18,650,3000,1500.0
Madhya Pradesh,Khandwa,Khandwa APMC (F&V),Onion,Onion,2020-01-19,800,3000,2000.0
Madhya Pradesh,Khandwa,Khandwa APMC (F&V),Onion,Onion,2020-01-20,800,4000,2000.0
Madhya Pradesh,Khandwa,Khandwa APMC (F&V),Onion,Onion,2020-01-21,800,3500,1800.0
Madhya Pradesh,Khandwa,Khandwa APMC (F&V),Onion,Onion,2020-01-22,800,3500,1800.0
Madhya Pradesh,Khandwa,Khandwa APMC (F&V),Onion,Onion,2020-01-23,800,3500,1800.0
Madhya Pradesh,Khandwa,Khandwa APMC (F&V),Onion,Onion,2020-01-24,800,3000,1800.0
Madhya Pradesh,Khandwa,Khandwa APMC (F&V),Onion,Onion,2020-01-25,800,3000,1800.0
Madhya Pradesh,Khandwa,Khandwa APMC (F&V),Onion,Onion,2020-01-26,800,3000,1600.0
Madhya Pradesh,Khandwa,Khandwa APMC (F&V),Onion,Onion,2020-01-27,800,3200,1800.0
Madhya Pradesh,Khandwa,Khandwa APMC (F&V),Onion,Onion,2020-01-28,800,2800,1600.0
Madhya Pradesh,Khandwa,Khandwa APMC (F&V),Onion,Onion,2020-01-29,800,3000,1800.0
Madhya Pradesh,Khandwa,Khandwa APMC (F&V),Onion,Onion,2020-01-30,900,3000,1500.0
Madhya Pradesh,Khandwa,Khandwa APMC (F&V),Onion,Onion,2020-01-31,900,3000,1500.0
Madhya Pradesh,Khandwa,Khandwa APMC (F&V),Onion,Onion,2020-02-07,800,2500,1500.0
Madhya Pradesh,Khandwa,Khandwa APMC (F&V),Onion,Onion,2020-02-08,800,2500,1500.0
Madhya Pradesh,Khandwa,Khandwa APMC (F&V),Onion,Onion,2020-02-09,800,2400,1400.0
Madhya Pradesh,Khandwa,Khandwa APMC (F&V),Onion,Onion,2020-02-10,800,2200,1300.0
Madhya Pradesh,Khandwa,Khandwa APMC (F&V),Onion,Onion,2020-02-11,800,2300,1400.0
Madhya Pradesh,Khandwa,Khandwa APMC (F&V),Onion,Onion,2020-02-12,800,1800,1200.0
Madhya Pradesh,Khandwa,Khandwa APMC (F&V),Onion,Onion,2020-02-13,700,1800,1300.0
Madhya Pradesh,Khandwa,Khandwa APMC (F&V),Onion,Onion,2020-02-14,600,1800,1100.0
Madhya Pradesh,Khandwa,Khandwa APMC (F&V),Onion,Onion,2020-02-15,600,1600,1200.0
Madhya Pradesh,Khandwa,Khandwa APMC (F&V),Onion,Onion,2020-02-16,800,1800,1200.0
Madhya Pradesh,Khandwa,Khandwa APMC (F&V),Onion,Onion,2020-02-17,600,1600,900.0
Madhya Pradesh,Khandwa,Khandwa APMC (F&V),Onion,Onion,2020-02-18,600,1500,900.0
Madhya Pradesh,Khandwa,Khandwa APMC (F&V),Onion,Onion,2020-02-19,600,1600,900.0
Madhya Pradesh,Khandwa,Khandwa APMC (F&V),Onion,Onion,2020-02-22,600,1300,900.0
Madhya Pradesh,Khandwa,Khandwa APMC (F&V),Onion,Onion,2020-02-23,600,1300,900.0
Madhya Pradesh,Khandwa,Khandwa APMC (F&V),Onion,Onion,2020-02-24,600,1500,900.0
Madhya Pradesh,Khandwa,Khandwa APMC (F&V),Onion,Onion,2020-02-26,600,1500,900.0
Madhya Pradesh,Khandwa,Khandwa APMC (F&V),Onion,Onion,2020-02-27,600,1500,900.0
Madhya Pradesh,Khandwa,Khandwa APMC (F&V),Onion,Onion,2020-02-28,600,1500,900.0
Madhya Pradesh,Khandwa,Khandwa APMC (F&V),Onion,Onion,2020-02-29,600,1400,900.0
Madhya Pradesh,Khandwa,Khandwa APMC (F&V),Onion,Onion,2020-03-03,600,1600,900.0
Madhya Pradesh,Khandwa,Khandwa APMC (F&V),Onion,Onion,2020-03-04,600,1400,900.0
Madhya Pradesh,Khandwa,Khandwa APMC (F&V),Onion,Onion,2020-03-05,600,1500,900.0
Madhya Pradesh,Khandwa,Khandwa APMC (F&V),Onion,Onion,2020-03-06,600,1500,900.0
Madhya Pradesh,Khandwa,Khandwa APMC (F&V),Onion,Onion,2020-03-07,650,1400,800.0
Madhya Pradesh,Khandwa,Khandwa APMC (F&V),Onion,Onion,2020-03-08,600,1500,900.0
Madhya Pradesh,Khandwa,Khandwa APMC (F&V),Onion,Onion,2020-03-09,600,1500,900.0
Madhya Pradesh,Khandwa,Khandwa APMC (F&V),Onion,Onion,2020-03-11,600,1400,800.0
Madhya Pradesh,Khandwa,Khandwa APMC (F&V),Onion,Onion,2020-03-12,600,1500,1000.0
Madhya Pradesh,Khandwa,Khandwa APMC (F&V),Onion,Onion,2020-03-13,600,1600,900.0
Madhya Pradesh,Khandwa,Khandwa APMC (F&V),Onion,Onion,2020-03-14,600,1500,900.0
Madhya Pradesh,Khandwa,Khandwa APMC (F&V),Onion,Onion,2020-03-15,600,1500,900.0
Madhya Pradesh,Khandwa,Khandwa APMC (F&V),Onion,Onion,2020-03-16,600,1500,900.0
Madhya Pradesh,Khandwa,Khandwa APMC (F&V),Onion,Onion,2020-03-17,600,1500,900.0
Madhya Pradesh,Khandwa,Khandwa APMC (F&V),Onion,Onion,2020-03-19,250,600,350.0
Madhya Pradesh,Khandwa,Khandwa APMC (F&V),Onion,Onion,2020-03-20,600,1400,900.0
Madhya Pradesh,Khandwa,Khandwa APMC (F&V),Onion,Onion,2020-03-21,600,1300,900.0
Madhya Pradesh,Khandwa,Khandwa APMC (F&V),Onion,Onion,2020-03-22,600,1300,900.0
Madhya Pradesh,Khandwa,Khandwa APMC (F&V),Onion,Onion,2020-03-23,600,1300,900.0
Madhya Pradesh,Khandwa,Khandwa APMC (F&V),Onion,Onion,2020-03-24,600,1300,900.0
Madhya Pradesh,Khandwa,Khandwa APMC (F&V),Onion,Onion,2020-03-26,600,1300,900.0
Madhya Pradesh,Khandwa,Khandwa APMC (F&V),Onion,Onion,2020-03-27,600,1400,900.0
Madhya Pradesh,Khandwa,Khandwa APMC (F&V),Onion,Onion,2020-03-28,600,1300,900.0
Madhya Pradesh,Khandwa,Khandwa APMC (F&V),Onion,Onion,2020-03-29,500,1500,1000.0
Madhya Pradesh,Khandwa,Khandwa APMC (F&V),Onion,Onion,2020-03-30,600,1200,800.0
Madhya Pradesh,Khandwa,Khandwa APMC (F&V),Onion,Onion,2020-03-31,600,1200,900.0
Madhya Pradesh,Khandwa,Khandwa APMC (F&V),Onion,Onion,2020-05-21,300,500,400.0
Madhya Pradesh,Khandwa,Khandwa APMC (F&V),Onion,Onion,2020-06-01,200,400,300.0
Madhya Pradesh,Khandwa,Khandwa APMC (F&V),Onion,Onion,2020-06-02,200,400,300.0
Madhya Pradesh,Khandwa,Khandwa APMC (F&V),Onion,Onion,2020-06-03,200,400,300.0
Madhya Pradesh,Khandwa,Khandwa APMC (F&V),Onion,Onion,2020-06-04,200,400,300.0
Madhya Pradesh,Khandwa,Khandwa APMC (F&V),Onion,Onion,2020-06-06,200,400,300.0
Madhya Pradesh,Khandwa,Khandwa APMC (F&V),Onion,Onion,2020-06-07,200,400,300.0
Madhya Pradesh,Khandwa,Khandwa APMC (F&V),Onion,Onion,2020-06-09,300,800,500.0
Madhya Pradesh,Khandwa,Khandwa APMC (F&V),Onion,Onion,2020-06-10,300,800,550.0
Madhya Pradesh,Khandwa,Khandwa APMC (F&V),Onion,Onion,2020-06-11,300,800,580.0
Madhya Pradesh,Khandwa,Khandwa APMC (F&V),Onion,Onion,2020-06-13,350,780,480.0
Madhya Pradesh,Khandwa,Khandwa APMC (F&V),Onion,Onion,2020-06-14,350,780,480.0
Madhya Pradesh,Khandwa,Khandwa APMC (F&V),Onion,Onion,2020-06-15,350,780,480.0
Madhya Pradesh,Khandwa,Khandwa APMC (F&V),Onion,Onion,2020-06-16,200,600,350.0
Madhya Pradesh,Khandwa,Khandwa APMC (F&V),Onion,Onion,2020-06-17,200,600,400.0
Madhya Pradesh,Khandwa,Khandwa APMC (F&V),Onion,Onion,2020-06-18,200,500,300.0
Madhya Pradesh,Khandwa,Khandwa APMC (F&V),Onion,Onion,2020-06-19,200,500,350.0
Madhya Pradesh,Khandwa,Khandwa APMC (F&V),Onion,Onion,2020-06-20,200,500,400.0
Madhya Pradesh,Khandwa,Khandwa APMC (F&V),Onion,Onion,2020-06-21,200,550,400.0
Madhya Pradesh,Khandwa,Khandwa APMC (F&V),Onion,Onion,2020-06-22,200,550,400.0
Madhya Pradesh,Khandwa,Khandwa APMC (F&V),Onion,Onion,2020-06-24,200,500,400.0
Madhya Pradesh,Khandwa,Khandwa APMC (F&V),Onion,Onion,2020-06-25,300,550,400.0
Madhya Pradesh,Khandwa,Khandwa APMC (F&V),Onion,Onion,2020-06-26,300,600,400.0
Madhya Pradesh,Khandwa,Khandwa APMC (F&V),Onion,Onion,2020-06-27,250,700,500.0
Madhya Pradesh,Khandwa,Khandwa APMC (F&V),Onion,Onion,2020-06-28,300,650,450.0
Madhya Pradesh,Khandwa,Khandwa APMC (F&V),Onion,Onion,2020-06-30,300,700,450.0
Madhya Pradesh,Khandwa,Khandwa APMC (F&V),Onion,Onion,2020-07-03,240,600,400.0
Madhya Pradesh,Khandwa,Khandwa APMC (F&V),Onion,Onion,2020-07-04,230,600,450.0
Madhya Pradesh,Khandwa,Khandwa APMC (F&V),Onion,Onion,2020-07-05,300,500,400.0
Madhya Pradesh,Khandwa,Khandwa APMC (F&V),Onion,Onion,2020-07-06,300,500,400.0
Madhya Pradesh,Khandwa,Khandwa APMC (F&V),Onion,Onion,2020-07-07,250,550,450.0
Madhya Pradesh,Khandwa,Khandwa APMC (F&V),Onion,Onion,2020-07-08,230,550,400.0
Madhya Pradesh,Khandwa,Khandwa APMC (F&V),Onion,Onion,2020-07-09,300,500,400.0
Madhya Pradesh,Khandwa,Khandwa APMC (F&V),Onion,Onion,2020-07-10,240,570,400.0
Madhya Pradesh,Khandwa,Khandwa APMC (F&V),Onion,Onion,2020-07-11,300,700,400.0
Madhya Pradesh,Khandwa,Khandwa APMC (F&V),Onion,Onion,2020-07-12,300,700,400.0
Madhya Pradesh,Khandwa,Khandwa APMC (F&V),Onion,Onion,2020-07-13,200,525,400.0
Madhya Pradesh,Khandwa,Khandwa APMC (F&V),Onion,Onion,2020-07-15,300,600,450.0
Madhya Pradesh,Khandwa,Khandwa APMC (F&V),Onion,Onion,2020-07-16,300,550,400.0
Madhya Pradesh,Khandwa,Khandwa APMC (F&V),Onion,Onion,2020-07-17,300,550,400.0
Madhya Pradesh,Khandwa,Khandwa APMC (F&V),Onion,Onion,2020-07-18,240,525,400.0
Madhya Pradesh,Khandwa,Khandwa APMC (F&V),Onion,Onion,2020-07-19,240,525,400.0
Madhya Pradesh,Khandwa,Khandwa APMC (F&V),Onion,Onion,2020-07-20,300,600,400.0
Madhya Pradesh,Khandwa,Khandwa APMC (F&V),Onion,Onion,2020-07-21,300,550,400.0
Madhya Pradesh,Khandwa,Khandwa APMC (F&V),Onion,Onion,2020-07-22,300,500,400.0
Madhya Pradesh,Khandwa,Khandwa APMC (F&V),Onion,Onion,2020-07-23,250,520,400.0
Madhya Pradesh,Khandwa,Khandwa APMC (F&V),Onion,Onion,2020-07-24,300,550,400.0
Madhya Pradesh,Khandwa,Khandwa APMC (F&V),Onion,Onion,2020-07-25,300,500,400.0
Madhya Pradesh,Khandwa,Khandwa APMC (F&V),Onion,Onion,2020-07-27,300,550,400.0
Madhya Pradesh,Khandwa,Khandwa APMC (F&V),Onion,Onion,2020-07-28,250,550,425.0
Madhya Pradesh,Khandwa,Khandwa APMC (F&V),Onion,Onion,2020-07-29,300,500,400.0
Madhya Pradesh,Khandwa,Khandwa APMC (F&V),Onion,Onion,2020-07-30,400,550,450.0
Madhya Pradesh,Khandwa,Khandwa APMC (F&V),Onion,Onion,2020-08-04,300,500,400.0
Madhya Pradesh,Khandwa,Khandwa APMC (F&V),Onion,Onion,2020-08-05,400,550,500.0
Madhya Pradesh,Khandwa,Khandwa APMC (F&V),Onion,Onion,2020-08-06,240,550,400.0
Madhya Pradesh,Khandwa,Khandwa APMC (F&V),Onion,Onion,2020-08-07,300,550,400.0
Madhya Pradesh,Khandwa,Khandwa APMC (F&V),Onion,Onion,2020-08-08,300,550,400.0
Madhya Pradesh,Khandwa,Khandwa APMC (F&V),Onion,Onion,2020-08-10,300,550,400.0
Madhya Pradesh,Khandwa,Khandwa APMC (F&V),Onion,Onion,2020-08-11,300,550,400.0
Madhya Pradesh,Khandwa,Khandwa APMC (F&V),Onion,Onion,2020-08-12,300,550,400.0
Madhya Pradesh,Khandwa,Khandwa APMC (F&V),Onion,Onion,2020-08-14,300,600,400.0
Madhya Pradesh,Khandwa,Khandwa APMC (F&V),Onion,Onion,2020-08-15,300,550,400.0
Madhya Pradesh,Khandwa,Khandwa APMC (F&V),Onion,Onion,2020-08-17,350,600,450.0
Madhya Pradesh,Khandwa,Khandwa APMC (F&V),Onion,Onion,2020-08-18,400,660,550.0
Madhya Pradesh,Khandwa,Khandwa APMC (F&V),Onion,Onion,2020-08-19,400,700,500.0
Madhya Pradesh,Khandwa,Khandwa APMC (F&V),Onion,Onion,2020-08-22,250,900,550.0
Madhya Pradesh,Khandwa,Khandwa APMC (F&V),Onion,Onion,2020-08-24,305,850,500.0
Madhya Pradesh,Khandwa,Khandwa APMC (F&V),Onion,Onion,2020-08-25,404,650,500.0
Madhya Pradesh,Khandwa,Khandwa APMC (F&V),Onion,Onion,2020-08-26,450,650,500.0
Madhya Pradesh,Khandwa,Khandwa APMC (F&V),Onion,Onion,2020-08-27,500,650,600.0
Madhya Pradesh,Khandwa,Khandwa APMC (F&V),Onion,Onion,2020-08-28,350,850,500.0
Madhya Pradesh,Khandwa,Khandwa APMC (F&V),Onion,Onion,2020-08-31,400,900,600.0
Madhya Pradesh,Khandwa,Khandwa APMC (F&V),Onion,Onion,2020-09-08,450,1100,800.0
Madhya Pradesh,Khandwa,Khandwa APMC (F&V),Onion,Onion,2020-09-10,400,1200,800.0
Madhya Pradesh,Khandwa,Khandwa APMC (F&V),Onion,Onion,2020-09-11,800,1000,900.0
Madhya Pradesh,Khandwa,Khandwa APMC (F&V),Onion,Onion,2020-09-12,600,1000,800.0
Madhya Pradesh,Khandwa,Khandwa APMC (F&V),Onion,Onion,2020-09-13,700,1200,1000.0
Madhya Pradesh,Khandwa,Khandwa APMC (F&V),Onion,Onion,2020-09-14,600,1200,800.0
Madhya Pradesh,Dhar,Kukshi,Onion,Onion,2020-01-07,1000,4500,2000.0
Madhya Pradesh,Dhar,Kukshi,Onion,Onion,2020-01-08,1200,4500,2000.0
Madhya Pradesh,Dhar,Kukshi,Onion,Onion,2020-01-09,1000,4500,2000.0
Madhya Pradesh,Dhar,Kukshi,Onion,Onion,2020-01-14,800,3000,1700.0
Madhya Pradesh,Dhar,Kukshi,Onion,Onion,2020-01-21,1000,3000,1500.0
Madhya Pradesh,Dhar,Kukshi,Onion,Onion,2020-01-22,1000,3000,1600.0
Madhya Pradesh,Dhar,Kukshi,Onion,Onion,2020-02-11,800,2000,1300.0
Madhya Pradesh,Dhar,Kukshi,Onion,Onion,2020-02-12,800,2000,1200.0
Madhya Pradesh,Dhar,Kukshi,Onion,Onion,2020-02-18,900,2000,1200.0
Madhya Pradesh,Dhar,Kukshi,Onion,Onion,2020-02-19,1000,2000,1200.0
Madhya Pradesh,Dhar,Kukshi,Onion,Onion,2020-02-25,800,2200,1300.0
Madhya Pradesh,Dhar,Kukshi,Onion,Onion,2020-02-26,1000,2000,1200.0
Madhya Pradesh,Dhar,Kukshi,Onion,Onion,2020-03-03,800,2000,1200.0
Madhya Pradesh,Dhar,Kukshi,Onion,Onion,2020-03-04,1000,2000,1300.0
Madhya Pradesh,Dhar,Kukshi,Onion,Onion,2020-03-17,800,2000,1200.0
Madhya Pradesh,Dhar,Kukshi,Onion,Onion,2020-03-18,1000,2000,1200.0
Madhya Pradesh,Dhar,Kukshi,Onion,Onion,2020-06-10,600,1000,800.0
Madhya Pradesh,Dhar,Kukshi,Onion,Onion,2020-06-11,700,1000,800.0
Madhya Pradesh,Dhar,Kukshi,Onion,Onion,2020-06-12,800,1200,900.0
Madhya Pradesh,Dhar,Kukshi,Onion,Onion,2020-07-04,500,1100,700.0
Madhya Pradesh,Dhar,Kukshi,Onion,Onion,2020-07-05,600,1200,700.0
Madhya Pradesh,Dhar,Kukshi,Onion,Onion,2020-07-06,500,1300,700.0
Madhya Pradesh,Dhar,Kukshi,Onion,Onion,2020-07-08,500,1200,700.0
Madhya Pradesh,Dhar,Kukshi,Onion,Onion,2020-07-09,600,1300,700.0
Madhya Pradesh,Dhar,Kukshi,Onion,Onion,2020-07-10,500,1200,700.0
Madhya Pradesh,Dhar,Kukshi,Onion,Onion,2020-07-11,500,1000,700.0
Madhya Pradesh,Dhar,Kukshi,Onion,Onion,2020-07-13,500,1100,700.0
Madhya Pradesh,Dhar,Kukshi,Onion,Onion,2020-07-15,500,1200,700.0
Madhya Pradesh,Dhar,Kukshi,Onion,Onion,2020-07-17,600,1300,700.0
Madhya Pradesh,Dhar,Kukshi,Onion,Onion,2020-07-22,500,1200,700.0
Madhya Pradesh,Dhar,Kukshi,Onion,Onion,2020-07-23,600,1300,700.0
Madhya Pradesh,Dhar,Kukshi,Onion,Onion,2020-07-24,500,1200,700.0
Madhya Pradesh,Dhar,Kukshi,Onion,Onion,2020-07-25,600,1200,700.0
Madhya Pradesh,Dhar,Kukshi,Onion,Onion,2020-07-27,500,1200,700.0
Madhya Pradesh,Dhar,Kukshi,Onion,Onion,2020-07-29,600,800,700.0
Madhya Pradesh,Dhar,Kukshi,Onion,Onion,2020-07-30,500,1200,700.0
Madhya Pradesh,Dhar,Kukshi,Onion,Onion,2020-08-07,500,1300,700.0
Madhya Pradesh,Dhar,Kukshi,Onion,Onion,2020-08-08,600,1400,700.0
Madhya Pradesh,Dhar,Kukshi,Onion,Onion,2020-08-10,500,1300,700.0
Madhya Pradesh,Dhar,Kukshi,Onion,Onion,2020-08-11,600,1400,700.0
Madhya Pradesh,Dhar,Kukshi,Onion,Onion,2020-08-12,500,1300,700.0
Madhya Pradesh,Dhar,Kukshi,Onion,Onion,2020-08-13,500,1200,600.0
Madhya Pradesh,Dhar,Kukshi,Onion,Onion,2020-08-14,600,1300,700.0
Madhya Pradesh,Dhar,Kukshi,Onion,Onion,2020-08-15,500,1200,600.0
Madhya Pradesh,Dhar,Kukshi,Onion,Onion,2020-08-17,600,1300,700.0
Madhya Pradesh,Dhar,Kukshi,Onion,Onion,2020-08-18,600,1400,700.0
Madhya Pradesh,Dhar,Kukshi,Onion,Onion,2020-08-19,600,1200,700.0
Madhya Pradesh,Dhar,Kukshi,Onion,Onion,2020-08-21,500,1100,600.0
Madhya Pradesh,Dhar,Kukshi,Onion,Onion,2020-08-22,600,1300,700.0
Madhya Pradesh,Dhar,Kukshi,Onion,Onion,2020-08-24,500,1300,700.0
Madhya Pradesh,Dhar,Kukshi,Onion,Onion,2020-08-25,500,1200,700.0
Madhya Pradesh,Dhar,Kukshi,Onion,Onion,2020-08-26,500,1200,600.0
Madhya Pradesh,Dhar,Kukshi,Onion,Onion,2020-08-27,500,1300,700.0
Madhya Pradesh,Dhar,Kukshi,Onion,Onion,2020-08-28,600,1200,700.0
Madhya Pradesh,Dhar,Kukshi,Onion,Onion,2020-08-29,500,1300,700.0
Madhya Pradesh,Dhar,Kukshi,Onion,Onion,2020-08-31,600,1300,700.0
Madhya Pradesh,Dhar,Kukshi,Onion,Onion,2020-09-08,500,1200,600.0
Madhya Pradesh,Dhar,Kukshi,Onion,Onion,2020-09-09,600,1500,700.0
Madhya Pradesh,Dhar,Kukshi,Onion,Onion,2020-09-10,500,1500,800.0
Madhya Pradesh,Dhar,Kukshi,Onion,Onion,2020-09-11,500,1600,700.0
Madhya Pradesh,Dhar,Kukshi,Onion,Onion,2020-09-12,600,1600,800.0
Madhya Pradesh,Dhar,Kukshi,Onion,Onion,2020-09-14,500,1600,700.0
Madhya Pradesh,Gwalior,Lashkar(F&V),Onion,Local,2020-02-09,1000,1600,1300.0
Madhya Pradesh,Gwalior,Lashkar(F&V),Onion,Local,2020-02-10,1000,1600,1300.0
Madhya Pradesh,Gwalior,Lashkar(F&V),Onion,Local,2020-02-11,1000,2000,1500.0
Madhya Pradesh,Gwalior,Lashkar(F&V),Onion,Local,2020-02-13,1000,2000,1500.0
Madhya Pradesh,Gwalior,Lashkar(F&V),Onion,Local,2020-02-14,1000,2000,1500.0
Madhya Pradesh,Gwalior,Lashkar(F&V),Onion,Local,2020-02-15,1000,2000,1500.0
Madhya Pradesh,Gwalior,Lashkar(F&V),Onion,Local,2020-02-16,1000,2000,1500.0
Madhya Pradesh,Gwalior,Lashkar(F&V),Onion,Local,2020-02-18,1500,2500,2000.0
Madhya Pradesh,Gwalior,Lashkar(F&V),Onion,Local,2020-02-19,1500,2500,2000.0
Madhya Pradesh,Gwalior,Lashkar(F&V),Onion,Local,2020-02-20,1500,2500,2000.0
Madhya Pradesh,Gwalior,Lashkar(F&V),Onion,Local,2020-02-22,1000,2000,1500.0
Madhya Pradesh,Gwalior,Lashkar(F&V),Onion,Local,2020-02-23,1000,2000,1500.0
Madhya Pradesh,Gwalior,Lashkar(F&V),Onion,Local,2020-02-24,1000,2000,1500.0
Madhya Pradesh,Gwalior,Lashkar(F&V),Onion,Local,2020-02-25,1000,2000,1500.0
Madhya Pradesh,Gwalior,Lashkar(F&V),Onion,Local,2020-02-26,1000,2000,1500.0
Madhya Pradesh,Gwalior,Lashkar(F&V),Onion,Local,2020-02-27,1000,2000,1500.0
Madhya Pradesh,Gwalior,Lashkar(F&V),Onion,Local,2020-02-28,1000,2000,1500.0
Madhya Pradesh,Gwalior,Lashkar(F&V),Onion,Local,2020-02-29,1000,2000,1500.0
Madhya Pradesh,Gwalior,Lashkar(F&V),Onion,Local,2020-03-02,1000,2000,1500.0
Madhya Pradesh,Gwalior,Lashkar(F&V),Onion,Local,2020-03-03,1000,2000,1500.0
Madhya Pradesh,Gwalior,Lashkar(F&V),Onion,Local,2020-03-04,1000,2000,1500.0
Madhya Pradesh,Gwalior,Lashkar(F&V),Onion,Local,2020-03-05,1000,2000,1500.0
Madhya Pradesh,Gwalior,Lashkar(F&V),Onion,Local,2020-03-06,1000,2000,1500.0
Madhya Pradesh,Gwalior,Lashkar(F&V),Onion,Local,2020-03-07,1000,2000,1500.0
Madhya Pradesh,Gwalior,Lashkar(F&V),Onion,Local,2020-03-08,1000,2000,1500.0
Madhya Pradesh,Gwalior,Lashkar(F&V),Onion,Local,2020-03-09,1000,2000,1500.0
Madhya Pradesh,Gwalior,Lashkar(F&V),Onion,Local,2020-03-12,1000,1400,1200.0
Madhya Pradesh,Gwalior,Lashkar(F&V),Onion,Local,2020-03-13,1000,2000,1500.0
Madhya Pradesh,Gwalior,Lashkar(F&V),Onion,Local,2020-03-14,1000,2000,1500.0
Madhya Pradesh,Gwalior,Lashkar(F&V),Onion,Local,2020-03-15,1000,2000,1500.0
Madhya Pradesh,Gwalior,Lashkar(F&V),Onion,Local,2020-03-16,1000,2000,1500.0
Madhya Pradesh,Gwalior,Lashkar(F&V),Onion,Local,2020-03-17,1000,2000,1500.0
Madhya Pradesh,Gwalior,Lashkar(F&V),Onion,Local,2020-03-18,1000,2000,1500.0
Madhya Pradesh,Gwalior,Lashkar(F&V),Onion,Local,2020-03-19,1000,2000,1500.0
Madhya Pradesh,Gwalior,Lashkar(F&V),Onion,Local,2020-03-20,1000,2000,1500.0
Madhya Pradesh,Gwalior,Lashkar(F&V),Onion,Local,2020-03-21,1000,2000,1500.0
Madhya Pradesh,Gwalior,Lashkar(F&V),Onion,Local,2020-03-24,1000,2000,1500.0
Madhya Pradesh,Gwalior,Lashkar(F&V),Onion,Local,2020-03-27,1000,2000,1500.0
Madhya Pradesh,Gwalior,Lashkar(F&V),Onion,Local,2020-03-28,1000,2000,1500.0
Madhya Pradesh,Gwalior,Lashkar(F&V),Onion,Local,2020-03-29,1000,2000,1500.0
Madhya Pradesh,Gwalior,Lashkar(F&V),Onion,Local,2020-03-30,1000,2000,1500.0
Madhya Pradesh,Gwalior,Lashkar(F&V),Onion,Local,2020-03-31,1000,2000,1500.0
Madhya Pradesh,Gwalior,Lashkar(F&V),Onion,Local,2020-04-14,1200,1600,1400.0
Madhya Pradesh,Gwalior,Lashkar(F&V),Onion,Local,2020-04-15,1200,1600,1400.0
Madhya Pradesh,Gwalior,Lashkar(F&V),Onion,Local,2020-04-16,1000,1600,1400.0
Madhya Pradesh,Gwalior,Lashkar(F&V),Onion,Local,2020-04-17,800,1200,1000.0
Madhya Pradesh,Gwalior,Lashkar(F&V),Onion,Local,2020-04-18,800,1200,1000.0
Madhya Pradesh,Gwalior,Lashkar(F&V),Onion,Local,2020-04-20,800,1200,1000.0
Madhya Pradesh,Gwalior,Lashkar(F&V),Onion,Local,2020-04-21,800,1200,1000.0
Madhya Pradesh,Gwalior,Lashkar(F&V),Onion,Local,2020-04-22,800,1200,1000.0
Madhya Pradesh,Gwalior,Lashkar(F&V),Onion,Local,2020-04-23,900,1100,1000.0
Madhya Pradesh,Gwalior,Lashkar(F&V),Onion,Local,2020-04-24,900,1100,1000.0
Madhya Pradesh,Gwalior,Lashkar(F&V),Onion,Local,2020-04-25,900,1100,1000.0
Madhya Pradesh,Gwalior,Lashkar(F&V),Onion,Local,2020-04-26,900,1100,1000.0
Madhya Pradesh,Gwalior,Lashkar(F&V),Onion,Local,2020-04-27,900,1100,1000.0
Madhya Pradesh,Gwalior,Lashkar(F&V),Onion,Local,2020-04-28,800,1000,900.0
Madhya Pradesh,Gwalior,Lashkar(F&V),Onion,Local,2020-04-29,800,1000,900.0
Madhya Pradesh,Gwalior,Lashkar(F&V),Onion,Local,2020-04-30,700,900,800.0
Madhya Pradesh,Gwalior,Lashkar(F&V),Onion,Local,2020-05-02,700,900,800.0
Madhya Pradesh,Gwalior,Lashkar(F&V),Onion,Local,2020-05-03,700,900,800.0
Madhya Pradesh,Gwalior,Lashkar(F&V),Onion,Local,2020-05-04,700,900,800.0
Madhya Pradesh,Gwalior,Lashkar(F&V),Onion,Local,2020-05-05,700,900,800.0
Madhya Pradesh,Gwalior,Lashkar(F&V),Onion,Local,2020-05-06,700,900,800.0
Madhya Pradesh,Gwalior,Lashkar(F&V),Onion,Local,2020-05-07,700,900,800.0
Madhya Pradesh,Gwalior,Lashkar(F&V),Onion,Local,2020-05-08,600,800,700.0
Madhya Pradesh,Gwalior,Lashkar(F&V),Onion,Local,2020-05-09,600,800,700.0
Madhya Pradesh,Gwalior,Lashkar(F&V),Onion,Local,2020-05-10,500,700,600.0
Madhya Pradesh,Gwalior,Lashkar(F&V),Onion,Local,2020-05-11,500,700,600.0
Madhya Pradesh,Gwalior,Lashkar(F&V),Onion,Local,2020-05-12,500,700,600.0
Madhya Pradesh,Gwalior,Lashkar(F&V),Onion,Local,2020-05-13,500,700,600.0
Madhya Pradesh,Gwalior,Lashkar(F&V),Onion,Local,2020-05-14,500,700,600.0
Madhya Pradesh,Gwalior,Lashkar(F&V),Onion,Local,2020-05-15,500,700,600.0
Madhya Pradesh,Gwalior,Lashkar(F&V),Onion,Local,2020-05-17,500,700,600.0
Madhya Pradesh,Gwalior,Lashkar(F&V),Onion,Local,2020-05-18,600,800,700.0
Madhya Pradesh,Gwalior,Lashkar(F&V),Onion,Local,2020-05-19,600,800,700.0
Madhya Pradesh,Gwalior,Lashkar(F&V),Onion,Local,2020-05-20,500,700,600.0
Madhya Pradesh,Gwalior,Lashkar(F&V),Onion,Local,2020-05-21,500,700,600.0
Madhya Pradesh,Gwalior,Lashkar(F&V),Onion,Local,2020-05-22,500,700,600.0
Madhya Pradesh,Gwalior,Lashkar(F&V),Onion,Local,2020-05-23,500,700,600.0
Madhya Pradesh,Gwalior,Lashkar(F&V),Onion,Local,2020-05-24,500,700,600.0
Madhya Pradesh,Gwalior,Lashkar(F&V),Onion,Local,2020-05-25,500,700,600.0
Madhya Pradesh,Gwalior,Lashkar(F&V),Onion,Local,2020-05-26,400,600,500.0
Madhya Pradesh,Gwalior,Lashkar(F&V),Onion,Local,2020-05-27,400,600,500.0
Madhya Pradesh,Gwalior,Lashkar(F&V),Onion,Local,2020-05-28,400,600,500.0
Madhya Pradesh,Gwalior,Lashkar(F&V),Onion,Local,2020-05-29,400,600,500.0
Madhya Pradesh,Gwalior,Lashkar(F&V),Onion,Local,2020-05-30,400,600,500.0
Madhya Pradesh,Gwalior,Lashkar(F&V),Onion,Local,2020-05-31,400,600,500.0
Madhya Pradesh,Gwalior,Lashkar(F&V),Onion,Local,2020-06-02,400,600,500.0
Madhya Pradesh,Gwalior,Lashkar(F&V),Onion,Local,2020-06-03,400,600,500.0
Madhya Pradesh,Gwalior,Lashkar(F&V),Onion,Local,2020-06-04,400,600,500.0
Madhya Pradesh,Gwalior,Lashkar(F&V),Onion,Local,2020-06-05,500,700,600.0
Madhya Pradesh,Gwalior,Lashkar(F&V),Onion,Local,2020-06-06,500,700,600.0
Madhya Pradesh,Gwalior,Lashkar(F&V),Onion,Local,2020-06-07,600,800,700.0
Madhya Pradesh,Gwalior,Lashkar(F&V),Onion,Local,2020-06-08,700,900,800.0
Madhya Pradesh,Gwalior,Lashkar(F&V),Onion,Local,2020-06-09,800,1000,900.0
Madhya Pradesh,Gwalior,Lashkar(F&V),Onion,Local,2020-06-10,800,1200,1000.0
Madhya Pradesh,Gwalior,Lashkar(F&V),Onion,Local,2020-06-11,800,1200,1000.0
Madhya Pradesh,Gwalior,Lashkar(F&V),Onion,Local,2020-06-12,800,1200,1000.0
Madhya Pradesh,Gwalior,Lashkar(F&V),Onion,Local,2020-06-13,800,1200,1000.0
Madhya Pradesh,Gwalior,Lashkar(F&V),Onion,Local,2020-06-14,800,1200,1000.0
Madhya Pradesh,Gwalior,Lashkar(F&V),Onion,Local,2020-06-15,800,1200,1000.0
Madhya Pradesh,Gwalior,Lashkar(F&V),Onion,Local,2020-06-16,800,1200,1000.0
Madhya Pradesh,Gwalior,Lashkar(F&V),Onion,Local,2020-06-17,700,900,800.0
Madhya Pradesh,Gwalior,Lashkar(F&V),Onion,Local,2020-06-18,600,1000,800.0
Madhya Pradesh,Gwalior,Lashkar(F&V),Onion,Local,2020-06-19,600,1000,800.0
Madhya Pradesh,Gwalior,Lashkar(F&V),Onion,Local,2020-06-20,600,1000,800.0
Madhya Pradesh,Gwalior,Lashkar(F&V),Onion,Local,2020-06-22,700,900,800.0
Madhya Pradesh,Gwalior,Lashkar(F&V),Onion,Local,2020-06-23,700,900,800.0
Madhya Pradesh,Gwalior,Lashkar(F&V),Onion,Local,2020-06-24,700,900,800.0
Madhya Pradesh,Gwalior,Lashkar(F&V),Onion,Local,2020-06-26,700,900,800.0
Madhya Pradesh,Gwalior,Lashkar(F&V),Onion,Local,2020-06-27,800,1200,1000.0
Madhya Pradesh,Gwalior,Lashkar(F&V),Onion,Local,2020-06-28,800,1200,1000.0
Madhya Pradesh,Gwalior,Lashkar(F&V),Onion,Local,2020-06-29,800,1200,1000.0
Madhya Pradesh,Gwalior,Lashkar(F&V),Onion,Local,2020-06-30,800,1200,1000.0
Madhya Pradesh,Gwalior,Lashkar(F&V),Onion,Local,2020-07-01,800,1200,1000.0
Madhya Pradesh,Gwalior,Lashkar(F&V),Onion,Local,2020-07-02,800,1200,1000.0
Madhya Pradesh,Gwalior,Lashkar(F&V),Onion,Local,2020-07-03,800,1200,1000.0
Madhya Pradesh,Gwalior,Lashkar(F&V),Onion,Local,2020-07-04,800,1200,1000.0
Madhya Pradesh,Gwalior,Lashkar(F&V),Onion,Local,2020-07-08,800,1200,1000.0
Madhya Pradesh,Gwalior,Lashkar(F&V),Onion,Local,2020-07-09,800,1200,1000.0
Madhya Pradesh,Gwalior,Lashkar(F&V),Onion,Local,2020-07-10,800,1000,900.0
Madhya Pradesh,Gwalior,Lashkar(F&V),Onion,Local,2020-07-11,800,1000,900.0
Madhya Pradesh,Gwalior,Lashkar(F&V),Onion,Local,2020-07-12,800,1000,900.0
Madhya Pradesh,Gwalior,Lashkar(F&V),Onion,Local,2020-07-13,800,1200,1000.0
Madhya Pradesh,Gwalior,Lashkar(F&V),Onion,Local,2020-07-14,800,1000,900.0
Madhya Pradesh,Gwalior,Lashkar(F&V),Onion,Local,2020-07-18,800,1200,1000.0
Madhya Pradesh,Gwalior,Lashkar(F&V),Onion,Local,2020-07-22,800,1200,1000.0
Madhya Pradesh,Gwalior,Lashkar(F&V),Onion,Local,2020-07-23,800,1200,1000.0
Madhya Pradesh,Gwalior,Lashkar(F&V),Onion,Local,2020-07-25,800,1200,1000.0
Madhya Pradesh,Gwalior,Lashkar(F&V),Onion,Local,2020-07-27,800,1200,1000.0
Madhya Pradesh,Gwalior,Lashkar(F&V),Onion,Local,2020-07-28,800,1200,1000.0
Madhya Pradesh,Gwalior,Lashkar(F&V),Onion,Local,2020-07-29,800,1200,1000.0
Madhya Pradesh,Gwalior,Lashkar(F&V),Onion,Local,2020-07-30,800,1200,1000.0
Madhya Pradesh,Gwalior,Lashkar(F&V),Onion,Local,2020-07-31,800,1200,1000.0
Madhya Pradesh,Neemuch,Manasa,Onion,1st Sort,2020-08-17,100,280,190.0
Madhya Pradesh,Neemuch,Manasa,Onion,1st Sort,2020-08-19,430,600,580.0
Madhya Pradesh,Neemuch,Manasa,Onion,1st Sort,2020-08-25,200,625,540.0
Madhya Pradesh,Neemuch,Manasa,Onion,1st Sort,2020-08-26,100,599,324.0
Madhya Pradesh,Mandsaur,Mandsaur APMC,Onion,Onion,2020-01-03,1350,4402,2875.0
Madhya Pradesh,Mandsaur,Mandsaur APMC,Onion,Onion,2020-01-04,2000,5001,3500.0
Madhya Pradesh,Mandsaur,Mandsaur APMC,Onion,Onion,2020-01-06,2000,4500,3250.0
Madhya Pradesh,Mandsaur,Mandsaur APMC,Onion,Onion,2020-01-07,2000,4500,3235.0
Madhya Pradesh,Mandsaur,Mandsaur APMC,Onion,Onion,2020-01-08,2000,4350,3175.0
Madhya Pradesh,Mandsaur,Mandsaur APMC,Onion,Onion,2020-01-09,695,3501,2350.0
Madhya Pradesh,Mandsaur,Mandsaur APMC,Onion,Onion,2020-01-10,500,2700,1600.0
Madhya Pradesh,Mandsaur,Mandsaur APMC,Onion,Onion,2020-01-14,500,3430,1910.0
Madhya Pradesh,Mandsaur,Mandsaur APMC,Onion,Onion,2020-01-16,500,3500,2000.0
Madhya Pradesh,Mandsaur,Mandsaur APMC,Onion,Onion,2020-01-17,600,3150,1900.0
Madhya Pradesh,Mandsaur,Mandsaur APMC,Onion,Onion,2020-01-18,700,3401,2050.0
Madhya Pradesh,Mandsaur,Mandsaur APMC,Onion,Onion,2020-01-20,1001,4351,2675.0
Madhya Pradesh,Mandsaur,Mandsaur APMC,Onion,Onion,2020-01-21,990,3890,2440.0
Madhya Pradesh,Mandsaur,Mandsaur APMC,Onion,Onion,2020-01-22,500,3751,2175.0
Madhya Pradesh,Mandsaur,Mandsaur APMC,Onion,Onion,2020-01-23,530,3680,2125.0
Madhya Pradesh,Mandsaur,Mandsaur APMC,Onion,Onion,2020-01-27,500,2700,1650.0
Madhya Pradesh,Mandsaur,Mandsaur APMC,Onion,Onion,2020-01-28,300,2400,1350.0
Madhya Pradesh,Mandsaur,Mandsaur APMC,Onion,Onion,2020-01-29,450,3500,1950.0
Madhya Pradesh,Mandsaur,Mandsaur APMC,Onion,Onion,2020-01-30,300,2700,1500.0
Madhya Pradesh,Mandsaur,Mandsaur APMC,Onion,Onion,2020-01-31,500,3012,1750.0
Madhya Pradesh,Mandsaur,Mandsaur APMC,Onion,Onion,2020-02-12,300,1840,1060.0
Madhya Pradesh,Mandsaur,Mandsaur APMC,Onion,Onion,2020-02-13,300,2000,1150.0
Madhya Pradesh,Mandsaur,Mandsaur APMC,Onion,Onion,2020-02-14,300,2160,1225.0
Madhya Pradesh,Mandsaur,Mandsaur APMC,Onion,Onion,2020-02-15,352,1920,970.0
Madhya Pradesh,Mandsaur,Mandsaur APMC,Onion,Onion,2020-02-18,300,1881,1090.0
Madhya Pradesh,Mandsaur,Mandsaur APMC,Onion,Onion,2020-02-19,250,2291,1250.0
Madhya Pradesh,Mandsaur,Mandsaur APMC,Onion,Onion,2020-02-20,300,1946,1120.0
Madhya Pradesh,Mandsaur,Mandsaur APMC,Onion,Onion,2020-02-24,400,1752,1075.0
Madhya Pradesh,Mandsaur,Mandsaur APMC,Onion,Onion,2020-02-25,470,1650,1050.0
Madhya Pradesh,Mandsaur,Mandsaur APMC,Onion,Onion,2020-02-26,500,1810,1150.0
Madhya Pradesh,Mandsaur,Mandsaur APMC,Onion,Onion,2020-02-27,500,1800,1150.0
Madhya Pradesh,Mandsaur,Mandsaur APMC,Onion,Onion,2020-02-28,480,1701,1100.0
Madhya Pradesh,Mandsaur,Mandsaur APMC,Onion,Onion,2020-02-29,400,1540,980.0
Madhya Pradesh,Mandsaur,Mandsaur APMC,Onion,Onion,2020-03-03,475,1616,1040.0
Madhya Pradesh,Mandsaur,Mandsaur APMC,Onion,Onion,2020-03-04,300,1500,900.0
Madhya Pradesh,Mandsaur,Mandsaur APMC,Onion,Onion,2020-03-05,300,1523,915.0
Madhya Pradesh,Mandsaur,Mandsaur APMC,Onion,Onion,2020-03-11,202,1396,800.0
Madhya Pradesh,Mandsaur,Mandsaur APMC,Onion,Onion,2020-03-12,240,1461,850.0
Madhya Pradesh,Mandsaur,Mandsaur APMC,Onion,Onion,2020-03-13,272,1390,830.0
Madhya Pradesh,Mandsaur,Mandsaur APMC,Onion,Onion,2020-03-16,300,1450,875.0
Madhya Pradesh,Mandsaur,Mandsaur APMC,Onion,Onion,2020-03-17,350,1553,950.0
Madhya Pradesh,Mandsaur,Mandsaur APMC,Onion,Onion,2020-03-18,419,1387,905.0
Madhya Pradesh,Mandsaur,Mandsaur APMC,Onion,Onion,2020-03-19,400,1335,870.0
Madhya Pradesh,Mandsaur,Mandsaur APMC,Onion,Onion,2020-03-20,460,1355,905.0
Madhya Pradesh,Mandsaur,Mandsaur APMC,Onion,Onion,2020-03-21,500,1600,1050.0
Madhya Pradesh,Mandsaur,Mandsaur APMC,Onion,Onion,2020-05-13,375,500,400.0
Madhya Pradesh,Mandsaur,Mandsaur APMC,Onion,Onion,2020-05-15,200,547,375.0
Madhya Pradesh,Mandsaur,Mandsaur APMC,Onion,Onion,2020-05-29,201,532,370.0
Madhya Pradesh,Mandsaur,Mandsaur APMC,Onion,Onion,2020-06-03,145,712,435.0
Madhya Pradesh,Mandsaur,Mandsaur APMC,Onion,Onion,2020-06-04,200,753,476.0
Madhya Pradesh,Mandsaur,Mandsaur APMC,Onion,Onion,2020-06-05,200,819,510.0
Madhya Pradesh,Mandsaur,Mandsaur APMC,Onion,Onion,2020-06-06,221,770,500.0
Madhya Pradesh,Mandsaur,Mandsaur APMC,Onion,Onion,2020-06-08,250,861,560.0
Madhya Pradesh,Mandsaur,Mandsaur APMC,Onion,Onion,2020-06-10,300,924,615.0
Madhya Pradesh,Mandsaur,Mandsaur APMC,Onion,Onion,2020-06-11,352,885,620.0
Madhya Pradesh,Mandsaur,Mandsaur APMC,Onion,Onion,2020-06-12,360,891,630.0
Madhya Pradesh,Mandsaur,Mandsaur APMC,Onion,Onion,2020-06-15,250,800,530.0
Madhya Pradesh,Mandsaur,Mandsaur APMC,Onion,Onion,2020-06-16,300,845,575.0
Madhya Pradesh,Mandsaur,Mandsaur APMC,Onion,Onion,2020-06-17,250,790,520.0
Madhya Pradesh,Mandsaur,Mandsaur APMC,Onion,Onion,2020-06-18,230,850,550.0
Madhya Pradesh,Mandsaur,Mandsaur APMC,Onion,Onion,2020-06-19,236,781,515.0
Madhya Pradesh,Mandsaur,Mandsaur APMC,Onion,Onion,2020-06-20,250,800,530.0
Madhya Pradesh,Mandsaur,Mandsaur APMC,Onion,Onion,2020-06-22,200,710,470.0
Madhya Pradesh,Mandsaur,Mandsaur APMC,Onion,Onion,2020-06-23,200,755,485.0
Madhya Pradesh,Mandsaur,Mandsaur APMC,Onion,Onion,2020-06-24,200,697,450.0
Madhya Pradesh,Mandsaur,Mandsaur APMC,Onion,Onion,2020-06-25,180,740,470.0
Madhya Pradesh,Mandsaur,Mandsaur APMC,Onion,Onion,2020-06-26,220,885,555.0
Madhya Pradesh,Mandsaur,Mandsaur APMC,Onion,Onion,2020-06-29,300,851,575.0
Madhya Pradesh,Mandsaur,Mandsaur APMC,Onion,Onion,2020-06-30,400,850,625.0
Madhya Pradesh,Mandsaur,Mandsaur APMC,Onion,Onion,2020-07-06,250,770,515.0
Madhya Pradesh,Mandsaur,Mandsaur APMC,Onion,Onion,2020-07-07,200,761,495.0
Madhya Pradesh,Mandsaur,Mandsaur APMC,Onion,Onion,2020-07-13,200,717,460.0
Madhya Pradesh,Mandsaur,Mandsaur APMC,Onion,Onion,2020-07-14,201,826,515.0
Madhya Pradesh,Mandsaur,Mandsaur APMC,Onion,Onion,2020-07-15,210,810,515.0
Madhya Pradesh,Mandsaur,Mandsaur APMC,Onion,Onion,2020-07-17,200,811,505.0
Madhya Pradesh,Mandsaur,Mandsaur APMC,Onion,Onion,2020-07-21,210,715,465.0
Madhya Pradesh,Mandsaur,Mandsaur APMC,Onion,Onion,2020-07-24,201,726,460.0
Madhya Pradesh,Mandsaur,Mandsaur APMC,Onion,Onion,2020-07-29,200,803,505.0
Madhya Pradesh,Mandsaur,Mandsaur APMC,Onion,Onion,2020-07-30,250,750,500.0
Madhya Pradesh,Mandsaur,Mandsaur APMC,Onion,Onion,2020-07-31,200,700,450.0
Madhya Pradesh,Mandsaur,Mandsaur APMC,Onion,Onion,2020-08-07,150,691,415.0
Madhya Pradesh,Mandsaur,Mandsaur APMC,Onion,Onion,2020-08-10,150,625,390.0
Madhya Pradesh,Mandsaur,Mandsaur APMC,Onion,Onion,2020-08-11,150,830,450.0
Madhya Pradesh,Mandsaur,Mandsaur APMC,Onion,Onion,2020-08-13,230,820,500.0
Madhya Pradesh,Mandsaur,Mandsaur APMC,Onion,Onion,2020-08-14,215,840,520.0
Madhya Pradesh,Mandsaur,Mandsaur APMC,Onion,Onion,2020-08-17,201,810,500.0
Madhya Pradesh,Mandsaur,Mandsaur APMC,Onion,Onion,2020-08-18,210,826,510.0
Madhya Pradesh,Mandsaur,Mandsaur APMC,Onion,Onion,2020-08-20,290,1105,700.0
Madhya Pradesh,Mandsaur,Mandsaur APMC,Onion,Onion,2020-08-21,401,1125,755.0
Madhya Pradesh,Mandsaur,Mandsaur APMC,Onion,Onion,2020-08-24,300,910,610.0
Madhya Pradesh,Mandsaur,Mandsaur APMC,Onion,Onion,2020-08-25,300,950,625.0
Madhya Pradesh,Mandsaur,Mandsaur APMC,Onion,Onion,2020-08-26,350,1050,700.0
Madhya Pradesh,Mandsaur,Mandsaur APMC,Onion,Onion,2020-08-27,350,1170,760.0
Madhya Pradesh,Mandsaur,Mandsaur APMC,Onion,Onion,2020-08-28,300,1290,800.0
Madhya Pradesh,Mandsaur,Mandsaur APMC,Onion,Onion,2020-09-08,400,1901,1150.0
Madhya Pradesh,Mandsaur,Mandsaur APMC,Onion,Onion,2020-09-09,600,2190,1380.0
Madhya Pradesh,Mandsaur,Mandsaur APMC,Onion,Onion,2020-09-10,700,2298,1500.0
Madhya Pradesh,Mandsaur,Mandsaur APMC,Onion,Onion,2020-09-11,650,2115,1380.0
Madhya Pradesh,Mandsaur,Mandsaur APMC,Onion,Onion,2020-09-14,790,2810,1500.0
Madhya Pradesh,Mandsaur,Mandsaur APMC,Onion,Onion,2020-09-15,460,2122,1290.0
Madhya Pradesh,Mandsaur,Mandsaur APMC,Onion,Onion,2020-09-16,400,2200,1300.0
Madhya Pradesh,Morena,Morena(F&V),Onion,Onion,2020-02-17,2215,2215,2215.0
Madhya Pradesh,Morena,Morena(F&V),Onion,Onion,2020-04-13,1200,1200,1200.0
Madhya Pradesh,Morena,Morena(F&V),Onion,Onion,2020-04-14,1000,1000,1000.0
Madhya Pradesh,Morena,Morena(F&V),Onion,Onion,2020-04-16,1000,1000,1000.0
Madhya Pradesh,Morena,Morena(F&V),Onion,Onion,2020-04-17,1000,1000,1000.0
Madhya Pradesh,Morena,Morena(F&V),Onion,Onion,2020-04-19,1000,1000,1000.0
Madhya Pradesh,Morena,Morena(F&V),Onion,Onion,2020-04-20,600,600,600.0
Madhya Pradesh,Morena,Morena(F&V),Onion,Onion,2020-04-22,700,700,700.0
Madhya Pradesh,Morena,Morena(F&V),Onion,Onion,2020-04-25,800,800,800.0
Madhya Pradesh,Morena,Morena(F&V),Onion,Onion,2020-04-26,900,900,900.0
Madhya Pradesh,Morena,Morena(F&V),Onion,Onion,2020-04-27,666,666,666.0
Madhya Pradesh,Morena,Morena(F&V),Onion,Onion,2020-04-29,560,560,560.0
Madhya Pradesh,Morena,Morena(F&V),Onion,Onion,2020-04-30,800,800,800.0
Madhya Pradesh,Morena,Morena(F&V),Onion,Onion,2020-05-15,727,727,727.0
Madhya Pradesh,Morena,Morena(F&V),Onion,Onion,2020-05-16,727,727,727.0
Madhya Pradesh,Morena,Morena(F&V),Onion,Onion,2020-05-17,500,500,500.0
Madhya Pradesh,Morena,Morena(F&V),Onion,Onion,2020-05-18,666,666,666.0
Madhya Pradesh,Morena,Morena(F&V),Onion,Onion,2020-05-20,666,666,666.0
Madhya Pradesh,Morena,Morena(F&V),Onion,Onion,2020-05-26,400,550,550.0
Madhya Pradesh,Morena,Morena(F&V),Onion,Onion,2020-05-27,400,400,400.0
Madhya Pradesh,Morena,Morena(F&V),Onion,Onion,2020-05-28,600,600,600.0
Madhya Pradesh,Morena,Morena(F&V),Onion,Onion,2020-06-04,600,600,600.0
Madhya Pradesh,Morena,Morena(F&V),Onion,Onion,2020-06-12,1000,1000,1000.0
Madhya Pradesh,Morena,Morena(F&V),Onion,Onion,2020-06-17,1000,1000,1000.0
Madhya Pradesh,Morena,Morena(F&V),Onion,Onion,2020-06-18,800,1000,1000.0
Madhya Pradesh,Morena,Morena(F&V),Onion,Onion,2020-06-27,800,1000,1000.0
Madhya Pradesh,Morena,Morena(F&V),Onion,Onion,2020-07-28,800,800,800.0
Madhya Pradesh,Morena,Morena(F&V),Onion,Onion,2020-08-26,1000,1000,1000.0
Madhya Pradesh,Morena,Morena(F&V),Onion,Onion,2020-09-13,1250,1250,1250.0
Madhya Pradesh,Rajgarh,Narsinghgarh,Onion,Other,2020-01-04,3500,5000,4500.0
Madhya Pradesh,Rajgarh,Narsinghgarh,Onion,Other,2020-01-16,2500,3500,3000.0
Madhya Pradesh,Rajgarh,Narsinghgarh,Onion,Other,2020-01-30,1830,2600,1835.0
Madhya Pradesh,Rajgarh,Narsinghgarh,Onion,Other,2020-02-05,2200,3000,2500.0
Madhya Pradesh,Rajgarh,Narsinghgarh,Onion,Other,2020-02-07,1800,2500,2100.0
Madhya Pradesh,Rajgarh,Narsinghgarh,Onion,Other,2020-02-11,1350,1500,1350.0
Madhya Pradesh,Rajgarh,Narsinghgarh,Onion,Other,2020-02-15,2000,2400,2200.0
Madhya Pradesh,Rajgarh,Narsinghgarh,Onion,Other,2020-02-17,1800,2400,2100.0
Madhya Pradesh,Rajgarh,Narsinghgarh,Onion,Other,2020-02-18,500,500,500.0
Madhya Pradesh,Rajgarh,Narsinghgarh,Onion,Other,2020-02-22,1700,1800,1700.0
Madhya Pradesh,Rajgarh,Narsinghgarh,Onion,Other,2020-02-26,1000,1850,1150.0
Madhya Pradesh,Rajgarh,Narsinghgarh,Onion,Other,2020-02-29,450,450,450.0
Madhya Pradesh,Rajgarh,Narsinghgarh,Onion,Other,2020-03-04,200,600,600.0
Madhya Pradesh,Rajgarh,Narsinghgarh,Onion,Other,2020-03-07,400,800,800.0
Madhya Pradesh,Rajgarh,Narsinghgarh,Onion,Other,2020-03-09,200,700,500.0
Madhya Pradesh,Rajgarh,Narsinghgarh,Onion,Other,2020-03-13,400,1700,1300.0
Madhya Pradesh,Rajgarh,Narsinghgarh,Onion,Other,2020-03-16,800,1700,1400.0
Madhya Pradesh,Rajgarh,Narsinghgarh,Onion,Other,2020-03-17,500,1150,1100.0
Madhya Pradesh,Rajgarh,Narsinghgarh,Onion,Other,2020-03-18,800,1600,1200.0
Madhya Pradesh,Rajgarh,Narsinghgarh,Onion,Other,2020-03-20,800,1400,1200.0
Madhya Pradesh,Rajgarh,Narsinghgarh,Onion,Other,2020-03-21,650,700,700.0
Madhya Pradesh,Rajgarh,Narsinghgarh,Onion,Other,2020-03-23,800,2500,1500.0
Madhya Pradesh,Rajgarh,Narsinghgarh,Onion,Other,2020-03-25,200,300,250.0
Madhya Pradesh,Rajgarh,Narsinghgarh,Onion,Other,2020-03-28,800,900,850.0
Madhya Pradesh,Rajgarh,Narsinghgarh,Onion,Other,2020-04-09,400,500,450.0
Madhya Pradesh,Rajgarh,Narsinghgarh,Onion,Other,2020-04-20,300,400,350.0
Madhya Pradesh,Rajgarh,Narsinghgarh,Onion,Other,2020-04-22,500,500,500.0
Madhya Pradesh,Rajgarh,Narsinghgarh,Onion,Other,2020-04-23,300,650,500.0
Madhya Pradesh,Rajgarh,Narsinghgarh,Onion,Other,2020-04-24,400,400,400.0
Madhya Pradesh,Rajgarh,Narsinghgarh,Onion,Other,2020-04-25,500,650,625.0
Madhya Pradesh,Rajgarh,Narsinghgarh,Onion,Other,2020-04-27,325,600,450.0
Madhya Pradesh,Rajgarh,Narsinghgarh,Onion,Other,2020-04-29,400,650,500.0
Madhya Pradesh,Rajgarh,Narsinghgarh,Onion,Other,2020-04-30,400,750,500.0
Madhya Pradesh,Rajgarh,Narsinghgarh,Onion,Other,2020-05-05,200,600,450.0
Madhya Pradesh,Rajgarh,Narsinghgarh,Onion,Other,2020-05-07,200,600,450.0
Madhya Pradesh,Rajgarh,Narsinghgarh,Onion,Other,2020-05-08,200,600,500.0
Madhya Pradesh,Rajgarh,Narsinghgarh,Onion,Other,2020-05-09,200,650,400.0
Madhya Pradesh,Rajgarh,Narsinghgarh,Onion,Other,2020-05-11,200,650,400.0
Madhya Pradesh,Rajgarh,Narsinghgarh,Onion,Other,2020-05-12,200,600,450.0
Madhya Pradesh,Rajgarh,Narsinghgarh,Onion,Other,2020-05-13,200,570,450.0
Madhya Pradesh,Rajgarh,Narsinghgarh,Onion,Other,2020-05-14,200,600,390.0
Madhya Pradesh,Rajgarh,Narsinghgarh,Onion,Other,2020-05-15,200,590,400.0
Madhya Pradesh,Rajgarh,Narsinghgarh,Onion,Other,2020-05-16,200,540,350.0
Madhya Pradesh,Rajgarh,Narsinghgarh,Onion,Other,2020-05-18,200,525,400.0
Madhya Pradesh,Rajgarh,Narsinghgarh,Onion,Other,2020-05-19,200,600,400.0
Madhya Pradesh,Rajgarh,Narsinghgarh,Onion,Other,2020-05-20,200,600,450.0
Madhya Pradesh,Rajgarh,Narsinghgarh,Onion,Other,2020-05-21,200,500,400.0
Madhya Pradesh,Rajgarh,Narsinghgarh,Onion,Other,2020-05-22,200,450,350.0
Madhya Pradesh,Rajgarh,Narsinghgarh,Onion,Other,2020-05-27,200,500,400.0
Madhya Pradesh,Rajgarh,Narsinghgarh,Onion,Other,2020-05-28,200,550,400.0
Madhya Pradesh,Rajgarh,Narsinghgarh,Onion,Other,2020-05-29,200,550,350.0
Madhya Pradesh,Rajgarh,Narsinghgarh,Onion,Other,2020-05-30,200,550,350.0
Madhya Pradesh,Rajgarh,Narsinghgarh,Onion,Other,2020-06-05,300,675,500.0
Madhya Pradesh,Rajgarh,Narsinghgarh,Onion,Other,2020-06-06,200,650,450.0
Madhya Pradesh,Rajgarh,Narsinghgarh,Onion,Other,2020-06-08,200,650,450.0
Madhya Pradesh,Rajgarh,Narsinghgarh,Onion,Other,2020-06-09,200,650,450.0
Madhya Pradesh,Rajgarh,Narsinghgarh,Onion,Other,2020-06-10,200,850,500.0
Madhya Pradesh,Rajgarh,Narsinghgarh,Onion,Other,2020-06-11,300,850,550.0
Madhya Pradesh,Rajgarh,Narsinghgarh,Onion,Other,2020-06-12,300,835,680.0
Madhya Pradesh,Rajgarh,Narsinghgarh,Onion,Other,2020-06-13,300,805,690.0
Madhya Pradesh,Rajgarh,Narsinghgarh,Onion,Other,2020-06-16,200,810,600.0
Madhya Pradesh,Rajgarh,Narsinghgarh,Onion,Other,2020-06-17,210,805,640.0
Madhya Pradesh,Rajgarh,Narsinghgarh,Onion,Other,2020-06-18,300,800,500.0
Madhya Pradesh,Rajgarh,Narsinghgarh,Onion,Other,2020-06-19,200,830,490.0
Madhya Pradesh,Rajgarh,Narsinghgarh,Onion,Other,2020-06-23,300,850,500.0
Madhya Pradesh,Rajgarh,Narsinghgarh,Onion,Other,2020-06-24,200,820,680.0
Madhya Pradesh,Rajgarh,Narsinghgarh,Onion,Other,2020-06-25,300,820,700.0
Madhya Pradesh,Rajgarh,Narsinghgarh,Onion,Other,2020-06-26,200,820,700.0
Madhya Pradesh,Rajgarh,Narsinghgarh,Onion,Other,2020-06-27,200,850,570.0
Madhya Pradesh,Rajgarh,Narsinghgarh,Onion,Other,2020-06-30,250,840,580.0
Madhya Pradesh,Rajgarh,Narsinghgarh,Onion,Other,2020-07-09,200,600,400.0
Madhya Pradesh,Rajgarh,Narsinghgarh,Onion,Other,2020-07-17,150,900,490.0
Madhya Pradesh,Rajgarh,Narsinghgarh,Onion,Other,2020-07-23,300,900,700.0
Madhya Pradesh,Rajgarh,Narsinghgarh,Onion,Other,2020-07-24,150,850,390.0
Madhya Pradesh,Rajgarh,Narsinghgarh,Onion,Other,2020-07-25,200,900,600.0
Madhya Pradesh,Rajgarh,Narsinghgarh,Onion,Other,2020-07-31,200,900,500.0
Madhya Pradesh,Rajgarh,Narsinghgarh,Onion,Other,2020-08-07,210,790,550.0
Madhya Pradesh,Rajgarh,Narsinghgarh,Onion,Other,2020-08-08,200,810,600.0
Madhya Pradesh,Rajgarh,Narsinghgarh,Onion,Other,2020-08-21,250,1650,1250.0
Madhya Pradesh,Rajgarh,Narsinghgarh,Onion,Other,2020-08-22,250,1200,880.0
Madhya Pradesh,Rajgarh,Narsinghgarh,Onion,Other,2020-08-25,400,1200,850.0
Madhya Pradesh,Rajgarh,Narsinghgarh,Onion,Other,2020-08-27,240,1340,850.0
Madhya Pradesh,Rajgarh,Narsinghgarh,Onion,Other,2020-08-29,200,1600,1200.0
Madhya Pradesh,Rajgarh,Narsinghgarh,Onion,Other,2020-09-08,800,2100,1100.0
Madhya Pradesh,Rajgarh,Narsinghgarh,Onion,Other,2020-09-11,1500,2250,1700.0
Madhya Pradesh,Rajgarh,Narsinghgarh,Onion,Other,2020-09-15,1000,2200,1600.0
Madhya Pradesh,Rajgarh,Narsinghgarh,Onion,Other,2020-09-16,1000,2200,1600.0
Madhya Pradesh,Neemuch,Neemuch,Onion,Red,2020-09-16,560,2400,1400.0
Madhya Pradesh,Khandwa,Pandhana(F&V),Onion,Other,2020-02-09,800,1000,900.0
Madhya Pradesh,Jhabua,Petlawad,Onion,Onion,2020-01-02,5000,5000,5000.0
Madhya Pradesh,Jhabua,Petlawad,Onion,Onion,2020-01-04,5000,5000,5000.0
Madhya Pradesh,Jhabua,Petlawad,Onion,Onion,2020-01-10,3000,5000,3300.0
Madhya Pradesh,Jhabua,Petlawad,Onion,Onion,2020-01-13,3500,3500,3500.0
Madhya Pradesh,Jhabua,Petlawad,Onion,Onion,2020-01-14,3500,3500,3500.0
Madhya Pradesh,Jhabua,Petlawad,Onion,Onion,2020-01-17,2500,2500,2500.0
Madhya Pradesh,Jhabua,Petlawad,Onion,Onion,2020-01-18,3000,3000,3000.0
Madhya Pradesh,Jhabua,Petlawad,Onion,Onion,2020-01-22,3000,3000,3000.0
Madhya Pradesh,Jhabua,Petlawad,Onion,Onion,2020-01-25,3000,3000,3000.0
Madhya Pradesh,Jhabua,Petlawad,Onion,Onion,2020-01-28,3000,3000,3000.0
Madhya Pradesh,Jhabua,Petlawad,Onion,Onion,2020-01-30,3500,3500,3500.0
Madhya Pradesh,Jhabua,Petlawad,Onion,Onion,2020-02-08,2200,2200,2200.0
Madhya Pradesh,Jhabua,Petlawad,Onion,Onion,2020-02-12,2000,2000,2000.0
Madhya Pradesh,Jhabua,Petlawad,Onion,Onion,2020-02-13,2100,2100,2100.0
Madhya Pradesh,Jhabua,Petlawad,Onion,Onion,2020-02-17,2000,2000,2000.0
Madhya Pradesh,Jhabua,Petlawad,Onion,Onion,2020-02-19,2000,2000,2000.0
Madhya Pradesh,Jhabua,Petlawad,Onion,Onion,2020-02-20,1500,1500,1500.0
Madhya Pradesh,Jhabua,Petlawad,Onion,Onion,2020-02-22,2000,2000,2000.0
Madhya Pradesh,Jhabua,Petlawad,Onion,Onion,2020-02-25,1800,1800,1800.0
Madhya Pradesh,Jhabua,Petlawad,Onion,Onion,2020-02-26,1800,1800,1800.0
Madhya Pradesh,Jhabua,Petlawad,Onion,Onion,2020-02-27,2000,2200,2100.0
Madhya Pradesh,Jhabua,Petlawad,Onion,Onion,2020-02-28,2400,2500,2400.0
Madhya Pradesh,Jhabua,Petlawad,Onion,Onion,2020-02-29,2000,2400,2300.0
Madhya Pradesh,Jhabua,Petlawad,Onion,Onion,2020-03-03,1500,1500,1500.0
Madhya Pradesh,Jhabua,Petlawad,Onion,Onion,2020-03-04,1500,1500,1500.0
Madhya Pradesh,Jhabua,Petlawad,Onion,Onion,2020-03-05,900,1500,1300.0
Madhya Pradesh,Jhabua,Petlawad,Onion,Onion,2020-03-06,600,1700,1100.0
Madhya Pradesh,Jhabua,Petlawad,Onion,Onion,2020-03-07,1000,1200,1100.0
Madhya Pradesh,Jhabua,Petlawad,Onion,Onion,2020-03-12,1000,1500,1400.0
Madhya Pradesh,Jhabua,Petlawad,Onion,Onion,2020-03-13,800,800,800.0
Madhya Pradesh,Jhabua,Petlawad,Onion,Onion,2020-03-14,1200,1200,1200.0
Madhya Pradesh,Jhabua,Petlawad,Onion,Onion,2020-03-15,900,1200,1100.0
Madhya Pradesh,Jhabua,Petlawad,Onion,Onion,2020-03-17,900,1500,1000.0
Madhya Pradesh,Jhabua,Petlawad,Onion,Onion,2020-03-18,800,1000,900.0
Madhya Pradesh,Jhabua,Petlawad,Onion,Onion,2020-03-19,1000,1500,1300.0
Madhya Pradesh,Jhabua,Petlawad,Onion,Onion,2020-05-16,800,800,800.0
Madhya Pradesh,Jhabua,Petlawad,Onion,Onion,2020-05-30,600,600,600.0
Madhya Pradesh,Jhabua,Petlawad,Onion,Onion,2020-05-31,600,700,601.0
Madhya Pradesh,Jhabua,Petlawad,Onion,Onion,2020-06-02,600,1000,700.1
Madhya Pradesh,Jhabua,Petlawad,Onion,Onion,2020-06-04,400,600,500.5
Madhya Pradesh,Jhabua,Petlawad,Onion,Onion,2020-06-05,500,600,500.8
Madhya Pradesh,Jhabua,Petlawad,Onion,Onion,2020-06-06,600,600,600.0
Madhya Pradesh,Jhabua,Petlawad,Onion,Onion,2020-06-07,600,600,600.0
Madhya Pradesh,Jhabua,Petlawad,Onion,Onion,2020-06-09,400,700,500.7
Madhya Pradesh,Jhabua,Petlawad,Onion,Onion,2020-06-10,400,700,600.0
Madhya Pradesh,Jhabua,Petlawad,Onion,Onion,2020-06-12,800,800,800.0
Madhya Pradesh,Jhabua,Petlawad,Onion,Onion,2020-06-14,300,500,300.9
Madhya Pradesh,Jhabua,Petlawad,Onion,Onion,2020-06-15,500,600,500.6
Madhya Pradesh,Jhabua,Petlawad,Onion,Onion,2020-06-19,600,700,600.0
Madhya Pradesh,Jhabua,Petlawad,Onion,Onion,2020-06-20,500,600,501.0
Madhya Pradesh,Jhabua,Petlawad,Onion,Onion,2020-06-21,600,800,700.0
Madhya Pradesh,Jhabua,Petlawad,Onion,Onion,2020-06-22,600,700,600.0
Madhya Pradesh,Jhabua,Petlawad,Onion,Onion,2020-06-23,800,800,800.0
Madhya Pradesh,Jhabua,Petlawad,Onion,Onion,2020-06-24,800,1000,800.0
Madhya Pradesh,Jhabua,Petlawad,Onion,Onion,2020-06-25,800,800,800.0
Madhya Pradesh,Jhabua,Petlawad,Onion,Onion,2020-06-26,500,800,701.0
Madhya Pradesh,Jhabua,Petlawad,Onion,Onion,2020-06-27,600,800,800.0
Madhya Pradesh,Jhabua,Petlawad,Onion,Onion,2020-06-28,500,800,800.0
Madhya Pradesh,Jhabua,Petlawad,Onion,Onion,2020-06-29,500,700,700.0
Madhya Pradesh,Jhabua,Petlawad,Onion,Onion,2020-06-30,500,800,700.0
Madhya Pradesh,Jhabua,Petlawad,Onion,Onion,2020-07-05,500,800,700.0
Madhya Pradesh,Jhabua,Petlawad,Onion,Onion,2020-07-06,600,800,800.0
Madhya Pradesh,Jhabua,Petlawad,Onion,Onion,2020-07-07,800,800,800.0
Madhya Pradesh,Jhabua,Petlawad,Onion,Onion,2020-07-08,500,800,800.0
Madhya Pradesh,Jhabua,Petlawad,Onion,Onion,2020-07-09,400,700,700.0
Madhya Pradesh,Jhabua,Petlawad,Onion,Onion,2020-07-10,500,700,700.0
Madhya Pradesh,Jhabua,Petlawad,Onion,Onion,2020-07-11,800,800,800.0
Madhya Pradesh,Jhabua,Petlawad,Onion,Onion,2020-07-13,500,700,700.0
Madhya Pradesh,Jhabua,Petlawad,Onion,Onion,2020-07-14,500,800,800.0
Madhya Pradesh,Jhabua,Petlawad,Onion,Onion,2020-07-15,800,800,800.0
Madhya Pradesh,Jhabua,Petlawad,Onion,Onion,2020-07-17,500,800,601.0
Madhya Pradesh,Jhabua,Petlawad,Onion,Onion,2020-07-20,500,800,701.0
Madhya Pradesh,Jhabua,Petlawad,Onion,Onion,2020-07-21,800,800,800.0
Madhya Pradesh,Jhabua,Petlawad,Onion,Onion,2020-07-22,500,800,701.0
Madhya Pradesh,Jhabua,Petlawad,Onion,Onion,2020-07-23,800,800,800.0
Madhya Pradesh,Jhabua,Petlawad,Onion,Onion,2020-07-24,500,500,500.0
Madhya Pradesh,Jhabua,Petlawad,Onion,Onion,2020-07-25,400,800,601.0
Madhya Pradesh,Jhabua,Petlawad,Onion,Onion,2020-07-27,300,700,500.0
Madhya Pradesh,Jhabua,Petlawad,Onion,Onion,2020-07-28,500,1200,900.0
Madhya Pradesh,Jhabua,Petlawad,Onion,Onion,2020-07-29,900,900,900.0
Madhya Pradesh,Jhabua,Petlawad,Onion,Onion,2020-07-30,700,1000,800.0
Madhya Pradesh,Jhabua,Petlawad,Onion,Onion,2020-07-31,600,800,800.0
Madhya Pradesh,Jhabua,Petlawad,Onion,Onion,2020-08-07,800,800,800.0
Madhya Pradesh,Jhabua,Petlawad,Onion,Onion,2020-08-08,600,800,800.0
Madhya Pradesh,Jhabua,Petlawad,Onion,Onion,2020-08-10,500,800,600.0
Madhya Pradesh,Jhabua,Petlawad,Onion,Onion,2020-08-11,400,800,600.0
Madhya Pradesh,Jhabua,Petlawad,Onion,Onion,2020-08-12,600,700,600.0
Madhya Pradesh,Jhabua,Petlawad,Onion,Onion,2020-08-13,500,700,600.0
Madhya Pradesh,Jhabua,Petlawad,Onion,Onion,2020-08-14,500,500,500.0
Madhya Pradesh,Jhabua,Petlawad,Onion,Onion,2020-08-15,500,600,600.0
Madhya Pradesh,Jhabua,Petlawad,Onion,Onion,2020-08-17,500,800,600.0
Madhya Pradesh,Jhabua,Petlawad,Onion,Onion,2020-08-18,500,500,500.0
Madhya Pradesh,Jhabua,Petlawad,Onion,Onion,2020-08-19,600,600,600.0
Madhya Pradesh,Jhabua,Petlawad,Onion,Onion,2020-08-21,600,600,600.0
Madhya Pradesh,Jhabua,Petlawad,Onion,Onion,2020-08-22,800,800,800.0
Madhya Pradesh,Jhabua,Petlawad,Onion,Onion,2020-08-24,700,1000,900.0
Madhya Pradesh,Jhabua,Petlawad,Onion,Onion,2020-08-26,700,1000,800.0
Madhya Pradesh,Jhabua,Petlawad,Onion,Onion,2020-08-27,800,1200,1100.0
Madhya Pradesh,Jhabua,Petlawad,Onion,Onion,2020-08-28,900,1200,900.0
Madhya Pradesh,Jhabua,Petlawad,Onion,Onion,2020-08-29,800,900,800.0
Madhya Pradesh,Jhabua,Petlawad,Onion,Onion,2020-08-31,1000,1000,1000.0
Madhya Pradesh,Jhabua,Petlawad,Onion,Onion,2020-09-09,800,1300,1100.0
Madhya Pradesh,Jhabua,Petlawad,Onion,Onion,2020-09-10,800,1200,1000.0
Madhya Pradesh,Jhabua,Petlawad,Onion,Onion,2020-09-11,1000,1500,1200.0
Madhya Pradesh,Jhabua,Petlawad,Onion,Onion,2020-09-12,1300,2000,1800.0
Madhya Pradesh,Jhabua,Petlawad,Onion,Onion,2020-09-14,800,1300,900.0
Madhya Pradesh,Hoshangabad,Pipariya,Onion,Onion,2020-01-02,1800,4500,2800.0
Madhya Pradesh,Hoshangabad,Pipariya,Onion,Onion,2020-01-03,1700,4400,2800.0
Madhya Pradesh,Hoshangabad,Pipariya,Onion,Onion,2020-01-04,1600,4500,2500.0
Madhya Pradesh,Hoshangabad,Pipariya,Onion,Onion,2020-01-05,1700,4500,2600.0
Madhya Pradesh,Hoshangabad,Pipariya,Onion,Onion,2020-01-06,1600,4400,3000.0
Madhya Pradesh,Hoshangabad,Pipariya,Onion,Onion,2020-01-07,1800,4500,2800.0
Madhya Pradesh,Hoshangabad,Pipariya,Onion,Onion,2020-01-08,1700,4300,2500.0
Madhya Pradesh,Hoshangabad,Pipariya,Onion,Onion,2020-01-09,1600,4500,2400.0
Madhya Pradesh,Hoshangabad,Pipariya,Onion,Onion,2020-01-13,1500,3500,2100.0
Madhya Pradesh,Hoshangabad,Pipariya,Onion,Onion,2020-01-14,1600,3800,2000.0
Madhya Pradesh,Hoshangabad,Pipariya,Onion,Onion,2020-01-15,1650,3600,2100.0
Madhya Pradesh,Hoshangabad,Pipariya,Onion,Onion,2020-01-16,1200,4000,2200.0
Madhya Pradesh,Hoshangabad,Pipariya,Onion,Onion,2020-01-18,1200,4000,2300.0
Madhya Pradesh,Hoshangabad,Pipariya,Onion,Onion,2020-01-19,1200,4500,2200.0
Madhya Pradesh,Hoshangabad,Pipariya,Onion,Onion,2020-01-21,1200,4000,2200.0
Madhya Pradesh,Hoshangabad,Pipariya,Onion,Onion,2020-01-24,1300,4000,2200.0
Madhya Pradesh,Hoshangabad,Pipariya,Onion,Onion,2020-01-25,1200,3500,2000.0
Madhya Pradesh,Hoshangabad,Pipariya,Onion,Onion,2020-01-26,1000,3500,1900.0
Madhya Pradesh,Hoshangabad,Pipariya,Onion,Onion,2020-01-27,1200,3500,2000.0
Madhya Pradesh,Hoshangabad,Pipariya,Onion,Onion,2020-01-28,1100,3800,2100.0
Madhya Pradesh,Hoshangabad,Pipariya,Onion,Onion,2020-01-29,1100,3700,1800.0
Madhya Pradesh,Hoshangabad,Pipariya,Onion,Onion,2020-01-30,1000,3500,1700.0
Madhya Pradesh,Hoshangabad,Pipariya,Onion,Onion,2020-01-31,900,3600,1700.0
Madhya Pradesh,Hoshangabad,Pipariya,Onion,Onion,2020-02-04,1000,3500,2000.0
Madhya Pradesh,Hoshangabad,Pipariya,Onion,Onion,2020-02-05,1200,3200,2000.0
Madhya Pradesh,Hoshangabad,Pipariya,Onion,Onion,2020-02-07,1200,2800,1700.0
Madhya Pradesh,Hoshangabad,Pipariya,Onion,Onion,2020-02-08,900,2800,1750.0
Madhya Pradesh,Hoshangabad,Pipariya,Onion,Onion,2020-02-09,1000,2700,1800.0
Madhya Pradesh,Hoshangabad,Pipariya,Onion,Onion,2020-02-10,1000,3000,1900.0
Madhya Pradesh,Hoshangabad,Pipariya,Onion,Onion,2020-02-11,1000,2700,1800.0
Madhya Pradesh,Hoshangabad,Pipariya,Onion,Onion,2020-02-12,1000,2500,1700.0
Madhya Pradesh,Hoshangabad,Pipariya,Onion,Onion,2020-02-13,1000,2500,1700.0
Madhya Pradesh,Hoshangabad,Pipariya,Onion,Onion,2020-02-14,1000,2700,1700.0
Madhya Pradesh,Hoshangabad,Pipariya,Onion,Onion,2020-02-15,1000,2800,1700.0
Madhya Pradesh,Hoshangabad,Pipariya,Onion,Onion,2020-02-16,1000,2600,1600.0
Madhya Pradesh,Hoshangabad,Pipariya,Onion,Onion,2020-02-17,1050,2800,1700.0
Madhya Pradesh,Hoshangabad,Pipariya,Onion,Onion,2020-02-20,900,2800,1600.0
Madhya Pradesh,Hoshangabad,Pipariya,Onion,Onion,2020-02-21,900,2800,1600.0
Madhya Pradesh,Hoshangabad,Pipariya,Onion,Onion,2020-02-22,800,2600,1400.0
Madhya Pradesh,Hoshangabad,Pipariya,Onion,Onion,2020-02-23,800,2400,1400.0
Madhya Pradesh,Hoshangabad,Pipariya,Onion,Onion,2020-02-24,800,2500,1500.0
Madhya Pradesh,Hoshangabad,Pipariya,Onion,Onion,2020-02-26,800,2400,1400.0
Madhya Pradesh,Hoshangabad,Pipariya,Onion,Onion,2020-02-27,800,2500,1400.0
Madhya Pradesh,Hoshangabad,Pipariya,Onion,Onion,2020-02-28,900,2500,1500.0
Madhya Pradesh,Hoshangabad,Pipariya,Onion,Onion,2020-02-29,800,2500,1400.0
Madhya Pradesh,Hoshangabad,Pipariya,Onion,Onion,2020-03-02,800,2400,1400.0
Madhya Pradesh,Hoshangabad,Pipariya,Onion,Onion,2020-03-03,800,2500,1450.0
Madhya Pradesh,Hoshangabad,Pipariya,Onion,Onion,2020-03-04,900,2400,1400.0
Madhya Pradesh,Hoshangabad,Pipariya,Onion,Onion,2020-03-08,900,2300,1300.0
Madhya Pradesh,Hoshangabad,Pipariya,Onion,Onion,2020-03-11,900,2450,1400.0
Madhya Pradesh,Hoshangabad,Pipariya,Onion,Onion,2020-03-13,900,2500,1450.0
Madhya Pradesh,Hoshangabad,Pipariya,Onion,Onion,2020-03-14,950,2300,1400.0
Madhya Pradesh,Hoshangabad,Pipariya,Onion,Onion,2020-03-15,900,2200,1450.0
Madhya Pradesh,Hoshangabad,Pipariya,Onion,Onion,2020-03-16,800,2300,1400.0
Madhya Pradesh,Hoshangabad,Pipariya,Onion,Onion,2020-03-17,900,2200,1500.0
Madhya Pradesh,Hoshangabad,Pipariya,Onion,Onion,2020-03-18,700,2100,1400.0
Madhya Pradesh,Hoshangabad,Pipariya,Onion,Onion,2020-03-19,900,2200,1450.0
Madhya Pradesh,Hoshangabad,Pipariya,Onion,Onion,2020-03-20,700,2000,1300.0
Madhya Pradesh,Hoshangabad,Pipariya,Onion,Onion,2020-03-21,800,2000,1400.0
Madhya Pradesh,Hoshangabad,Pipariya,Onion,Onion,2020-03-23,700,1950,1300.0
Madhya Pradesh,Hoshangabad,Pipariya,Onion,Onion,2020-03-24,700,2100,1400.0
Madhya Pradesh,Hoshangabad,Pipariya,Onion,Onion,2020-03-25,700,2200,1450.0
Madhya Pradesh,Hoshangabad,Pipariya,Onion,Onion,2020-03-26,800,2300,1500.0
Madhya Pradesh,Hoshangabad,Pipariya,Onion,Onion,2020-04-11,700,2350,1400.0
Madhya Pradesh,Hoshangabad,Pipariya,Onion,Onion,2020-04-19,750,1200,1000.0
Madhya Pradesh,Hoshangabad,Pipariya,Onion,Onion,2020-04-20,700,1200,1000.0
Madhya Pradesh,Hoshangabad,Pipariya,Onion,Onion,2020-04-21,700,1100,900.0
Madhya Pradesh,Hoshangabad,Pipariya,Onion,Onion,2020-04-23,600,950,850.0
Madhya Pradesh,Hoshangabad,Pipariya,Onion,Onion,2020-04-24,650,950,800.0
Madhya Pradesh,Hoshangabad,Pipariya,Onion,Onion,2020-04-27,550,800,750.0
Madhya Pradesh,Hoshangabad,Pipariya,Onion,Onion,2020-04-28,600,850,700.0
Madhya Pradesh,Hoshangabad,Pipariya,Onion,Onion,2020-04-29,550,800,650.0
Madhya Pradesh,Hoshangabad,Pipariya,Onion,Onion,2020-05-10,350,850,500.0
Madhya Pradesh,Hoshangabad,Pipariya,Onion,Onion,2020-05-11,300,800,550.0
Madhya Pradesh,Hoshangabad,Pipariya,Onion,Onion,2020-05-12,300,850,540.0
Madhya Pradesh,Hoshangabad,Pipariya,Onion,Onion,2020-05-15,250,800,550.0
Madhya Pradesh,Hoshangabad,Pipariya,Onion,Onion,2020-05-17,300,850,550.0
Madhya Pradesh,Hoshangabad,Pipariya,Onion,Onion,2020-05-18,250,900,500.0
Madhya Pradesh,Hoshangabad,Pipariya,Onion,Onion,2020-05-19,250,900,500.0
Madhya Pradesh,Hoshangabad,Pipariya,Onion,Onion,2020-05-24,350,850,600.0
Madhya Pradesh,Hoshangabad,Pipariya,Onion,Onion,2020-05-25,300,800,550.0
Madhya Pradesh,Hoshangabad,Pipariya,Onion,Onion,2020-05-26,300,950,600.0
Madhya Pradesh,Hoshangabad,Pipariya,Onion,Onion,2020-05-27,250,850,580.0
Madhya Pradesh,Hoshangabad,Pipariya,Onion,Onion,2020-05-28,310,900,600.0
Madhya Pradesh,Hoshangabad,Pipariya,Onion,Onion,2020-05-31,250,850,570.0
Madhya Pradesh,Hoshangabad,Pipariya,Onion,Onion,2020-06-01,300,900,600.0
Madhya Pradesh,Hoshangabad,Pipariya,Onion,Onion,2020-06-02,250,800,580.0
Madhya Pradesh,Hoshangabad,Pipariya,Onion,Onion,2020-06-03,250,850,570.0
Madhya Pradesh,Hoshangabad,Pipariya,Onion,Onion,2020-06-09,250,950,560.0
Madhya Pradesh,Hoshangabad,Pipariya,Onion,Onion,2020-06-12,300,1000,620.0
Madhya Pradesh,Hoshangabad,Pipariya,Onion,Onion,2020-06-13,250,1120,610.0
Madhya Pradesh,Hoshangabad,Pipariya,Onion,Onion,2020-06-14,300,1100,620.0
Madhya Pradesh,Hoshangabad,Pipariya,Onion,Onion,2020-06-15,260,1150,620.0
Madhya Pradesh,Hoshangabad,Pipariya,Onion,Onion,2020-07-05,360,1150,720.0
Madhya Pradesh,Hoshangabad,Pipariya,Onion,Onion,2020-07-07,360,1300,750.0
Madhya Pradesh,Hoshangabad,Pipariya,Onion,Onion,2020-07-10,360,1300,750.0
Madhya Pradesh,Hoshangabad,Pipariya,Onion,Onion,2020-07-11,360,1200,650.0
Madhya Pradesh,Hoshangabad,Pipariya,Onion,Onion,2020-07-19,300,1150,765.0
Madhya Pradesh,Hoshangabad,Pipariya,Onion,Onion,2020-07-20,300,1250,750.0
Madhya Pradesh,Hoshangabad,Pipariya,Onion,Onion,2020-07-21,380,1150,760.0
Madhya Pradesh,Hoshangabad,Pipariya,Onion,Onion,2020-07-22,400,1200,750.0
Madhya Pradesh,Hoshangabad,Pipariya,Onion,Onion,2020-07-23,300,1150,700.0
Madhya Pradesh,Hoshangabad,Pipariya,Onion,Onion,2020-07-24,380,1150,750.0
Madhya Pradesh,Hoshangabad,Pipariya,Onion,Onion,2020-07-27,400,1200,750.0
Madhya Pradesh,Hoshangabad,Pipariya,Onion,Onion,2020-07-28,450,1300,710.0
Madhya Pradesh,Hoshangabad,Pipariya,Onion,Onion,2020-08-08,500,1300,800.0
Madhya Pradesh,Hoshangabad,Pipariya,Onion,Onion,2020-08-10,600,1410,900.0
Madhya Pradesh,Hoshangabad,Pipariya,Onion,Onion,2020-08-12,600,1500,900.0
Madhya Pradesh,Hoshangabad,Pipariya,Onion,Onion,2020-08-13,600,1450,950.0
Madhya Pradesh,Hoshangabad,Pipariya,Onion,Onion,2020-08-14,600,1400,900.0
Madhya Pradesh,Hoshangabad,Pipariya,Onion,Onion,2020-08-17,500,1400,800.0
Madhya Pradesh,Hoshangabad,Pipariya,Onion,Onion,2020-08-18,400,1300,700.0
Madhya Pradesh,Hoshangabad,Pipariya,Onion,Onion,2020-08-19,500,1400,750.0
Madhya Pradesh,Hoshangabad,Pipariya,Onion,Onion,2020-08-20,500,1350,700.0
Madhya Pradesh,Hoshangabad,Pipariya,Onion,Onion,2020-08-21,500,1300,650.0
Madhya Pradesh,Hoshangabad,Pipariya,Onion,Onion,2020-08-22,400,1200,600.0
Madhya Pradesh,Hoshangabad,Pipariya,Onion,Onion,2020-08-24,600,1400,800.0
Madhya Pradesh,Hoshangabad,Pipariya,Onion,Onion,2020-08-25,550,1300,700.0
Madhya Pradesh,Hoshangabad,Pipariya,Onion,Onion,2020-08-28,500,1300,600.0
Madhya Pradesh,Hoshangabad,Pipariya,Onion,Onion,2020-09-08,400,1300,800.0
Madhya Pradesh,Hoshangabad,Pipariya,Onion,Onion,2020-09-14,700,1900,1200.0
Madhya Pradesh,Hoshangabad,Pipariya,Onion,Onion,2020-09-15,650,2900,1400.0
Madhya Pradesh,Hoshangabad,Pipariya,Onion,Onion,2020-09-16,800,2700,1500.0
Madhya Pradesh,Morena,Porsa(F&V),Onion,Onion,2020-05-24,200,200,200.0
Madhya Pradesh,Morena,Porsa(F&V),Onion,Onion,2020-05-25,300,300,300.0
Madhya Pradesh,Morena,Porsa(F&V),Onion,Onion,2020-05-27,200,200,200.0
Madhya Pradesh,Morena,Porsa(F&V),Onion,Onion,2020-05-28,450,450,450.0
Madhya Pradesh,Morena,Porsa(F&V),Onion,Onion,2020-05-29,425,500,500.0
Madhya Pradesh,Morena,Porsa(F&V),Onion,Onion,2020-05-30,450,500,500.0
Madhya Pradesh,Morena,Porsa(F&V),Onion,Onion,2020-06-02,450,450,450.0
Madhya Pradesh,Morena,Porsa(F&V),Onion,Onion,2020-06-03,500,500,500.0
Madhya Pradesh,Morena,Porsa(F&V),Onion,Onion,2020-06-05,500,500,500.0
Madhya Pradesh,Morena,Porsa(F&V),Onion,Onion,2020-06-06,400,400,400.0
Madhya Pradesh,Morena,Porsa(F&V),Onion,Onion,2020-06-07,400,450,400.0
Madhya Pradesh,Morena,Porsa(F&V),Onion,Onion,2020-06-12,400,400,400.0
Madhya Pradesh,Morena,Porsa(F&V),Onion,Onion,2020-06-13,600,600,600.0
Madhya Pradesh,Morena,Porsa(F&V),Onion,Onion,2020-06-15,600,600,600.0
Madhya Pradesh,Morena,Porsa(F&V),Onion,Onion,2020-06-16,400,400,400.0
Madhya Pradesh,Morena,Porsa(F&V),Onion,Onion,2020-06-18,500,500,500.0
Madhya Pradesh,Morena,Porsa(F&V),Onion,Onion,2020-06-25,500,500,500.0
Madhya Pradesh,Morena,Porsa(F&V),Onion,Onion,2020-06-27,600,600,600.0
Madhya Pradesh,Morena,Porsa(F&V),Onion,Onion,2020-07-05,600,600,600.0
Madhya Pradesh,Morena,Porsa(F&V),Onion,Onion,2020-07-07,600,600,600.0
Madhya Pradesh,Morena,Porsa(F&V),Onion,Onion,2020-07-10,800,800,800.0
Madhya Pradesh,Morena,Porsa(F&V),Onion,Onion,2020-07-11,800,800,800.0
Madhya Pradesh,Morena,Porsa(F&V),Onion,Onion,2020-07-12,800,800,800.0
Madhya Pradesh,Morena,Porsa(F&V),Onion,Onion,2020-07-13,700,700,700.0
Madhya Pradesh,Morena,Porsa(F&V),Onion,Onion,2020-07-21,800,800,800.0
Madhya Pradesh,Morena,Porsa(F&V),Onion,Onion,2020-07-22,600,600,600.0
Madhya Pradesh,Morena,Porsa(F&V),Onion,Onion,2020-07-23,700,700,700.0
Madhya Pradesh,Morena,Porsa(F&V),Onion,Onion,2020-07-27,650,650,650.0
Madhya Pradesh,Morena,Porsa(F&V),Onion,Onion,2020-07-28,600,600,600.0
Madhya Pradesh,Morena,Porsa(F&V),Onion,Onion,2020-07-29,600,600,600.0
Madhya Pradesh,Morena,Porsa(F&V),Onion,Onion,2020-07-30,700,700,700.0
Madhya Pradesh,Morena,Porsa(F&V),Onion,Onion,2020-07-31,600,600,600.0
Madhya Pradesh,Morena,Porsa(F&V),Onion,Onion,2020-08-08,600,600,600.0
Madhya Pradesh,Morena,Porsa(F&V),Onion,Onion,2020-08-12,800,800,800.0
Madhya Pradesh,Morena,Porsa(F&V),Onion,Onion,2020-08-14,600,600,600.0
Madhya Pradesh,Morena,Porsa(F&V),Onion,Onion,2020-08-18,600,600,600.0
Madhya Pradesh,Morena,Porsa(F&V),Onion,Onion,2020-08-22,700,700,700.0
Madhya Pradesh,Morena,Porsa(F&V),Onion,Onion,2020-08-24,700,700,700.0
Madhya Pradesh,Morena,Porsa(F&V),Onion,Onion,2020-08-25,600,600,600.0
Madhya Pradesh,Morena,Porsa(F&V),Onion,Onion,2020-08-26,800,800,800.0
Madhya Pradesh,Morena,Porsa(F&V),Onion,Onion,2020-08-27,600,600,600.0
Madhya Pradesh,Morena,Porsa(F&V),Onion,Onion,2020-08-28,1000,1000,1000.0
Madhya Pradesh,Morena,Porsa(F&V),Onion,Onion,2020-08-29,600,600,600.0
Madhya Pradesh,Morena,Porsa(F&V),Onion,Onion,2020-09-13,800,800,800.0
Madhya Pradesh,Morena,Porsa(F&V),Onion,Onion,2020-09-14,1400,1400,1400.0
Madhya Pradesh,Morena,Porsa(F&V),Onion,Onion,2020-09-15,1500,1500,1500.0
Madhya Pradesh,Raisen,Raisen,Onion,1st Sort,2020-08-29,725,810,750.0
Madhya Pradesh,Dhar,Rajgarh,Onion,Other,2020-01-07,1651,2800,2250.0
Madhya Pradesh,Dhar,Rajgarh,Onion,Other,2020-01-19,2550,2800,2685.0
Madhya Pradesh,Dhar,Rajgarh,Onion,Other,2020-01-31,2500,2800,2600.0
Madhya Pradesh,Dhar,Rajgarh,Onion,Other,2020-02-09,1055,1351,1272.0
Madhya Pradesh,Dhar,Rajgarh,Onion,Other,2020-02-23,800,1700,1125.0
Madhya Pradesh,Dhar,Rajgarh,Onion,Other,2020-02-24,500,1000,800.0
Madhya Pradesh,Dhar,Rajgarh,Onion,Other,2020-03-08,400,901,668.0
Madhya Pradesh,Ratlam,Ratlam APMC (F&V),Onion,Other,2020-01-12,850,4000,2300.0
Madhya Pradesh,Ratlam,Ratlam APMC (F&V),Onion,Other,2020-02-15,650,2280,1610.0
Madhya Pradesh,Ratlam,Ratlam APMC (F&V),Onion,Other,2020-02-16,500,2000,1600.0
Madhya Pradesh,Ratlam,Ratlam APMC (F&V),Onion,Other,2020-02-17,602,2180,1520.0
Madhya Pradesh,Ratlam,Ratlam APMC (F&V),Onion,Other,2020-02-18,580,2201,1440.0
Madhya Pradesh,Ratlam,Ratlam APMC (F&V),Onion,Other,2020-02-19,600,2301,1510.0
Madhya Pradesh,Ratlam,Ratlam APMC (F&V),Onion,Other,2020-02-20,500,2400,1580.0
Madhya Pradesh,Ratlam,Ratlam APMC (F&V),Onion,Other,2020-02-26,504,2023,1450.0
Madhya Pradesh,Ratlam,Ratlam APMC (F&V),Onion,Other,2020-02-27,501,2440,1570.0
Madhya Pradesh,Ratlam,Ratlam APMC (F&V),Onion,Other,2020-02-28,504,2351,1515.0
Madhya Pradesh,Ratlam,Ratlam APMC (F&V),Onion,Other,2020-02-29,500,2300,1501.0
Madhya Pradesh,Ratlam,Ratlam APMC (F&V),Onion,Other,2020-03-02,470,2101,1390.0
Madhya Pradesh,Ratlam,Ratlam APMC (F&V),Onion,Other,2020-03-03,450,1908,1320.0
Madhya Pradesh,Ratlam,Ratlam APMC (F&V),Onion,Other,2020-03-05,230,2120,1410.0
Madhya Pradesh,Ratlam,Ratlam APMC (F&V),Onion,Other,2020-03-06,400,1901,1301.0
Madhya Pradesh,Ratlam,Ratlam APMC (F&V),Onion,Other,2020-03-07,350,1769,1200.0
Madhya Pradesh,Ratlam,Ratlam APMC (F&V),Onion,Other,2020-03-08,300,1700,1100.0
Madhya Pradesh,Ratlam,Ratlam APMC (F&V),Onion,Other,2020-03-09,350,1700,1100.0
Madhya Pradesh,Ratlam,Ratlam APMC (F&V),Onion,Other,2020-03-10,250,1700,1100.0
Madhya Pradesh,Ratlam,Ratlam APMC (F&V),Onion,Other,2020-03-11,401,1717,1272.0
Madhya Pradesh,Ratlam,Ratlam APMC (F&V),Onion,Other,2020-03-12,440,1846,1370.0
Madhya Pradesh,Ratlam,Ratlam APMC (F&V),Onion,Other,2020-03-13,460,1880,1400.0
Madhya Pradesh,Ratlam,Ratlam APMC (F&V),Onion,Other,2020-03-14,400,1700,1200.0
Madhya Pradesh,Ratlam,Ratlam APMC (F&V),Onion,Other,2020-03-15,380,1750,1250.0
Madhya Pradesh,Ratlam,Ratlam APMC (F&V),Onion,Other,2020-03-16,401,1720,1270.0
Madhya Pradesh,Ratlam,Ratlam APMC (F&V),Onion,Other,2020-03-17,411,1575,1120.0
Madhya Pradesh,Ratlam,Ratlam APMC (F&V),Onion,Other,2020-03-18,350,1514,1100.0
Madhya Pradesh,Ratlam,Ratlam APMC (F&V),Onion,Other,2020-03-19,300,1500,1000.0
Madhya Pradesh,Ratlam,Ratlam APMC (F&V),Onion,Other,2020-03-20,320,1726,1221.0
Madhya Pradesh,Ratlam,Ratlam APMC (F&V),Onion,Other,2020-03-21,300,1460,1040.0
Madhya Pradesh,Ratlam,Ratlam APMC (F&V),Onion,Other,2020-03-22,250,1500,950.0
Madhya Pradesh,Ratlam,Ratlam APMC (F&V),Onion,Other,2020-03-23,200,1500,800.0
Madhya Pradesh,Ratlam,Ratlam APMC (F&V),Onion,Other,2020-03-24,280,1800,1050.0
Madhya Pradesh,Ratlam,Ratlam APMC (F&V),Onion,Other,2020-03-25,280,1700,1100.0
Madhya Pradesh,Ratlam,Ratlam APMC (F&V),Onion,Other,2020-03-26,300,1550,1020.0
Madhya Pradesh,Ratlam,Ratlam APMC (F&V),Onion,Other,2020-03-27,250,1500,1000.0
Madhya Pradesh,Ratlam,Ratlam APMC (F&V),Onion,Other,2020-03-28,320,1550,1020.0
Madhya Pradesh,Ratlam,Ratlam APMC (F&V),Onion,Other,2020-03-29,310,1600,1000.0
Madhya Pradesh,Ratlam,Ratlam APMC (F&V),Onion,Other,2020-03-30,300,1500,950.0
Madhya Pradesh,Ratlam,Ratlam APMC (F&V),Onion,Other,2020-03-31,250,1550,1050.0
Madhya Pradesh,Ratlam,Ratlam APMC (F&V),Onion,Other,2020-04-07,310,1500,950.0
Madhya Pradesh,Ratlam,Ratlam APMC (F&V),Onion,Other,2020-04-08,300,1600,1100.0
Madhya Pradesh,Ratlam,Ratlam APMC (F&V),Onion,Other,2020-04-09,300,1400,900.0
Madhya Pradesh,Ratlam,Ratlam APMC (F&V),Onion,Other,2020-04-20,300,1400,800.0
Madhya Pradesh,Ratlam,Ratlam APMC (F&V),Onion,Other,2020-04-21,300,1350,870.0
Madhya Pradesh,Ratlam,Ratlam APMC (F&V),Onion,Other,2020-04-25,300,500,400.0
Madhya Pradesh,Ratlam,Ratlam APMC (F&V),Onion,Other,2020-04-29,450,600,500.0
Madhya Pradesh,Ratlam,Ratlam APMC (F&V),Onion,Other,2020-04-30,508,600,550.0
Madhya Pradesh,Ratlam,Ratlam APMC (F&V),Onion,Other,2020-05-02,300,641,450.0
Madhya Pradesh,Ratlam,Ratlam APMC (F&V),Onion,Other,2020-05-03,200,500,400.0
Madhya Pradesh,Ratlam,Ratlam APMC (F&V),Onion,Other,2020-05-04,200,550,375.0
Madhya Pradesh,Ratlam,Ratlam APMC (F&V),Onion,Other,2020-05-05,251,500,425.0
Madhya Pradesh,Ratlam,Ratlam APMC (F&V),Onion,Other,2020-05-09,200,550,400.0
Madhya Pradesh,Ratlam,Ratlam APMC (F&V),Onion,Other,2020-05-10,200,610,380.0
Madhya Pradesh,Ratlam,Ratlam APMC (F&V),Onion,Other,2020-05-11,200,625,400.0
Madhya Pradesh,Ratlam,Ratlam APMC (F&V),Onion,Other,2020-05-12,200,525,325.0
Madhya Pradesh,Ratlam,Ratlam APMC (F&V),Onion,Other,2020-05-13,280,600,400.0
Madhya Pradesh,Ratlam,Ratlam APMC (F&V),Onion,Other,2020-05-14,200,600,465.0
Madhya Pradesh,Ratlam,Ratlam APMC (F&V),Onion,Other,2020-05-15,250,626,470.0
Madhya Pradesh,Ratlam,Ratlam APMC (F&V),Onion,Other,2020-05-17,240,610,460.0
Madhya Pradesh,Ratlam,Ratlam APMC (F&V),Onion,Other,2020-05-18,210,566,420.0
Madhya Pradesh,Ratlam,Ratlam APMC (F&V),Onion,Other,2020-05-19,180,612,380.0
Madhya Pradesh,Ratlam,Ratlam APMC (F&V),Onion,Other,2020-05-20,112,571,300.0
Madhya Pradesh,Ratlam,Ratlam APMC (F&V),Onion,Other,2020-05-23,200,1000,450.0
Madhya Pradesh,Ratlam,Ratlam APMC (F&V),Onion,Other,2020-05-24,200,890,500.0
Madhya Pradesh,Ratlam,Ratlam APMC (F&V),Onion,Other,2020-05-25,190,950,500.0
Madhya Pradesh,Ratlam,Ratlam APMC (F&V),Onion,Other,2020-05-26,200,500,340.0
Madhya Pradesh,Ratlam,Ratlam APMC (F&V),Onion,Other,2020-05-27,205,850,410.0
Madhya Pradesh,Ratlam,Ratlam APMC (F&V),Onion,Other,2020-05-28,230,712,450.0
Madhya Pradesh,Ratlam,Ratlam APMC (F&V),Onion,Other,2020-05-29,200,650,401.0
Madhya Pradesh,Ratlam,Ratlam APMC (F&V),Onion,Other,2020-05-30,225,670,411.0
Madhya Pradesh,Ratlam,Ratlam APMC (F&V),Onion,Other,2020-05-31,225,750,550.0
Madhya Pradesh,Ratlam,Ratlam APMC (F&V),Onion,Other,2020-06-04,300,766,502.0
Madhya Pradesh,Ratlam,Ratlam APMC (F&V),Onion,Other,2020-06-05,280,833,511.0
Madhya Pradesh,Ratlam,Ratlam APMC (F&V),Onion,Other,2020-06-06,300,800,510.0
Madhya Pradesh,Ratlam,Ratlam APMC (F&V),Onion,Other,2020-06-07,300,700,500.0
Madhya Pradesh,Ratlam,Ratlam APMC (F&V),Onion,Other,2020-06-08,370,1050,601.0
Madhya Pradesh,Ratlam,Ratlam APMC (F&V),Onion,Other,2020-06-09,365,995,580.0
Madhya Pradesh,Ratlam,Ratlam APMC (F&V),Onion,Other,2020-06-12,340,1020,570.0
Madhya Pradesh,Ratlam,Ratlam APMC (F&V),Onion,Other,2020-06-13,200,1000,550.0
Madhya Pradesh,Ratlam,Ratlam APMC (F&V),Onion,Other,2020-06-14,200,950,550.0
Madhya Pradesh,Ratlam,Ratlam APMC (F&V),Onion,Other,2020-06-15,180,500,410.0
Madhya Pradesh,Ratlam,Ratlam APMC (F&V),Onion,Other,2020-06-16,180,500,410.0
Madhya Pradesh,Ratlam,Ratlam APMC (F&V),Onion,Other,2020-06-17,318,925,530.0
Madhya Pradesh,Ratlam,Ratlam APMC (F&V),Onion,Other,2020-06-18,300,916,550.0
Madhya Pradesh,Ratlam,Ratlam APMC (F&V),Onion,Other,2020-06-19,290,875,495.0
Madhya Pradesh,Ratlam,Ratlam APMC (F&V),Onion,Other,2020-06-21,200,800,500.0
Madhya Pradesh,Ratlam,Ratlam APMC (F&V),Onion,Other,2020-06-22,300,865,495.0
Madhya Pradesh,Ratlam,Ratlam APMC (F&V),Onion,Other,2020-06-23,350,926,540.0
Madhya Pradesh,Ratlam,Ratlam APMC (F&V),Onion,Other,2020-06-24,300,883,555.0
Madhya Pradesh,Ratlam,Ratlam APMC (F&V),Onion,Other,2020-06-26,150,1001,640.0
Madhya Pradesh,Ratlam,Ratlam APMC (F&V),Onion,Other,2020-06-29,405,1036,680.0
Madhya Pradesh,Ratlam,Ratlam APMC (F&V),Onion,Other,2020-06-30,490,1100,740.0
Madhya Pradesh,Ratlam,Ratlam APMC (F&V),Onion,Other,2020-07-02,300,950,600.0
Madhya Pradesh,Ratlam,Ratlam APMC (F&V),Onion,Other,2020-07-03,345,990,580.0
Madhya Pradesh,Ratlam,Ratlam APMC (F&V),Onion,Other,2020-07-05,200,925,550.0
Madhya Pradesh,Ratlam,Ratlam APMC (F&V),Onion,Other,2020-07-06,360,1101,605.0
Madhya Pradesh,Ratlam,Ratlam APMC (F&V),Onion,Other,2020-07-07,320,1025,600.0
Madhya Pradesh,Ratlam,Ratlam APMC (F&V),Onion,Other,2020-07-10,400,970,655.0
Madhya Pradesh,Ratlam,Ratlam APMC (F&V),Onion,Other,2020-07-11,350,950,650.0
Madhya Pradesh,Ratlam,Ratlam APMC (F&V),Onion,Other,2020-07-12,380,920,660.0
Madhya Pradesh,Ratlam,Ratlam APMC (F&V),Onion,Other,2020-07-13,370,940,615.0
Madhya Pradesh,Ratlam,Ratlam APMC (F&V),Onion,Other,2020-07-15,360,1100,650.0
Madhya Pradesh,Ratlam,Ratlam APMC (F&V),Onion,Other,2020-07-16,250,1000,630.0
Madhya Pradesh,Ratlam,Ratlam APMC (F&V),Onion,Other,2020-07-17,310,1011,630.0
Madhya Pradesh,Ratlam,Ratlam APMC (F&V),Onion,Other,2020-07-18,305,1010,610.0
Madhya Pradesh,Ratlam,Ratlam APMC (F&V),Onion,Other,2020-07-19,220,1000,530.0
Madhya Pradesh,Ratlam,Ratlam APMC (F&V),Onion,Other,2020-07-20,200,950,560.0
Madhya Pradesh,Ratlam,Ratlam APMC (F&V),Onion,Other,2020-07-21,275,868,490.0
Madhya Pradesh,Ratlam,Ratlam APMC (F&V),Onion,Other,2020-07-22,240,850,460.0
Madhya Pradesh,Ratlam,Ratlam APMC (F&V),Onion,Other,2020-07-23,240,851,460.0
Madhya Pradesh,Ratlam,Ratlam APMC (F&V),Onion,Other,2020-07-25,200,850,550.0
Madhya Pradesh,Ratlam,Ratlam APMC (F&V),Onion,Other,2020-07-26,210,810,510.0
Madhya Pradesh,Ratlam,Ratlam APMC (F&V),Onion,Other,2020-07-27,320,875,505.0
Madhya Pradesh,Ratlam,Ratlam APMC (F&V),Onion,Other,2020-07-28,315,875,520.0
Madhya Pradesh,Ratlam,Ratlam APMC (F&V),Onion,Other,2020-07-29,310,850,540.0
Madhya Pradesh,Ratlam,Ratlam APMC (F&V),Onion,Other,2020-07-30,310,848,505.0
Madhya Pradesh,Ratlam,Ratlam APMC (F&V),Onion,Other,2020-07-31,340,877,520.0
Madhya Pradesh,Ratlam,Ratlam APMC (F&V),Onion,Other,2020-08-04,285,808,490.0
Madhya Pradesh,Ratlam,Ratlam APMC (F&V),Onion,Other,2020-08-05,290,852,505.0
Madhya Pradesh,Ratlam,Ratlam APMC (F&V),Onion,Other,2020-08-06,300,865,580.0
Madhya Pradesh,Ratlam,Ratlam APMC (F&V),Onion,Other,2020-08-07,310,860,526.0
Madhya Pradesh,Ratlam,Ratlam APMC (F&V),Onion,Other,2020-08-08,200,800,500.0
Madhya Pradesh,Ratlam,Ratlam APMC (F&V),Onion,Other,2020-08-09,200,850,550.0
Madhya Pradesh,Ratlam,Ratlam APMC (F&V),Onion,Other,2020-08-10,320,883,545.0
Madhya Pradesh,Ratlam,Ratlam APMC (F&V),Onion,Other,2020-08-11,369,907,570.0
Madhya Pradesh,Ratlam,Ratlam APMC (F&V),Onion,Other,2020-08-12,350,900,550.0
Madhya Pradesh,Ratlam,Ratlam APMC (F&V),Onion,Other,2020-08-13,430,939,620.0
Madhya Pradesh,Ratlam,Ratlam APMC (F&V),Onion,Other,2020-08-16,200,1000,650.0
Madhya Pradesh,Ratlam,Ratlam APMC (F&V),Onion,Other,2020-08-17,515,1019,717.0
Madhya Pradesh,Ratlam,Ratlam APMC (F&V),Onion,Other,2020-08-18,600,1219,850.0
Madhya Pradesh,Ratlam,Ratlam APMC (F&V),Onion,Other,2020-08-19,450,1000,750.0
Madhya Pradesh,Ratlam,Ratlam APMC (F&V),Onion,Other,2020-08-21,550,1290,870.0
Madhya Pradesh,Ratlam,Ratlam APMC (F&V),Onion,Other,2020-08-22,450,1100,870.0
Madhya Pradesh,Ratlam,Ratlam APMC (F&V),Onion,Other,2020-08-23,450,1050,800.0
Madhya Pradesh,Ratlam,Ratlam APMC (F&V),Onion,Other,2020-08-24,540,1270,865.0
Madhya Pradesh,Ratlam,Ratlam APMC (F&V),Onion,Other,2020-08-25,580,1381,970.0
Madhya Pradesh,Ratlam,Ratlam APMC (F&V),Onion,Other,2020-08-26,690,1500,1050.0
Madhya Pradesh,Ratlam,Ratlam APMC (F&V),Onion,Other,2020-08-27,740,1616,1110.0
Madhya Pradesh,Ratlam,Ratlam APMC (F&V),Onion,Other,2020-08-28,770,1687,1140.0
Madhya Pradesh,Ratlam,Ratlam APMC (F&V),Onion,Other,2020-08-29,750,1653,1112.0
Madhya Pradesh,Ratlam,Ratlam APMC (F&V),Onion,Other,2020-08-30,700,1550,1070.0
Madhya Pradesh,Ratlam,Ratlam APMC (F&V),Onion,Other,2020-08-31,700,1500,1050.0
Madhya Pradesh,Ratlam,Ratlam APMC (F&V),Onion,Other,2020-09-08,451,2225,1550.0
Madhya Pradesh,Ratlam,Ratlam APMC (F&V),Onion,Other,2020-09-11,400,2552,1702.0
Madhya Pradesh,Ratlam,Ratlam APMC (F&V),Onion,Other,2020-09-12,510,2601,1805.0
Madhya Pradesh,Ratlam,Ratlam APMC (F&V),Onion,Other,2020-09-13,500,2500,1500.0
Madhya Pradesh,Sagar,Sagar APMC (F&V),Onion,Other,2020-01-01,4000,5000,4500.0
Madhya Pradesh,Sagar,Sagar APMC (F&V),Onion,Other,2020-01-03,4000,5000,4500.0
Madhya Pradesh,Sagar,Sagar APMC (F&V),Onion,Other,2020-01-04,4000,5000,4500.0
Madhya Pradesh,Sagar,Sagar APMC (F&V),Onion,Other,2020-01-05,4000,5000,4500.0
Madhya Pradesh,Sagar,Sagar APMC (F&V),Onion,Other,2020-01-06,4000,5000,4500.0
Madhya Pradesh,Sagar,Sagar APMC (F&V),Onion,Other,2020-01-07,4000,5000,4500.0
Madhya Pradesh,Sagar,Sagar APMC (F&V),Onion,Other,2020-01-09,4000,5000,4500.0
Madhya Pradesh,Sagar,Sagar APMC (F&V),Onion,Other,2020-01-10,3000,4000,3500.0
Madhya Pradesh,Sagar,Sagar APMC (F&V),Onion,Other,2020-01-12,2000,3000,2500.0
Madhya Pradesh,Sagar,Sagar APMC (F&V),Onion,Other,2020-01-14,3000,4000,3500.0
Madhya Pradesh,Sagar,Sagar APMC (F&V),Onion,Other,2020-01-15,3000,4000,3500.0
Madhya Pradesh,Sagar,Sagar APMC (F&V),Onion,Other,2020-01-16,3000,4000,3500.0
Madhya Pradesh,Sagar,Sagar APMC (F&V),Onion,Other,2020-01-17,3000,4500,4000.0
Madhya Pradesh,Sagar,Sagar APMC (F&V),Onion,Other,2020-01-18,3000,4000,3500.0
Madhya Pradesh,Sagar,Sagar APMC (F&V),Onion,Other,2020-01-19,2500,3500,3000.0
Madhya Pradesh,Sagar,Sagar APMC (F&V),Onion,Other,2020-01-20,3000,4000,3500.0
Madhya Pradesh,Sagar,Sagar APMC (F&V),Onion,Other,2020-01-21,2500,4000,3000.0
Madhya Pradesh,Sagar,Sagar APMC (F&V),Onion,Other,2020-01-22,3000,4000,3500.0
Madhya Pradesh,Sagar,Sagar APMC (F&V),Onion,Other,2020-01-24,2500,4000,3000.0
Madhya Pradesh,Sagar,Sagar APMC (F&V),Onion,Other,2020-01-25,3000,4000,3500.0
Madhya Pradesh,Sagar,Sagar APMC (F&V),Onion,Other,2020-01-26,3000,4000,3500.0
Madhya Pradesh,Sagar,Sagar APMC (F&V),Onion,Other,2020-01-27,2000,2700,2500.0
Madhya Pradesh,Sagar,Sagar APMC (F&V),Onion,Other,2020-01-28,2500,4500,3000.0
Madhya Pradesh,Sagar,Sagar APMC (F&V),Onion,Other,2020-01-30,2500,3500,3000.0
Madhya Pradesh,Sagar,Sagar APMC (F&V),Onion,Other,2020-02-07,2000,3000,2500.0
Madhya Pradesh,Sagar,Sagar APMC (F&V),Onion,Other,2020-02-08,2000,3000,2500.0
Madhya Pradesh,Sagar,Sagar APMC (F&V),Onion,Other,2020-02-09,2500,3500,3000.0
Madhya Pradesh,Sagar,Sagar APMC (F&V),Onion,Other,2020-02-11,2000,2500,2200.0
Madhya Pradesh,Sagar,Sagar APMC (F&V),Onion,Other,2020-02-12,2000,3000,2500.0
Madhya Pradesh,Sagar,Sagar APMC (F&V),Onion,Other,2020-02-14,2000,2500,2200.0
Madhya Pradesh,Sagar,Sagar APMC (F&V),Onion,Other,2020-02-15,2000,3000,2500.0
Madhya Pradesh,Sagar,Sagar APMC (F&V),Onion,Other,2020-02-16,2000,3000,2500.0
Madhya Pradesh,Sagar,Sagar APMC (F&V),Onion,Other,2020-02-18,2000,2400,2200.0
Madhya Pradesh,Sagar,Sagar APMC (F&V),Onion,Other,2020-02-19,1800,2200,2000.0
Madhya Pradesh,Sagar,Sagar APMC (F&V),Onion,Other,2020-02-20,2000,2500,2200.0
Madhya Pradesh,Sagar,Sagar APMC (F&V),Onion,Other,2020-02-21,2000,2500,2200.0
Madhya Pradesh,Sagar,Sagar APMC (F&V),Onion,Other,2020-02-23,2000,2500,2200.0
Madhya Pradesh,Sagar,Sagar APMC (F&V),Onion,Other,2020-02-24,2000,2500,2200.0
Madhya Pradesh,Sagar,Sagar APMC (F&V),Onion,Other,2020-02-25,2000,2500,2200.0
Madhya Pradesh,Sagar,Sagar APMC (F&V),Onion,Other,2020-02-27,2000,2500,2200.0
Madhya Pradesh,Sagar,Sagar APMC (F&V),Onion,Other,2020-03-01,1600,2000,1800.0
Madhya Pradesh,Sagar,Sagar APMC (F&V),Onion,Other,2020-03-03,1500,2000,1800.0
Madhya Pradesh,Sagar,Sagar APMC (F&V),Onion,Other,2020-03-04,1800,2200,2000.0
Madhya Pradesh,Sagar,Sagar APMC (F&V),Onion,Other,2020-03-05,1600,2000,1800.0
Madhya Pradesh,Sagar,Sagar APMC (F&V),Onion,Other,2020-03-06,1600,2000,1800.0
Madhya Pradesh,Sagar,Sagar APMC (F&V),Onion,Other,2020-03-11,1200,1700,1500.0
Madhya Pradesh,Sagar,Sagar APMC (F&V),Onion,Other,2020-03-13,1200,1700,1500.0
Madhya Pradesh,Sagar,Sagar APMC (F&V),Onion,Other,2020-03-14,1200,1400,1300.0
Madhya Pradesh,Sagar,Sagar APMC (F&V),Onion,Other,2020-03-15,1200,1400,1300.0
Madhya Pradesh,Sagar,Sagar APMC (F&V),Onion,Other,2020-03-16,1200,1400,1300.0
Madhya Pradesh,Sagar,Sagar APMC (F&V),Onion,Other,2020-03-17,1100,1400,1200.0
Madhya Pradesh,Sagar,Sagar APMC (F&V),Onion,Other,2020-03-18,1000,1200,1100.0
Madhya Pradesh,Sagar,Sagar APMC (F&V),Onion,Other,2020-03-19,1000,1200,1100.0
Madhya Pradesh,Sagar,Sagar APMC (F&V),Onion,Other,2020-06-17,600,800,700.0
Madhya Pradesh,Sagar,Sagar APMC (F&V),Onion,Other,2020-06-18,500,700,600.0
Madhya Pradesh,Sagar,Sagar APMC (F&V),Onion,Other,2020-07-13,800,1000,900.0
Madhya Pradesh,Sagar,Sagar APMC (F&V),Onion,Other,2020-07-14,800,1000,900.0
Madhya Pradesh,Sagar,Sagar APMC (F&V),Onion,Other,2020-07-30,700,900,800.0
Madhya Pradesh,Sagar,Sagar APMC (F&V),Onion,Other,2020-08-05,600,800,700.0
Madhya Pradesh,Sagar,Sagar APMC (F&V),Onion,Other,2020-08-06,600,800,700.0
Madhya Pradesh,Sagar,Sagar APMC (F&V),Onion,Other,2020-08-07,800,1000,900.0
Madhya Pradesh,Sagar,Sagar APMC (F&V),Onion,Other,2020-08-10,600,800,700.0
Madhya Pradesh,Sagar,Sagar APMC (F&V),Onion,Other,2020-08-11,600,800,700.0
Madhya Pradesh,Sagar,Sagar APMC (F&V),Onion,Other,2020-08-14,800,1000,900.0
Madhya Pradesh,Sagar,Sagar APMC (F&V),Onion,Other,2020-08-15,800,1000,900.0
Madhya Pradesh,Sagar,Sagar APMC (F&V),Onion,Other,2020-08-17,600,800,700.0
Madhya Pradesh,Sagar,Sagar APMC (F&V),Onion,Other,2020-08-19,600,800,700.0
Madhya Pradesh,Sagar,Sagar APMC (F&V),Onion,Other,2020-08-20,600,800,700.0
Madhya Pradesh,Sagar,Sagar APMC (F&V),Onion,Other,2020-08-22,600,800,700.0
Madhya Pradesh,Sagar,Sagar APMC (F&V),Onion,Other,2020-08-25,800,1000,900.0
Madhya Pradesh,Sagar,Sagar APMC (F&V),Onion,Other,2020-08-26,800,1000,900.0
Madhya Pradesh,Sagar,Sagar APMC (F&V),Onion,Other,2020-08-29,1000,1200,1100.0
Madhya Pradesh,Sagar,Sagar APMC (F&V),Onion,Other,2020-09-09,1000,1200,1100.0
Madhya Pradesh,Sagar,Sagar APMC (F&V),Onion,Other,2020-09-11,1000,1200,1100.0
Madhya Pradesh,Sagar,Sagar APMC (F&V),Onion,Other,2020-09-14,1000,1200,1100.0
Madhya Pradesh,Ratlam,Sailana,Onion,Other,2020-01-01,2101,4599,3350.0
Madhya Pradesh,Ratlam,Sailana,Onion,Other,2020-01-02,1501,4401,3500.0
Madhya Pradesh,Ratlam,Sailana,Onion,Other,2020-01-03,1250,4101,3200.0
Madhya Pradesh,Ratlam,Sailana,Onion,Other,2020-01-04,1315,4260,3000.0
Madhya Pradesh,Ratlam,Sailana,Onion,Other,2020-01-05,1501,4401,3500.0
Madhya Pradesh,Ratlam,Sailana,Onion,Other,2020-01-06,1350,5101,3425.0
Madhya Pradesh,Ratlam,Sailana,Onion,Other,2020-01-07,1399,4202,2800.0
Madhya Pradesh,Ratlam,Sailana,Onion,Other,2020-01-08,2151,4041,3096.0
Madhya Pradesh,Ratlam,Sailana,Onion,Other,2020-01-10,1350,5101,3425.0
Madhya Pradesh,Ratlam,Sailana,Onion,Other,2020-01-11,2221,4000,3100.0
Madhya Pradesh,Ratlam,Sailana,Onion,Other,2020-01-12,2060,4078,3069.0
Madhya Pradesh,Ratlam,Sailana,Onion,Other,2020-01-13,1100,2760,2450.0
Madhya Pradesh,Ratlam,Sailana,Onion,Other,2020-01-14,1402,2600,2001.0
Madhya Pradesh,Ratlam,Sailana,Onion,Other,2020-01-15,2301,2901,2601.0
Madhya Pradesh,Ratlam,Sailana,Onion,Other,2020-01-16,1855,3501,2678.0
Madhya Pradesh,Ratlam,Sailana,Onion,Other,2020-01-17,1652,3701,3676.0
Madhya Pradesh,Ratlam,Sailana,Onion,Other,2020-01-18,1754,3551,2652.0
Madhya Pradesh,Ratlam,Sailana,Onion,Other,2020-01-19,1660,3509,2584.0
Madhya Pradesh,Ratlam,Sailana,Onion,Other,2020-01-20,2128,3961,3044.0
Madhya Pradesh,Ratlam,Sailana,Onion,Other,2020-01-21,2361,4025,3193.0
Madhya Pradesh,Ratlam,Sailana,Onion,Other,2020-01-22,2150,3500,2825.0
Madhya Pradesh,Ratlam,Sailana,Onion,Other,2020-01-23,2311,4000,3155.0
Madhya Pradesh,Ratlam,Sailana,Onion,Other,2020-01-24,1212,3800,2506.0
Madhya Pradesh,Ratlam,Sailana,Onion,Other,2020-01-26,1212,3800,2506.0
Madhya Pradesh,Ratlam,Sailana,Onion,Other,2020-01-27,1550,3500,2525.0
Madhya Pradesh,Ratlam,Sailana,Onion,Other,2020-01-28,1415,3000,2207.0
Madhya Pradesh,Ratlam,Sailana,Onion,Other,2020-02-02,530,3250,1890.0
Madhya Pradesh,Ratlam,Sailana,Onion,Other,2020-02-03,556,2351,1453.0
Madhya Pradesh,Ratlam,Sailana,Onion,Other,2020-02-04,899,2550,1724.0
Madhya Pradesh,Ratlam,Sailana,Onion,Other,2020-02-08,621,1840,1280.0
Madhya Pradesh,Ratlam,Sailana,Onion,Other,2020-02-09,750,1901,1326.0
Madhya Pradesh,Ratlam,Sailana,Onion,Other,2020-02-11,555,1616,1085.0
Madhya Pradesh,Ratlam,Sailana,Onion,Other,2020-02-13,751,2050,1400.0
Madhya Pradesh,Ratlam,Sailana,Onion,Other,2020-02-14,700,2202,1451.0
Madhya Pradesh,Ratlam,Sailana,Onion,Other,2020-02-15,530,2201,1366.0
Madhya Pradesh,Ratlam,Sailana,Onion,Other,2020-02-17,601,2651,1626.0
Madhya Pradesh,Ratlam,Sailana,Onion,Other,2020-02-20,600,2501,1300.0
Madhya Pradesh,Ratlam,Sailana,Onion,Other,2020-02-23,600,2501,1300.0
Madhya Pradesh,Ratlam,Sailana,Onion,Other,2020-02-24,700,2101,1601.0
Madhya Pradesh,Ratlam,Sailana,Onion,Other,2020-02-26,551,2065,1600.0
Madhya Pradesh,Ratlam,Sailana,Onion,Other,2020-02-28,400,2171,1351.0
Madhya Pradesh,Ratlam,Sailana,Onion,Other,2020-03-01,666,2020,1200.0
Madhya Pradesh,Ratlam,Sailana,Onion,Other,2020-03-02,490,1701,1400.0
Madhya Pradesh,Ratlam,Sailana,Onion,Other,2020-03-03,501,1981,1300.0
Madhya Pradesh,Ratlam,Sailana,Onion,Other,2020-03-04,444,2000,1000.0
Madhya Pradesh,Ratlam,Sailana,Onion,Other,2020-03-05,475,2201,1338.0
Madhya Pradesh,Ratlam,Sailana,Onion,Other,2020-03-06,250,1900,1250.0
Madhya Pradesh,Ratlam,Sailana,Onion,Other,2020-03-08,250,1821,1400.0
Madhya Pradesh,Ratlam,Sailana,Onion,Other,2020-03-11,250,1821,1400.0
Madhya Pradesh,Ratlam,Sailana,Onion,Other,2020-03-13,201,1601,1300.0
Madhya Pradesh,Ratlam,Sailana,Onion,Other,2020-03-14,200,1560,880.0
Madhya Pradesh,Ratlam,Sailana,Onion,Other,2020-03-15,210,1800,1010.0
Madhya Pradesh,Ratlam,Sailana,Onion,Other,2020-03-17,301,1511,1150.0
Madhya Pradesh,Ratlam,Sailana,Onion,Other,2020-03-19,333,1165,750.0
Madhya Pradesh,Ratlam,Sailana,Onion,Other,2020-05-11,300,550,420.0
Madhya Pradesh,Ratlam,Sailana,Onion,Other,2020-05-12,205,500,350.0
Madhya Pradesh,Ratlam,Sailana,Onion,Other,2020-05-13,250,580,415.0
Madhya Pradesh,Ratlam,Sailana,Onion,Other,2020-05-15,231,564,397.0
Madhya Pradesh,Ratlam,Sailana,Onion,Other,2020-05-16,200,555,377.0
Madhya Pradesh,Ratlam,Sailana,Onion,Other,2020-05-18,201,541,370.0
Madhya Pradesh,Ratlam,Sailana,Onion,Other,2020-05-19,175,556,380.0
Madhya Pradesh,Ratlam,Sailana,Onion,Other,2020-05-20,152,532,350.0
Madhya Pradesh,Ratlam,Sailana,Onion,Other,2020-05-21,111,546,330.0
Madhya Pradesh,Ratlam,Sailana,Onion,Other,2020-05-22,111,546,330.0
Madhya Pradesh,Ratlam,Sailana,Onion,Other,2020-05-26,150,550,350.0
Madhya Pradesh,Ratlam,Sailana,Onion,Other,2020-05-27,200,626,415.0
Madhya Pradesh,Ratlam,Sailana,Onion,Other,2020-05-30,127,646,385.0
Madhya Pradesh,Ratlam,Sailana,Onion,Other,2020-06-03,228,620,425.0
Madhya Pradesh,Ratlam,Sailana,Onion,Other,2020-06-04,230,700,465.0
Madhya Pradesh,Ratlam,Sailana,Onion,Other,2020-06-05,285,682,485.0
Madhya Pradesh,Ratlam,Sailana,Onion,Other,2020-06-06,290,946,450.0
Madhya Pradesh,Ratlam,Sailana,Onion,Other,2020-06-07,590,590,590.0
Madhya Pradesh,Ratlam,Sailana,Onion,Other,2020-06-08,291,823,500.0
Madhya Pradesh,Ratlam,Sailana,Onion,Other,2020-06-09,300,869,500.0
Madhya Pradesh,Ratlam,Sailana,Onion,Other,2020-06-10,201,850,400.0
Madhya Pradesh,Ratlam,Sailana,Onion,Other,2020-06-11,390,960,600.0
Madhya Pradesh,Ratlam,Sailana,Onion,Other,2020-06-15,401,1000,700.0
Madhya Pradesh,Ratlam,Sailana,Onion,Other,2020-06-16,200,900,550.0
Madhya Pradesh,Ratlam,Sailana,Onion,Other,2020-06-29,333,887,600.0
Madhya Pradesh,Ratlam,Sailana,Onion,Other,2020-06-30,386,908,647.0
Madhya Pradesh,Ratlam,Sailana,Onion,Other,2020-07-01,350,865,600.0
Madhya Pradesh,Ratlam,Sailana,Onion,Other,2020-07-02,300,970,635.0
Madhya Pradesh,Ratlam,Sailana,Onion,Other,2020-07-03,330,861,596.0
Madhya Pradesh,Ratlam,Sailana,Onion,Other,2020-07-06,333,900,616.0
Madhya Pradesh,Ratlam,Sailana,Onion,Other,2020-07-07,300,822,561.0
Madhya Pradesh,Ratlam,Sailana,Onion,Other,2020-07-08,314,906,610.0
Madhya Pradesh,Ratlam,Sailana,Onion,Other,2020-07-13,325,823,574.0
Madhya Pradesh,Ratlam,Sailana,Onion,Other,2020-07-14,371,800,418.0
Madhya Pradesh,Ratlam,Sailana,Onion,Other,2020-07-15,381,809,595.0
Madhya Pradesh,Ratlam,Sailana,Onion,Other,2020-07-17,350,802,576.0
Madhya Pradesh,Ratlam,Sailana,Onion,Other,2020-07-18,363,841,602.0
Madhya Pradesh,Ratlam,Sailana,Onion,Other,2020-07-19,360,860,620.0
Madhya Pradesh,Ratlam,Sailana,Onion,Other,2020-07-20,201,814,507.0
Madhya Pradesh,Ratlam,Sailana,Onion,Other,2020-07-21,204,854,530.0
Madhya Pradesh,Ratlam,Sailana,Onion,Other,2020-07-22,200,830,515.0
Madhya Pradesh,Ratlam,Sailana,Onion,Other,2020-07-24,191,800,480.0
Madhya Pradesh,Ratlam,Sailana,Onion,Other,2020-07-25,250,810,530.0
Madhya Pradesh,Ratlam,Sailana,Onion,Other,2020-07-26,200,750,460.0
Madhya Pradesh,Ratlam,Sailana,Onion,Other,2020-07-27,272,790,530.0
Madhya Pradesh,Ratlam,Sailana,Onion,Other,2020-07-28,282,815,548.0
Madhya Pradesh,Ratlam,Sailana,Onion,Other,2020-07-29,202,801,500.0
Madhya Pradesh,Ratlam,Sailana,Onion,Other,2020-07-30,200,811,550.0
Madhya Pradesh,Ratlam,Sailana,Onion,Other,2020-08-05,315,758,538.0
Madhya Pradesh,Ratlam,Sailana,Onion,Other,2020-08-06,272,751,511.0
Madhya Pradesh,Ratlam,Sailana,Onion,Other,2020-08-07,311,751,531.0
Madhya Pradesh,Ratlam,Sailana,Onion,Other,2020-08-08,280,740,510.0
Madhya Pradesh,Ratlam,Sailana,Onion,Other,2020-08-09,300,700,450.0
Madhya Pradesh,Ratlam,Sailana,Onion,Other,2020-08-10,201,799,500.0
Madhya Pradesh,Ratlam,Sailana,Onion,Other,2020-08-11,280,775,527.0
Madhya Pradesh,Ratlam,Sailana,Onion,Other,2020-08-12,280,720,500.0
Madhya Pradesh,Ratlam,Sailana,Onion,Other,2020-08-14,426,876,650.0
Madhya Pradesh,Ratlam,Sailana,Onion,Other,2020-08-15,410,820,625.0
Madhya Pradesh,Ratlam,Sailana,Onion,Other,2020-08-16,380,790,585.0
Madhya Pradesh,Ratlam,Sailana,Onion,Other,2020-08-17,420,900,660.0
Madhya Pradesh,Ratlam,Sailana,Onion,Other,2020-08-18,490,1001,750.0
Madhya Pradesh,Ratlam,Sailana,Onion,Other,2020-08-19,400,1000,700.0
Madhya Pradesh,Ratlam,Sailana,Onion,Other,2020-08-20,581,1391,986.0
Madhya Pradesh,Ratlam,Sailana,Onion,Other,2020-08-21,171,1211,690.0
Madhya Pradesh,Ratlam,Sailana,Onion,Other,2020-08-22,230,1187,708.0
Madhya Pradesh,Ratlam,Sailana,Onion,Other,2020-08-23,280,1020,650.0
Madhya Pradesh,Ratlam,Sailana,Onion,Other,2020-08-24,200,1191,685.0
Madhya Pradesh,Ratlam,Sailana,Onion,Other,2020-08-25,191,1180,685.0
Madhya Pradesh,Ratlam,Sailana,Onion,Other,2020-08-26,150,1341,750.0
Madhya Pradesh,Ratlam,Sailana,Onion,Other,2020-08-27,200,1401,800.0
Madhya Pradesh,Ratlam,Sailana,Onion,Other,2020-08-29,150,1471,810.0
Madhya Pradesh,Ratlam,Sailana,Onion,Other,2020-08-30,175,1250,712.0
Madhya Pradesh,Ratlam,Sailana,Onion,Other,2020-09-02,341,1881,1111.0
Madhya Pradesh,Ratlam,Sailana,Onion,Other,2020-09-08,301,2100,1200.0
Madhya Pradesh,Ratlam,Sailana,Onion,Other,2020-09-10,399,2506,1452.0
Madhya Pradesh,Ratlam,Sailana,Onion,Other,2020-09-11,250,2400,1325.0
Madhya Pradesh,Indore,Sanwer,Onion,Other,2020-01-01,4000,4000,4000.0
Madhya Pradesh,Indore,Sanwer,Onion,Other,2020-01-04,3000,3500,3300.0
Madhya Pradesh,Indore,Sanwer,Onion,Other,2020-01-09,4000,4000,4000.0
Madhya Pradesh,Indore,Sanwer,Onion,Other,2020-01-10,3300,3300,3300.0
Madhya Pradesh,Indore,Sanwer,Onion,Other,2020-01-12,2500,3000,2800.0
Madhya Pradesh,Indore,Sanwer,Onion,Other,2020-01-14,2800,2800,2800.0
Madhya Pradesh,Indore,Sanwer,Onion,Other,2020-01-16,2500,2500,2500.0
Madhya Pradesh,Indore,Sanwer,Onion,Other,2020-01-19,2700,2900,2800.0
Madhya Pradesh,Indore,Sanwer,Onion,Other,2020-01-20,2500,2500,2500.0
Madhya Pradesh,Indore,Sanwer,Onion,Other,2020-01-25,2000,2000,2000.0
Madhya Pradesh,Indore,Sanwer,Onion,Other,2020-01-30,2500,2500,2500.0
Madhya Pradesh,Indore,Sanwer,Onion,Other,2020-02-01,2500,2500,2500.0
Madhya Pradesh,Indore,Sanwer,Onion,Other,2020-02-02,2300,2500,2400.0
Madhya Pradesh,Indore,Sanwer,Onion,Other,2020-02-04,2500,2500,2500.0
Madhya Pradesh,Indore,Sanwer,Onion,Other,2020-02-05,2400,2500,2450.0
Madhya Pradesh,Indore,Sanwer,Onion,Other,2020-02-10,1800,2000,1900.0
Madhya Pradesh,Indore,Sanwer,Onion,Other,2020-02-11,1800,2000,1900.0
Madhya Pradesh,Indore,Sanwer,Onion,Other,2020-02-12,1200,1300,1250.0
Madhya Pradesh,Indore,Sanwer,Onion,Other,2020-02-13,1200,1300,1250.0
Madhya Pradesh,Indore,Sanwer,Onion,Other,2020-02-14,1200,1300,1250.0
Madhya Pradesh,Indore,Sanwer,Onion,Other,2020-02-15,1200,1300,1250.0
Madhya Pradesh,Indore,Sanwer,Onion,Other,2020-02-16,1200,1300,1250.0
Madhya Pradesh,Indore,Sanwer,Onion,Other,2020-02-17,1200,1300,1250.0
Madhya Pradesh,Indore,Sanwer,Onion,Other,2020-02-18,1200,1300,1250.0
Madhya Pradesh,Indore,Sanwer,Onion,Other,2020-02-19,1200,1300,1250.0
Madhya Pradesh,Indore,Sanwer,Onion,Other,2020-02-20,1200,1300,1250.0
Madhya Pradesh,Indore,Sanwer,Onion,Other,2020-02-22,1200,1300,1250.0
Madhya Pradesh,Indore,Sanwer,Onion,Other,2020-02-24,1200,1300,1250.0
Madhya Pradesh,Indore,Sanwer,Onion,Other,2020-02-25,900,1000,950.0
Madhya Pradesh,Indore,Sanwer,Onion,Other,2020-02-26,1200,1300,1250.0
Madhya Pradesh,Indore,Sanwer,Onion,Other,2020-02-27,1100,1300,1200.0
Madhya Pradesh,Indore,Sanwer,Onion,Other,2020-02-28,1200,1300,1250.0
Madhya Pradesh,Indore,Sanwer,Onion,Other,2020-02-29,1100,1300,1200.0
Madhya Pradesh,Indore,Sanwer,Onion,Other,2020-03-01,900,1000,950.0
Madhya Pradesh,Indore,Sanwer,Onion,Other,2020-03-02,950,1050,1000.0
Madhya Pradesh,Indore,Sanwer,Onion,Other,2020-03-03,950,1050,1000.0
Madhya Pradesh,Indore,Sanwer,Onion,Other,2020-03-04,900,1000,950.0
Madhya Pradesh,Indore,Sanwer,Onion,Other,2020-03-05,950,1050,1000.0
Madhya Pradesh,Indore,Sanwer,Onion,Other,2020-03-06,900,1000,950.0
Madhya Pradesh,Indore,Sanwer,Onion,Other,2020-03-07,900,1000,950.0
Madhya Pradesh,Indore,Sanwer,Onion,Other,2020-03-08,900,1000,950.0
Madhya Pradesh,Indore,Sanwer,Onion,Other,2020-03-09,900,1000,950.0
Madhya Pradesh,Indore,Sanwer,Onion,Other,2020-03-11,900,1000,950.0
Madhya Pradesh,Indore,Sanwer,Onion,Other,2020-03-12,900,1000,950.0
Madhya Pradesh,Indore,Sanwer,Onion,Other,2020-03-13,900,1000,950.0
Madhya Pradesh,Indore,Sanwer,Onion,Other,2020-03-15,900,1000,950.0
Madhya Pradesh,Indore,Sanwer,Onion,Other,2020-03-16,900,1000,950.0
Madhya Pradesh,Indore,Sanwer,Onion,Other,2020-03-17,800,1000,900.0
Madhya Pradesh,Indore,Sanwer,Onion,Other,2020-03-18,800,1000,900.0
Madhya Pradesh,Indore,Sanwer,Onion,Other,2020-03-19,900,1000,950.0
Madhya Pradesh,Indore,Sanwer,Onion,Other,2020-03-20,900,1000,950.0
Madhya Pradesh,Indore,Sanwer,Onion,Other,2020-03-21,900,1000,950.0
Madhya Pradesh,Indore,Sanwer,Onion,Other,2020-03-26,1550,1650,1600.0
Madhya Pradesh,Indore,Sanwer,Onion,Other,2020-05-23,800,1000,900.0
Madhya Pradesh,Indore,Sanwer,Onion,Other,2020-05-24,800,1000,900.0
Madhya Pradesh,Indore,Sanwer,Onion,Other,2020-05-25,800,1000,950.0
Madhya Pradesh,Indore,Sanwer,Onion,Other,2020-05-26,800,1000,900.0
Madhya Pradesh,Indore,Sanwer,Onion,Other,2020-05-27,900,1000,950.0
Madhya Pradesh,Indore,Sanwer,Onion,Other,2020-05-28,700,900,800.0
Madhya Pradesh,Indore,Sanwer,Onion,Other,2020-05-29,800,1000,900.0
Madhya Pradesh,Indore,Sanwer,Onion,Other,2020-05-30,750,1000,900.0
Madhya Pradesh,Indore,Sanwer,Onion,Other,2020-05-31,800,1000,900.0
Madhya Pradesh,Indore,Sanwer,Onion,Other,2020-06-03,800,1000,900.0
Madhya Pradesh,Indore,Sanwer,Onion,Other,2020-06-05,800,1000,900.0
Madhya Pradesh,Indore,Sanwer,Onion,Other,2020-06-06,800,1000,900.0
Madhya Pradesh,Indore,Sanwer,Onion,Other,2020-06-07,800,1000,900.0
Madhya Pradesh,Indore,Sanwer,Onion,Other,2020-06-08,800,1000,900.0
Madhya Pradesh,Indore,Sanwer,Onion,Other,2020-06-09,600,800,700.0
Madhya Pradesh,Indore,Sanwer,Onion,Other,2020-06-10,750,850,800.0
Madhya Pradesh,Indore,Sanwer,Onion,Other,2020-06-11,800,1000,900.0
Madhya Pradesh,Indore,Sanwer,Onion,Other,2020-06-12,800,1000,900.0
Madhya Pradesh,Indore,Sanwer,Onion,Other,2020-06-13,800,1000,900.0
Madhya Pradesh,Indore,Sanwer,Onion,Other,2020-06-14,750,950,850.0
Madhya Pradesh,Indore,Sanwer,Onion,Other,2020-06-15,900,1000,950.0
Madhya Pradesh,Indore,Sanwer,Onion,Other,2020-06-16,750,850,800.0
Madhya Pradesh,Indore,Sanwer,Onion,Other,2020-06-17,800,850,825.0
Madhya Pradesh,Indore,Sanwer,Onion,Other,2020-06-18,800,1000,900.0
Madhya Pradesh,Indore,Sanwer,Onion,Other,2020-06-19,750,850,800.0
Madhya Pradesh,Indore,Sanwer,Onion,Other,2020-06-20,750,950,850.0
Madhya Pradesh,Indore,Sanwer,Onion,Other,2020-06-21,700,800,750.0
Madhya Pradesh,Indore,Sanwer,Onion,Other,2020-06-22,700,800,750.0
Madhya Pradesh,Indore,Sanwer,Onion,Other,2020-06-23,700,800,750.0
Madhya Pradesh,Indore,Sanwer,Onion,Other,2020-06-24,750,850,800.0
Madhya Pradesh,Indore,Sanwer,Onion,Other,2020-06-25,750,850,800.0
Madhya Pradesh,Indore,Sanwer,Onion,Other,2020-06-26,750,850,800.0
Madhya Pradesh,Indore,Sanwer,Onion,Other,2020-06-27,750,850,800.0
Madhya Pradesh,Indore,Sanwer,Onion,Other,2020-06-28,750,850,800.0
Madhya Pradesh,Indore,Sanwer,Onion,Other,2020-06-29,750,850,800.0
Madhya Pradesh,Indore,Sanwer,Onion,Other,2020-06-30,750,850,800.0
Madhya Pradesh,Indore,Sanwer,Onion,Other,2020-07-02,800,850,825.0
Madhya Pradesh,Indore,Sanwer,Onion,Other,2020-07-03,800,850,825.0
Madhya Pradesh,Indore,Sanwer,Onion,Other,2020-07-04,800,850,825.0
Madhya Pradesh,Indore,Sanwer,Onion,Other,2020-07-05,800,850,825.0
Madhya Pradesh,Indore,Sanwer,Onion,Other,2020-07-06,800,850,825.0
Madhya Pradesh,Indore,Sanwer,Onion,Other,2020-07-07,800,850,825.0
Madhya Pradesh,Indore,Sanwer,Onion,Other,2020-07-08,800,850,825.0
Madhya Pradesh,Indore,Sanwer,Onion,Other,2020-07-09,800,850,825.0
Madhya Pradesh,Indore,Sanwer,Onion,Other,2020-07-10,750,850,800.0
Madhya Pradesh,Indore,Sanwer,Onion,Other,2020-07-11,900,1000,950.0
Madhya Pradesh,Indore,Sanwer,Onion,Other,2020-07-13,600,800,700.0
Madhya Pradesh,Indore,Sanwer,Onion,Other,2020-07-14,600,800,700.0
Madhya Pradesh,Indore,Sanwer,Onion,Other,2020-07-15,600,800,700.0
Madhya Pradesh,Indore,Sanwer,Onion,Other,2020-07-17,600,800,700.0
Madhya Pradesh,Indore,Sanwer,Onion,Other,2020-07-18,800,850,825.0
Madhya Pradesh,Indore,Sanwer,Onion,Other,2020-07-20,800,850,825.0
Madhya Pradesh,Indore,Sanwer,Onion,Other,2020-07-21,800,850,825.0
Madhya Pradesh,Indore,Sanwer,Onion,Other,2020-07-22,700,900,800.0
Madhya Pradesh,Indore,Sanwer,Onion,Other,2020-07-24,900,1000,950.0
Madhya Pradesh,Indore,Sanwer,Onion,Other,2020-07-25,800,850,825.0
Madhya Pradesh,Indore,Sanwer,Onion,Other,2020-07-27,800,850,825.0
Madhya Pradesh,Indore,Sanwer,Onion,Other,2020-07-28,800,850,825.0
Madhya Pradesh,Indore,Sanwer,Onion,Other,2020-07-29,850,900,875.0
Madhya Pradesh,Indore,Sanwer,Onion,Other,2020-07-30,900,950,925.0
Madhya Pradesh,Indore,Sanwer,Onion,Other,2020-07-31,900,950,925.0
Madhya Pradesh,Indore,Sanwer,Onion,Other,2020-08-01,750,850,800.0
Madhya Pradesh,Indore,Sanwer,Onion,Other,2020-08-02,750,850,800.0
Madhya Pradesh,Indore,Sanwer,Onion,Other,2020-08-04,700,800,750.0
Madhya Pradesh,Indore,Sanwer,Onion,Other,2020-08-05,750,800,775.0
Madhya Pradesh,Indore,Sanwer,Onion,Other,2020-08-06,800,850,825.0
Madhya Pradesh,Indore,Sanwer,Onion,Other,2020-08-07,850,900,875.0
Madhya Pradesh,Indore,Sanwer,Onion,Other,2020-08-08,850,900,875.0
Madhya Pradesh,Indore,Sanwer,Onion,Other,2020-08-10,900,950,925.0
Madhya Pradesh,Indore,Sanwer,Onion,Other,2020-08-11,800,900,850.0
Madhya Pradesh,Indore,Sanwer,Onion,Other,2020-08-12,650,750,700.0
Madhya Pradesh,Indore,Sanwer,Onion,Other,2020-08-13,800,850,825.0
Madhya Pradesh,Indore,Sanwer,Onion,Other,2020-08-14,825,875,850.0
Madhya Pradesh,Indore,Sanwer,Onion,Other,2020-08-17,825,875,850.0
Madhya Pradesh,Indore,Sanwer,Onion,Other,2020-08-18,800,850,825.0
Madhya Pradesh,Indore,Sanwer,Onion,Other,2020-08-19,825,875,850.0
Madhya Pradesh,Indore,Sanwer,Onion,Other,2020-08-20,850,900,875.0
Madhya Pradesh,Indore,Sanwer,Onion,Other,2020-08-21,875,925,900.0
Madhya Pradesh,Indore,Sanwer,Onion,Other,2020-08-24,900,950,925.0
Madhya Pradesh,Indore,Sanwer,Onion,Other,2020-08-25,925,975,950.0
Madhya Pradesh,Indore,Sanwer,Onion,Other,2020-08-26,800,850,825.0
Madhya Pradesh,Indore,Sanwer,Onion,Other,2020-08-27,825,875,850.0
Madhya Pradesh,Indore,Sanwer,Onion,Other,2020-08-28,900,950,925.0
Madhya Pradesh,Indore,Sanwer,Onion,Other,2020-08-29,850,900,875.0
Madhya Pradesh,Indore,Sanwer,Onion,Other,2020-08-31,850,950,900.0
Madhya Pradesh,Indore,Sanwer,Onion,Other,2020-09-01,825,875,850.0
Madhya Pradesh,Indore,Sanwer,Onion,Other,2020-09-02,825,875,850.0
Madhya Pradesh,Indore,Sanwer,Onion,Other,2020-09-08,850,900,875.0
Madhya Pradesh,Indore,Sanwer,Onion,Other,2020-09-09,850,900,875.0
Madhya Pradesh,Indore,Sanwer,Onion,Other,2020-09-10,800,900,850.0
Madhya Pradesh,Indore,Sanwer,Onion,Other,2020-09-11,800,900,850.0
Madhya Pradesh,Indore,Sanwer,Onion,Other,2020-09-12,700,900,800.0
Madhya Pradesh,Indore,Sanwer,Onion,Other,2020-09-13,800,950,900.0
Madhya Pradesh,Indore,Sanwer,Onion,Other,2020-09-14,775,875,850.0
Madhya Pradesh,Indore,Sanwer,Onion,Other,2020-09-15,800,900,850.0
Madhya Pradesh,Indore,Sanwer,Onion,Other,2020-09-16,800,900,850.0
Madhya Pradesh,Satna,Satna(F&V),Onion,Other,2020-01-03,4500,4500,4500.0
Madhya Pradesh,Satna,Satna(F&V),Onion,Other,2020-02-18,3000,3000,3000.0
Madhya Pradesh,Satna,Satna(F&V),Onion,Other,2020-02-20,3000,3000,3000.0
Madhya Pradesh,Satna,Satna(F&V),Onion,Other,2020-02-24,3000,3000,3000.0
Madhya Pradesh,Satna,Satna(F&V),Onion,Other,2020-02-25,3000,3000,3000.0
Madhya Pradesh,Satna,Satna(F&V),Onion,Other,2020-02-27,3000,3000,3000.0
Madhya Pradesh,Satna,Satna(F&V),Onion,Other,2020-03-05,2500,2500,2500.0
Madhya Pradesh,Satna,Satna(F&V),Onion,Other,2020-03-08,2500,2500,2500.0
Madhya Pradesh,Satna,Satna(F&V),Onion,Other,2020-03-16,2000,2000,2000.0
Madhya Pradesh,Satna,Satna(F&V),Onion,Other,2020-03-19,1800,1800,1800.0
Madhya Pradesh,Satna,Satna(F&V),Onion,Other,2020-04-14,600,600,600.0
Madhya Pradesh,Satna,Satna(F&V),Onion,Other,2020-04-19,600,600,600.0
Madhya Pradesh,Satna,Satna(F&V),Onion,Other,2020-04-29,600,600,600.0
Madhya Pradesh,Satna,Satna(F&V),Onion,Other,2020-05-06,600,600,600.0
Madhya Pradesh,Satna,Satna(F&V),Onion,Other,2020-05-14,600,600,600.0
Madhya Pradesh,Satna,Satna(F&V),Onion,Other,2020-05-15,600,600,600.0
Madhya Pradesh,Satna,Satna(F&V),Onion,Other,2020-05-18,600,600,600.0
Madhya Pradesh,Satna,Satna(F&V),Onion,Other,2020-05-22,600,600,600.0
Madhya Pradesh,Satna,Satna(F&V),Onion,Other,2020-06-08,400,400,400.0
Madhya Pradesh,Satna,Satna(F&V),Onion,Other,2020-06-19,901,1131,1032.0
Madhya Pradesh,Satna,Satna(F&V),Onion,Other,2020-06-20,610,1220,1100.0
Madhya Pradesh,Satna,Satna(F&V),Onion,Other,2020-06-21,650,1325,1130.0
Madhya Pradesh,Satna,Satna(F&V),Onion,Other,2020-06-22,850,1274,1050.0
Madhya Pradesh,Satna,Satna(F&V),Onion,Other,2020-06-24,632,632,632.0
Madhya Pradesh,Satna,Satna(F&V),Onion,Other,2020-07-09,600,600,600.0
Madhya Pradesh,Satna,Satna(F&V),Onion,Other,2020-07-10,589,589,589.0
Madhya Pradesh,Satna,Satna(F&V),Onion,Other,2020-07-21,800,1000,900.0
Madhya Pradesh,Sehore,Sehore APMC,Onion,Other,2020-01-01,2000,4300,4000.0
Madhya Pradesh,Sehore,Sehore APMC,Onion,Other,2020-01-02,3001,3600,3600.0
Madhya Pradesh,Sehore,Sehore APMC,Onion,Other,2020-01-03,3500,4800,4700.0
Madhya Pradesh,Sehore,Sehore APMC,Onion,Other,2020-01-04,1010,4700,3101.0
Madhya Pradesh,Sehore,Sehore APMC,Onion,Other,2020-01-06,1001,3601,3460.0
Madhya Pradesh,Sehore,Sehore APMC,Onion,Other,2020-01-07,1500,4851,3401.0
Madhya Pradesh,Sehore,Sehore APMC,Onion,Other,2020-01-08,3315,3671,3671.0
Madhya Pradesh,Sehore,Sehore APMC,Onion,Other,2020-01-09,1014,3526,3200.0
Madhya Pradesh,Sehore,Sehore APMC,Onion,Other,2020-01-10,1700,3352,3301.0
Madhya Pradesh,Sehore,Sehore APMC,Onion,Other,2020-01-13,1100,3201,3000.0
Madhya Pradesh,Sehore,Sehore APMC,Onion,Other,2020-01-15,3200,3200,3200.0
Madhya Pradesh,Sehore,Sehore APMC,Onion,Other,2020-01-17,1000,3150,2476.0
Madhya Pradesh,Sehore,Sehore APMC,Onion,Other,2020-01-18,100,100,100.0
Madhya Pradesh,Sehore,Sehore APMC,Onion,Other,2020-01-20,1921,3636,3636.0
Madhya Pradesh,Sehore,Sehore APMC,Onion,Other,2020-01-21,3300,3300,3300.0
Madhya Pradesh,Sehore,Sehore APMC,Onion,Other,2020-01-22,3550,3550,3550.0
Madhya Pradesh,Sehore,Sehore APMC,Onion,Other,2020-01-23,1200,3300,2800.0
Madhya Pradesh,Sehore,Sehore APMC,Onion,Other,2020-02-03,2260,2260,2260.0
Madhya Pradesh,Sehore,Sehore APMC,Onion,Other,2020-02-04,1300,2400,2354.0
Madhya Pradesh,Sehore,Sehore APMC,Onion,Other,2020-02-07,601,1889,1252.0
Madhya Pradesh,Sehore,Sehore APMC,Onion,Other,2020-02-10,1245,1624,1501.0
Madhya Pradesh,Sehore,Sehore APMC,Onion,Other,2020-02-12,600,1950,1251.0
Madhya Pradesh,Sehore,Sehore APMC,Onion,Other,2020-02-26,802,1811,1371.0
Madhya Pradesh,Sehore,Sehore APMC,Onion,Other,2020-02-27,601,1352,853.0
Madhya Pradesh,Sehore,Sehore APMC,Onion,Other,2020-02-28,501,1835,1370.0
Madhya Pradesh,Sehore,Sehore APMC,Onion,Other,2020-02-29,350,1600,870.0
Madhya Pradesh,Sehore,Sehore APMC,Onion,Other,2020-03-02,505,1313,750.0
Madhya Pradesh,Sehore,Sehore APMC,Onion,Other,2020-03-03,452,1540,1233.0
Madhya Pradesh,Sehore,Sehore APMC,Onion,Other,2020-03-04,300,1306,651.0
Madhya Pradesh,Sehore,Sehore APMC,Onion,Other,2020-03-05,500,1367,1181.0
Madhya Pradesh,Sehore,Sehore APMC,Onion,Other,2020-03-06,551,1350,1049.0
Madhya Pradesh,Sehore,Sehore APMC,Onion,Other,2020-03-07,455,1353,801.0
Madhya Pradesh,Sehore,Sehore APMC,Onion,Other,2020-03-09,400,1499,1010.0
Madhya Pradesh,Sehore,Sehore APMC,Onion,Other,2020-03-12,100,751,470.0
Madhya Pradesh,Sehore,Sehore APMC,Onion,Other,2020-03-13,300,1803,1451.0
Madhya Pradesh,Sehore,Sehore APMC,Onion,Other,2020-03-16,650,1701,1201.0
Madhya Pradesh,Sehore,Sehore APMC,Onion,Other,2020-03-17,506,1554,1040.0
Madhya Pradesh,Sehore,Sehore APMC,Onion,Other,2020-03-19,301,1141,811.0
Madhya Pradesh,Sehore,Sehore APMC,Onion,Other,2020-03-20,441,1280,751.0
Madhya Pradesh,Sehore,Sehore APMC,Onion,Other,2020-03-21,300,1220,815.0
Madhya Pradesh,Sehore,Sehore APMC,Onion,Other,2020-04-13,800,1100,1000.0
Madhya Pradesh,Sehore,Sehore APMC,Onion,Other,2020-04-14,800,1100,900.0
Madhya Pradesh,Sehore,Sehore APMC,Onion,Other,2020-04-15,600,1000,800.0
Madhya Pradesh,Sehore,Sehore APMC,Onion,Other,2020-04-16,400,1100,800.0
Madhya Pradesh,Sehore,Sehore APMC,Onion,Other,2020-04-27,500,1200,800.0
Madhya Pradesh,Sehore,Sehore APMC,Onion,Other,2020-04-28,400,1000,700.0
Madhya Pradesh,Sehore,Sehore APMC,Onion,Other,2020-04-29,600,1000,800.0
Madhya Pradesh,Sehore,Sehore APMC,Onion,Other,2020-05-01,500,1000,800.0
Madhya Pradesh,Sehore,Sehore APMC,Onion,Other,2020-05-02,400,1000,800.0
Madhya Pradesh,Sehore,Sehore APMC,Onion,Other,2020-05-05,300,350,350.0
Madhya Pradesh,Sehore,Sehore APMC,Onion,Other,2020-05-11,200,200,200.0
Madhya Pradesh,Sehore,Sehore APMC,Onion,Other,2020-05-15,111,600,450.0
Madhya Pradesh,Sehore,Sehore APMC,Onion,Other,2020-05-16,154,600,461.0
Madhya Pradesh,Sehore,Sehore APMC,Onion,Other,2020-05-18,121,602,515.0
Madhya Pradesh,Sehore,Sehore APMC,Onion,Other,2020-05-19,176,611,541.0
Madhya Pradesh,Sehore,Sehore APMC,Onion,Other,2020-05-20,150,601,511.0
Madhya Pradesh,Sehore,Sehore APMC,Onion,Other,2020-05-21,150,591,390.0
Madhya Pradesh,Sehore,Sehore APMC,Onion,Other,2020-05-26,150,590,361.0
Madhya Pradesh,Sehore,Sehore APMC,Onion,Other,2020-05-28,106,651,450.0
Madhya Pradesh,Sehore,Sehore APMC,Onion,Other,2020-05-29,200,617,530.0
Madhya Pradesh,Sehore,Sehore APMC,Onion,Other,2020-05-30,245,667,500.0
Madhya Pradesh,Sehore,Sehore APMC,Onion,Other,2020-06-01,151,670,488.0
Madhya Pradesh,Sehore,Sehore APMC,Onion,Other,2020-06-02,201,671,450.0
Madhya Pradesh,Sehore,Sehore APMC,Onion,Other,2020-06-03,210,690,450.0
Madhya Pradesh,Sehore,Sehore APMC,Onion,Other,2020-06-04,216,800,600.0
Madhya Pradesh,Sehore,Sehore APMC,Onion,Other,2020-06-05,202,814,565.0
Madhya Pradesh,Sehore,Sehore APMC,Onion,Other,2020-06-06,200,897,617.0
Madhya Pradesh,Sehore,Sehore APMC,Onion,Other,2020-06-09,215,941,625.0
Madhya Pradesh,Sehore,Sehore APMC,Onion,Other,2020-06-10,200,951,751.0
Madhya Pradesh,Sehore,Sehore APMC,Onion,Other,2020-06-11,200,944,675.0
Madhya Pradesh,Sehore,Sehore APMC,Onion,Other,2020-06-12,200,936,680.0
Madhya Pradesh,Sehore,Sehore APMC,Onion,Other,2020-06-15,200,891,670.0
Madhya Pradesh,Sehore,Sehore APMC,Onion,Other,2020-06-16,200,830,635.0
Madhya Pradesh,Sehore,Sehore APMC,Onion,Other,2020-06-17,152,865,606.0
Madhya Pradesh,Sehore,Sehore APMC,Onion,Other,2020-06-18,206,886,580.0
Madhya Pradesh,Sehore,Sehore APMC,Onion,Other,2020-06-19,300,903,720.0
Madhya Pradesh,Sehore,Sehore APMC,Onion,Other,2020-06-20,200,926,680.0
Madhya Pradesh,Sehore,Sehore APMC,Onion,Other,2020-06-22,250,946,756.0
Madhya Pradesh,Sehore,Sehore APMC,Onion,Other,2020-06-23,251,970,525.0
Madhya Pradesh,Sehore,Sehore APMC,Onion,Other,2020-06-25,300,876,725.0
Madhya Pradesh,Sehore,Sehore APMC,Onion,Other,2020-06-26,211,918,725.0
Madhya Pradesh,Sehore,Sehore APMC,Onion,Other,2020-06-29,250,946,740.0
Madhya Pradesh,Sehore,Sehore APMC,Onion,Other,2020-06-30,250,959,706.0
Madhya Pradesh,Sehore,Sehore APMC,Onion,Other,2020-07-01,203,949,766.0
Madhya Pradesh,Sehore,Sehore APMC,Onion,Other,2020-07-02,200,970,711.0
Madhya Pradesh,Sehore,Sehore APMC,Onion,Other,2020-07-03,200,969,750.0
Madhya Pradesh,Sehore,Sehore APMC,Onion,Other,2020-07-04,255,990,802.0
Madhya Pradesh,Sehore,Sehore APMC,Onion,Other,2020-07-13,200,945,620.0
Madhya Pradesh,Sehore,Sehore APMC,Onion,Other,2020-07-14,251,958,816.0
Madhya Pradesh,Sehore,Sehore APMC,Onion,Other,2020-07-15,200,1005,721.0
Madhya Pradesh,Sehore,Sehore APMC,Onion,Other,2020-07-17,200,950,767.0
Madhya Pradesh,Sehore,Sehore APMC,Onion,Other,2020-07-18,210,900,720.0
Madhya Pradesh,Sehore,Sehore APMC,Onion,Other,2020-07-21,255,935,752.0
Madhya Pradesh,Sehore,Sehore APMC,Onion,Other,2020-07-22,255,915,730.0
Madhya Pradesh,Sehore,Sehore APMC,Onion,Other,2020-07-23,266,890,700.0
Madhya Pradesh,Sehore,Sehore APMC,Onion,Other,2020-07-24,200,921,750.0
Madhya Pradesh,Sehore,Sehore APMC,Onion,Other,2020-07-28,200,895,728.0
Madhya Pradesh,Sehore,Sehore APMC,Onion,Other,2020-07-29,200,901,746.0
Madhya Pradesh,Sehore,Sehore APMC,Onion,Other,2020-07-30,200,857,700.0
Madhya Pradesh,Sehore,Sehore APMC,Onion,Other,2020-08-04,256,825,666.0
Madhya Pradesh,Sehore,Sehore APMC,Onion,Other,2020-08-05,200,863,700.0
Madhya Pradesh,Sehore,Sehore APMC,Onion,Other,2020-08-06,200,852,745.0
Madhya Pradesh,Sehore,Sehore APMC,Onion,Other,2020-08-07,300,894,715.0
Madhya Pradesh,Sehore,Sehore APMC,Onion,Other,2020-08-10,200,925,845.0
Madhya Pradesh,Sehore,Sehore APMC,Onion,Other,2020-08-11,200,903,726.0
Madhya Pradesh,Sehore,Sehore APMC,Onion,Other,2020-08-13,335,960,776.0
Madhya Pradesh,Sehore,Sehore APMC,Onion,Other,2020-08-14,200,962,740.0
Madhya Pradesh,Sehore,Sehore APMC,Onion,Other,2020-08-17,200,1022,871.0
Madhya Pradesh,Sehore,Sehore APMC,Onion,Other,2020-08-18,300,1138,875.0
Madhya Pradesh,Sehore,Sehore APMC,Onion,Other,2020-08-20,375,1457,1206.0
Madhya Pradesh,Sehore,Sehore APMC,Onion,Other,2020-08-24,270,1300,1125.0
Madhya Pradesh,Sehore,Sehore APMC,Onion,Other,2020-08-25,400,1346,1050.0
Madhya Pradesh,Sehore,Sehore APMC,Onion,Other,2020-08-28,200,1611,1344.0
Madhya Pradesh,Sehore,Sehore APMC,Onion,Other,2020-08-29,1390,1518,1500.0
Madhya Pradesh,Sehore,Sehore APMC,Onion,Other,2020-08-31,321,1520,1250.0
Madhya Pradesh,Sehore,Sehore APMC,Onion,Other,2020-09-01,200,1743,1451.0
Madhya Pradesh,Sehore,Sehore APMC,Onion,Other,2020-09-02,400,2101,1750.0
Madhya Pradesh,Sehore,Sehore APMC,Onion,Other,2020-09-08,200,2300,1785.0
Madhya Pradesh,Sehore,Sehore APMC,Onion,Other,2020-09-09,285,2800,2200.0
Madhya Pradesh,Sehore,Sehore APMC,Onion,Other,2020-09-10,200,2700,2150.0
Madhya Pradesh,Sehore,Sehore APMC,Onion,Other,2020-09-11,200,2630,2052.0
Madhya Pradesh,Sehore,Sehore APMC,Onion,Other,2020-09-14,500,3107,2656.0
Madhya Pradesh,Sehore,Sehore APMC,Onion,Other,2020-09-15,501,2499,2022.0
Madhya Pradesh,Badwani,Sendhwa,Onion,Red,2020-09-15,700,1000,850.0
Madhya Pradesh,Badwani,Sendhwa,Onion,Red,2020-09-16,400,600,500.0
Madhya Pradesh,Shajapur,Shajapur APMC (F&V),Onion,Onion,2020-01-03,1000,3800,2400.0
Madhya Pradesh,Shajapur,Shajapur APMC (F&V),Onion,Onion,2020-01-05,700,3800,2250.0
Madhya Pradesh,Shajapur,Shajapur APMC (F&V),Onion,Onion,2020-01-06,1000,4000,2500.0
Madhya Pradesh,Shajapur,Shajapur APMC (F&V),Onion,Onion,2020-01-07,800,3800,2300.0
Madhya Pradesh,Shajapur,Shajapur APMC (F&V),Onion,Onion,2020-01-08,800,4000,2400.0
Madhya Pradesh,Shajapur,Shajapur APMC (F&V),Onion,Onion,2020-01-09,800,3800,2300.0
Madhya Pradesh,Shajapur,Shajapur APMC (F&V),Onion,Onion,2020-01-10,600,3800,2200.0
Madhya Pradesh,Shajapur,Shajapur APMC (F&V),Onion,Onion,2020-01-13,600,3200,1900.0
Madhya Pradesh,Shajapur,Shajapur APMC (F&V),Onion,Onion,2020-01-14,600,3400,2000.0
Madhya Pradesh,Shajapur,Shajapur APMC (F&V),Onion,Onion,2020-01-17,700,3400,2050.0
Madhya Pradesh,Shajapur,Shajapur APMC (F&V),Onion,Onion,2020-01-19,800,4000,2400.0
Madhya Pradesh,Shajapur,Shajapur APMC (F&V),Onion,Onion,2020-01-20,600,4500,2550.0
Madhya Pradesh,Shajapur,Shajapur APMC (F&V),Onion,Onion,2020-01-21,700,4500,2600.0
Madhya Pradesh,Shajapur,Shajapur APMC (F&V),Onion,Onion,2020-01-22,600,4000,2300.0
Madhya Pradesh,Shajapur,Shajapur APMC (F&V),Onion,Onion,2020-01-23,500,3500,2000.0
Madhya Pradesh,Shajapur,Shajapur APMC (F&V),Onion,Onion,2020-01-24,500,3600,2050.0
Madhya Pradesh,Shajapur,Shajapur APMC (F&V),Onion,Onion,2020-01-26,600,3100,1850.0
Madhya Pradesh,Shajapur,Shajapur APMC (F&V),Onion,Onion,2020-01-27,600,3100,1850.0
Madhya Pradesh,Shajapur,Shajapur APMC (F&V),Onion,Onion,2020-01-28,500,2800,1650.0
Madhya Pradesh,Shajapur,Shajapur APMC (F&V),Onion,Onion,2020-01-29,500,2650,1575.0
Madhya Pradesh,Shajapur,Shajapur APMC (F&V),Onion,Onion,2020-01-30,400,2600,1500.0
Madhya Pradesh,Shajapur,Shajapur APMC (F&V),Onion,Onion,2020-01-31,400,2500,1450.0
Madhya Pradesh,Shajapur,Shajapur APMC (F&V),Onion,Onion,2020-02-03,500,2600,1550.0
Madhya Pradesh,Shajapur,Shajapur APMC (F&V),Onion,Onion,2020-02-04,400,2500,1450.0
Madhya Pradesh,Shajapur,Shajapur APMC (F&V),Onion,Onion,2020-02-05,300,2300,1300.0
Madhya Pradesh,Shajapur,Shajapur APMC (F&V),Onion,Onion,2020-02-06,400,2000,1200.0
Madhya Pradesh,Shajapur,Shajapur APMC (F&V),Onion,Onion,2020-02-07,400,2000,1200.0
Madhya Pradesh,Shajapur,Shajapur APMC (F&V),Onion,Onion,2020-02-09,400,2100,1250.0
Madhya Pradesh,Shajapur,Shajapur APMC (F&V),Onion,Onion,2020-02-10,300,2200,1250.0
Madhya Pradesh,Shajapur,Shajapur APMC (F&V),Onion,Onion,2020-02-11,300,2200,1250.0
Madhya Pradesh,Shajapur,Shajapur APMC (F&V),Onion,Onion,2020-02-12,300,2200,1250.0
Madhya Pradesh,Shajapur,Shajapur APMC (F&V),Onion,Onion,2020-02-13,400,2200,1300.0
Madhya Pradesh,Shajapur,Shajapur APMC (F&V),Onion,Onion,2020-02-16,300,2300,1300.0
Madhya Pradesh,Shajapur,Shajapur APMC (F&V),Onion,Onion,2020-02-17,300,2100,1100.0
Madhya Pradesh,Shajapur,Shajapur APMC (F&V),Onion,Onion,2020-02-18,300,2100,1200.0
Madhya Pradesh,Shajapur,Shajapur APMC (F&V),Onion,Onion,2020-02-22,2000,3500,3000.0
Madhya Pradesh,Shajapur,Shajapur APMC (F&V),Onion,Onion,2020-02-23,400,2200,1300.0
Madhya Pradesh,Shajapur,Shajapur APMC (F&V),Onion,Onion,2020-02-24,300,2200,1250.0
Madhya Pradesh,Shajapur,Shajapur APMC (F&V),Onion,Onion,2020-02-25,300,2000,1150.0
Madhya Pradesh,Shajapur,Shajapur APMC (F&V),Onion,Onion,2020-02-26,300,1900,1100.0
Madhya Pradesh,Shajapur,Shajapur APMC (F&V),Onion,Onion,2020-02-27,300,2200,1250.0
Madhya Pradesh,Shajapur,Shajapur APMC (F&V),Onion,Onion,2020-02-28,300,2200,1250.0
Madhya Pradesh,Shajapur,Shajapur APMC (F&V),Onion,Onion,2020-03-01,400,1900,1150.0
Madhya Pradesh,Shajapur,Shajapur APMC (F&V),Onion,Onion,2020-03-02,321,2000,1161.0
Madhya Pradesh,Shajapur,Shajapur APMC (F&V),Onion,Onion,2020-03-03,321,2200,1261.0
Madhya Pradesh,Shajapur,Shajapur APMC (F&V),Onion,Onion,2020-03-04,425,1785,1105.0
Madhya Pradesh,Shajapur,Shajapur APMC (F&V),Onion,Onion,2020-03-05,385,1700,1043.0
Madhya Pradesh,Shajapur,Shajapur APMC (F&V),Onion,Onion,2020-03-06,300,1700,1000.0
Madhya Pradesh,Shajapur,Shajapur APMC (F&V),Onion,Onion,2020-03-15,300,1650,975.0
Madhya Pradesh,Shajapur,Shajapur APMC (F&V),Onion,Onion,2020-03-17,325,1675,1000.0
Madhya Pradesh,Shajapur,Shajapur APMC (F&V),Onion,Onion,2020-03-18,400,1600,1000.0
Madhya Pradesh,Shajapur,Shajapur APMC (F&V),Onion,Onion,2020-03-21,500,2000,800.0
Madhya Pradesh,Shajapur,Shajapur APMC (F&V),Onion,Onion,2020-04-15,600,600,600.0
Madhya Pradesh,Shajapur,Shajapur APMC (F&V),Onion,Onion,2020-04-16,600,600,600.0
Madhya Pradesh,Shajapur,Shajapur APMC (F&V),Onion,Onion,2020-04-17,600,821,821.0
Madhya Pradesh,Shajapur,Shajapur APMC (F&V),Onion,Onion,2020-04-18,500,500,500.0
Madhya Pradesh,Shajapur,Shajapur APMC (F&V),Onion,Onion,2020-04-20,475,500,500.0
Madhya Pradesh,Shajapur,Shajapur APMC (F&V),Onion,Onion,2020-04-21,450,475,475.0
Madhya Pradesh,Shajapur,Shajapur APMC (F&V),Onion,Onion,2020-04-24,400,400,400.0
Madhya Pradesh,Shajapur,Shajapur APMC (F&V),Onion,Onion,2020-04-25,400,400,400.0
Madhya Pradesh,Shajapur,Shajapur APMC (F&V),Onion,Onion,2020-04-27,375,751,435.0
Madhya Pradesh,Shajapur,Shajapur APMC (F&V),Onion,Onion,2020-04-28,350,731,730.0
Madhya Pradesh,Shajapur,Shajapur APMC (F&V),Onion,Onion,2020-04-29,325,735,400.0
Madhya Pradesh,Shajapur,Shajapur APMC (F&V),Onion,Onion,2020-05-12,200,600,400.0
Madhya Pradesh,Shajapur,Shajapur APMC (F&V),Onion,Onion,2020-05-13,200,600,400.0
Madhya Pradesh,Shajapur,Shajapur APMC (F&V),Onion,Onion,2020-05-14,200,678,400.0
Madhya Pradesh,Shajapur,Shajapur APMC (F&V),Onion,Onion,2020-05-15,200,650,400.0
Madhya Pradesh,Shajapur,Shajapur APMC (F&V),Onion,Onion,2020-05-16,200,650,425.0
Madhya Pradesh,Shajapur,Shajapur APMC (F&V),Onion,Onion,2020-05-17,210,620,400.0
Madhya Pradesh,Shajapur,Shajapur APMC (F&V),Onion,Onion,2020-05-18,200,584,367.0
Madhya Pradesh,Shajapur,Shajapur APMC (F&V),Onion,Onion,2020-05-19,200,628,324.0
Madhya Pradesh,Shajapur,Shajapur APMC (F&V),Onion,Onion,2020-05-20,200,628,324.0
Madhya Pradesh,Shajapur,Shajapur APMC (F&V),Onion,Onion,2020-05-21,200,630,415.0
Madhya Pradesh,Shajapur,Shajapur APMC (F&V),Onion,Onion,2020-05-22,150,550,350.0
Madhya Pradesh,Shajapur,Shajapur APMC (F&V),Onion,Onion,2020-05-23,150,630,390.0
Madhya Pradesh,Shajapur,Shajapur APMC (F&V),Onion,Onion,2020-05-24,400,400,400.0
Madhya Pradesh,Shajapur,Shajapur APMC (F&V),Onion,Onion,2020-05-25,450,450,450.0
Madhya Pradesh,Shajapur,Shajapur APMC (F&V),Onion,Onion,2020-05-26,200,600,350.0
Madhya Pradesh,Shajapur,Shajapur APMC (F&V),Onion,Onion,2020-05-28,200,650,425.0
Madhya Pradesh,Shajapur,Shajapur APMC (F&V),Onion,Onion,2020-05-29,150,630,300.0
Madhya Pradesh,Shajapur,Shajapur APMC (F&V),Onion,Onion,2020-05-30,200,711,456.0
Madhya Pradesh,Shajapur,Shajapur APMC (F&V),Onion,Onion,2020-05-31,200,700,600.0
Madhya Pradesh,Shajapur,Shajapur APMC (F&V),Onion,Onion,2020-06-02,200,740,470.0
Madhya Pradesh,Shajapur,Shajapur APMC (F&V),Onion,Onion,2020-06-03,200,812,500.0
Madhya Pradesh,Shajapur,Shajapur APMC (F&V),Onion,Onion,2020-06-04,200,825,573.0
Madhya Pradesh,Shajapur,Shajapur APMC (F&V),Onion,Onion,2020-06-05,200,750,550.0
Madhya Pradesh,Shajapur,Shajapur APMC (F&V),Onion,Onion,2020-06-06,300,850,600.0
Madhya Pradesh,Shajapur,Shajapur APMC (F&V),Onion,Onion,2020-06-07,300,850,560.0
Madhya Pradesh,Shajapur,Shajapur APMC (F&V),Onion,Onion,2020-06-08,200,1111,750.0
Madhya Pradesh,Shajapur,Shajapur APMC (F&V),Onion,Onion,2020-06-09,200,950,700.0
Madhya Pradesh,Shajapur,Shajapur APMC (F&V),Onion,Onion,2020-06-10,200,907,720.0
Madhya Pradesh,Shajapur,Shajapur APMC (F&V),Onion,Onion,2020-06-11,200,975,750.0
Madhya Pradesh,Shajapur,Shajapur APMC (F&V),Onion,Onion,2020-06-12,150,900,700.0
Madhya Pradesh,Shajapur,Shajapur APMC (F&V),Onion,Onion,2020-06-13,100,907,720.0
Madhya Pradesh,Shajapur,Shajapur APMC (F&V),Onion,Onion,2020-06-14,300,880,650.0
Madhya Pradesh,Shajapur,Shajapur APMC (F&V),Onion,Onion,2020-06-15,200,900,750.0
Madhya Pradesh,Shajapur,Shajapur APMC (F&V),Onion,Onion,2020-06-16,150,950,750.0
Madhya Pradesh,Shajapur,Shajapur APMC (F&V),Onion,Onion,2020-06-17,200,900,700.0
Madhya Pradesh,Shajapur,Shajapur APMC (F&V),Onion,Onion,2020-06-18,200,910,700.0
Madhya Pradesh,Shajapur,Shajapur APMC (F&V),Onion,Onion,2020-06-19,200,960,725.0
Madhya Pradesh,Shajapur,Shajapur APMC (F&V),Onion,Onion,2020-06-20,100,900,700.0
Madhya Pradesh,Shajapur,Shajapur APMC (F&V),Onion,Onion,2020-06-21,100,900,600.0
Madhya Pradesh,Shajapur,Shajapur APMC (F&V),Onion,Onion,2020-06-22,200,850,650.0
Madhya Pradesh,Shajapur,Shajapur APMC (F&V),Onion,Onion,2020-06-23,200,810,600.0
Madhya Pradesh,Shajapur,Shajapur APMC (F&V),Onion,Onion,2020-06-24,200,875,650.0
Madhya Pradesh,Shajapur,Shajapur APMC (F&V),Onion,Onion,2020-06-25,200,901,700.0
Madhya Pradesh,Shajapur,Shajapur APMC (F&V),Onion,Onion,2020-06-26,200,926,725.0
Madhya Pradesh,Shajapur,Shajapur APMC (F&V),Onion,Onion,2020-06-27,200,902,700.0
Madhya Pradesh,Shajapur,Shajapur APMC (F&V),Onion,Onion,2020-06-29,200,925,750.0
Madhya Pradesh,Shajapur,Shajapur APMC (F&V),Onion,Onion,2020-06-30,200,925,750.0
Madhya Pradesh,Shajapur,Shajapur APMC (F&V),Onion,Onion,2020-07-04,200,891,720.0
Madhya Pradesh,Shajapur,Shajapur APMC (F&V),Onion,Onion,2020-07-05,200,800,500.0
Madhya Pradesh,Shajapur,Shajapur APMC (F&V),Onion,Onion,2020-07-06,200,935,700.0
Madhya Pradesh,Shajapur,Shajapur APMC (F&V),Onion,Onion,2020-07-07,200,925,720.0
Madhya Pradesh,Shajapur,Shajapur APMC (F&V),Onion,Onion,2020-07-08,200,901,700.0
Madhya Pradesh,Shajapur,Shajapur APMC (F&V),Onion,Onion,2020-07-09,200,850,675.0
Madhya Pradesh,Shajapur,Shajapur APMC (F&V),Onion,Onion,2020-07-10,200,901,650.0
Madhya Pradesh,Shajapur,Shajapur APMC (F&V),Onion,Onion,2020-07-11,200,900,650.0
Madhya Pradesh,Shajapur,Shajapur APMC (F&V),Onion,Onion,2020-07-12,200,905,700.0
Madhya Pradesh,Shajapur,Shajapur APMC (F&V),Onion,Onion,2020-07-13,150,932,700.0
Madhya Pradesh,Shajapur,Shajapur APMC (F&V),Onion,Onion,2020-07-14,150,911,700.0
Madhya Pradesh,Shajapur,Shajapur APMC (F&V),Onion,Onion,2020-07-15,150,931,700.0
Madhya Pradesh,Shajapur,Shajapur APMC (F&V),Onion,Onion,2020-07-16,200,910,700.0
Madhya Pradesh,Shajapur,Shajapur APMC (F&V),Onion,Onion,2020-07-17,200,920,650.0
Madhya Pradesh,Shajapur,Shajapur APMC (F&V),Onion,Onion,2020-07-18,200,910,600.0
Madhya Pradesh,Shajapur,Shajapur APMC (F&V),Onion,Onion,2020-07-19,150,910,680.0
Madhya Pradesh,Shajapur,Shajapur APMC (F&V),Onion,Onion,2020-07-20,200,911,700.0
Madhya Pradesh,Shajapur,Shajapur APMC (F&V),Onion,Onion,2020-07-21,150,932,700.0
Madhya Pradesh,Shajapur,Shajapur APMC (F&V),Onion,Onion,2020-07-22,150,917,700.0
Madhya Pradesh,Shajapur,Shajapur APMC (F&V),Onion,Onion,2020-07-24,150,870,700.0
Madhya Pradesh,Shajapur,Shajapur APMC (F&V),Onion,Onion,2020-07-25,200,911,700.0
Madhya Pradesh,Shajapur,Shajapur APMC (F&V),Onion,Onion,2020-07-26,200,910,700.0
Madhya Pradesh,Shajapur,Shajapur APMC (F&V),Onion,Onion,2020-07-27,150,891,700.0
Madhya Pradesh,Shajapur,Shajapur APMC (F&V),Onion,Onion,2020-07-28,150,854,650.0
Madhya Pradesh,Shajapur,Shajapur APMC (F&V),Onion,Onion,2020-07-29,150,818,600.0
Madhya Pradesh,Shajapur,Shajapur APMC (F&V),Onion,Onion,2020-07-30,150,811,600.0
Madhya Pradesh,Shajapur,Shajapur APMC (F&V),Onion,Onion,2020-07-31,150,816,620.0
Madhya Pradesh,Shajapur,Shajapur APMC (F&V),Onion,Onion,2020-08-07,150,830,620.0
Madhya Pradesh,Shajapur,Shajapur APMC (F&V),Onion,Onion,2020-08-08,200,810,600.0
Madhya Pradesh,Shajapur,Shajapur APMC (F&V),Onion,Onion,2020-08-09,100,870,650.0
Madhya Pradesh,Shajapur,Shajapur APMC (F&V),Onion,Onion,2020-08-10,150,851,650.0
Madhya Pradesh,Shajapur,Shajapur APMC (F&V),Onion,Onion,2020-08-11,150,851,600.0
Madhya Pradesh,Shajapur,Shajapur APMC (F&V),Onion,Onion,2020-08-12,150,861,600.0
Madhya Pradesh,Shajapur,Shajapur APMC (F&V),Onion,Onion,2020-08-13,150,904,600.0
Madhya Pradesh,Shajapur,Shajapur APMC (F&V),Onion,Onion,2020-08-14,100,900,600.0
Madhya Pradesh,Shajapur,Shajapur APMC (F&V),Onion,Onion,2020-08-15,100,900,600.0
Madhya Pradesh,Shajapur,Shajapur APMC (F&V),Onion,Onion,2020-08-16,100,900,600.0
Madhya Pradesh,Shajapur,Shajapur APMC (F&V),Onion,Onion,2020-08-17,150,1100,650.0
Madhya Pradesh,Shajapur,Shajapur APMC (F&V),Onion,Onion,2020-08-18,200,1132,750.0
Madhya Pradesh,Shajapur,Shajapur APMC (F&V),Onion,Onion,2020-08-19,200,1511,800.0
Madhya Pradesh,Shajapur,Shajapur APMC (F&V),Onion,Onion,2020-08-20,200,1576,800.0
Madhya Pradesh,Shajapur,Shajapur APMC (F&V),Onion,Onion,2020-08-22,200,1300,800.0
Madhya Pradesh,Shajapur,Shajapur APMC (F&V),Onion,Onion,2020-08-23,200,1250,800.0
Madhya Pradesh,Shajapur,Shajapur APMC (F&V),Onion,Onion,2020-08-24,200,1311,800.0
Madhya Pradesh,Shajapur,Shajapur APMC (F&V),Onion,Onion,2020-08-25,200,1300,800.0
Madhya Pradesh,Shajapur,Shajapur APMC (F&V),Onion,Onion,2020-08-26,200,1375,800.0
Madhya Pradesh,Shajapur,Shajapur APMC (F&V),Onion,Onion,2020-08-27,200,1551,850.0
Madhya Pradesh,Shajapur,Shajapur APMC (F&V),Onion,Onion,2020-08-28,200,1512,850.0
Madhya Pradesh,Shajapur,Shajapur APMC (F&V),Onion,Onion,2020-08-29,200,1470,800.0
Madhya Pradesh,Shajapur,Shajapur APMC (F&V),Onion,Onion,2020-08-30,200,1460,750.0
Madhya Pradesh,Shajapur,Shajapur APMC (F&V),Onion,Onion,2020-08-31,200,1711,900.0
Madhya Pradesh,Shajapur,Shajapur APMC (F&V),Onion,Onion,2020-09-08,200,2100,1500.0
Madhya Pradesh,Shajapur,Shajapur APMC (F&V),Onion,Onion,2020-09-09,200,2635,1600.0
Madhya Pradesh,Shajapur,Shajapur APMC (F&V),Onion,Onion,2020-09-10,200,2652,1600.0
Madhya Pradesh,Shajapur,Shajapur APMC (F&V),Onion,Onion,2020-09-11,200,2752,1650.0
Madhya Pradesh,Shajapur,Shajapur APMC (F&V),Onion,Onion,2020-09-12,200,2702,1650.0
Madhya Pradesh,Shajapur,Shajapur APMC (F&V),Onion,Onion,2020-09-13,500,2500,1650.0
Madhya Pradesh,Shajapur,Shajapur APMC (F&V),Onion,Onion,2020-09-14,200,3000,1700.0
Madhya Pradesh,Mandsaur,Shamgarh(F&V),Onion,Other,2020-01-01,800,5000,2600.0
Madhya Pradesh,Mandsaur,Shamgarh(F&V),Onion,Other,2020-02-04,500,2700,1600.0
Madhya Pradesh,Mandsaur,Shamgarh(F&V),Onion,Other,2020-02-29,300,2100,1200.0
Madhya Pradesh,Mandsaur,Shamgarh(F&V),Onion,Other,2020-03-02,300,1700,1000.0
Madhya Pradesh,Mandsaur,Shamgarh(F&V),Onion,Other,2020-03-03,300,2300,1300.0
Madhya Pradesh,Mandsaur,Shamgarh(F&V),Onion,Other,2020-03-04,300,1500,900.0
Madhya Pradesh,Mandsaur,Shamgarh(F&V),Onion,Other,2020-03-05,300,1300,800.0
Madhya Pradesh,Mandsaur,Shamgarh(F&V),Onion,Other,2020-03-06,200,1900,1050.0
Madhya Pradesh,Mandsaur,Shamgarh(F&V),Onion,Other,2020-03-07,300,1200,750.0
Madhya Pradesh,Mandsaur,Shamgarh(F&V),Onion,Other,2020-03-08,300,1000,650.0
Madhya Pradesh,Mandsaur,Shamgarh(F&V),Onion,Other,2020-03-11,300,1500,900.0
Madhya Pradesh,Mandsaur,Shamgarh(F&V),Onion,Other,2020-03-12,300,1400,850.0
Madhya Pradesh,Mandsaur,Shamgarh(F&V),Onion,Other,2020-03-14,300,1200,750.0
Madhya Pradesh,Mandsaur,Shamgarh(F&V),Onion,Other,2020-03-15,200,1600,900.0
Madhya Pradesh,Mandsaur,Shamgarh(F&V),Onion,Other,2020-03-16,200,1200,700.0
Madhya Pradesh,Mandsaur,Shamgarh(F&V),Onion,Other,2020-03-17,250,1270,760.0
Madhya Pradesh,Mandsaur,Shamgarh(F&V),Onion,Other,2020-07-23,500,1000,800.0
Madhya Pradesh,Mandsaur,Shamgarh(F&V),Onion,Other,2020-07-28,400,600,500.0
Madhya Pradesh,Mandsaur,Shamgarh(F&V),Onion,Other,2020-08-05,400,600,500.0
Madhya Pradesh,Mandsaur,Shamgarh(F&V),Onion,Other,2020-08-07,400,600,500.0
Madhya Pradesh,Mandsaur,Shamgarh(F&V),Onion,Other,2020-08-08,400,600,500.0
Madhya Pradesh,Mandsaur,Shamgarh(F&V),Onion,Other,2020-08-11,400,600,500.0
Madhya Pradesh,Mandsaur,Shamgarh(F&V),Onion,Other,2020-08-13,500,800,600.0
Madhya Pradesh,Mandsaur,Shamgarh(F&V),Onion,Other,2020-08-14,500,800,600.0
Madhya Pradesh,Mandsaur,Shamgarh(F&V),Onion,Other,2020-08-15,400,600,500.0
Madhya Pradesh,Mandsaur,Shamgarh(F&V),Onion,Other,2020-08-16,450,550,500.0
Madhya Pradesh,Mandsaur,Shamgarh(F&V),Onion,Other,2020-08-17,400,600,500.0
Madhya Pradesh,Mandsaur,Shamgarh(F&V),Onion,Other,2020-08-19,400,600,500.0
Madhya Pradesh,Mandsaur,Shamgarh(F&V),Onion,Other,2020-08-20,500,500,500.0
Madhya Pradesh,Mandsaur,Shamgarh(F&V),Onion,Other,2020-08-22,400,600,500.0
Madhya Pradesh,Mandsaur,Shamgarh(F&V),Onion,Other,2020-08-23,450,550,500.0
Madhya Pradesh,Mandsaur,Shamgarh(F&V),Onion,Other,2020-08-25,600,1200,1000.0
Madhya Pradesh,Mandsaur,Shamgarh(F&V),Onion,Other,2020-08-26,400,600,500.0
Madhya Pradesh,Mandsaur,Shamgarh(F&V),Onion,Other,2020-08-27,800,1200,1000.0
Madhya Pradesh,Mandsaur,Shamgarh(F&V),Onion,Other,2020-08-29,400,500,450.0
Madhya Pradesh,Mandsaur,Shamgarh(F&V),Onion,Other,2020-08-30,300,500,400.0
Madhya Pradesh,Mandsaur,Shamgarh(F&V),Onion,Other,2020-08-31,400,600,500.0
Madhya Pradesh,Mandsaur,Shamgarh(F&V),Onion,Other,2020-09-07,800,1000,900.0
Madhya Pradesh,Mandsaur,Shamgarh(F&V),Onion,Other,2020-09-08,850,950,900.0
Madhya Pradesh,Mandsaur,Shamgarh(F&V),Onion,Other,2020-09-09,950,1200,1020.0
Madhya Pradesh,Mandsaur,Shamgarh(F&V),Onion,Other,2020-09-10,1000,1100,1050.0
Madhya Pradesh,Mandsaur,Shamgarh(F&V),Onion,Other,2020-09-11,800,1000,900.0
Madhya Pradesh,Mandsaur,Shamgarh(F&V),Onion,Other,2020-09-12,850,950,900.0
Madhya Pradesh,Mandsaur,Shamgarh(F&V),Onion,Other,2020-09-13,800,940,880.0
Madhya Pradesh,Mandsaur,Shamgarh(F&V),Onion,Other,2020-09-14,900,1100,1000.0
Madhya Pradesh,Shivpuri,Shivpuri(F&V),Onion,Other,2020-01-12,2305,3022,2615.0
Madhya Pradesh,Shivpuri,Shivpuri(F&V),Onion,Other,2020-04-10,1300,1300,1300.0
Madhya Pradesh,Shivpuri,Shivpuri(F&V),Onion,Other,2020-04-11,1200,1200,1200.0
Madhya Pradesh,Shivpuri,Shivpuri(F&V),Onion,Other,2020-04-15,800,800,800.0
Madhya Pradesh,Shivpuri,Shivpuri(F&V),Onion,Other,2020-04-24,1000,1000,1000.0
Madhya Pradesh,Shivpuri,Shivpuri(F&V),Onion,Other,2020-04-25,850,850,850.0
Madhya Pradesh,Shivpuri,Shivpuri(F&V),Onion,Other,2020-04-28,810,810,810.0
Madhya Pradesh,Shivpuri,Shivpuri(F&V),Onion,Other,2020-04-29,703,823,800.0
Madhya Pradesh,Shivpuri,Shivpuri(F&V),Onion,Other,2020-04-30,600,825,700.0
Madhya Pradesh,Shivpuri,Shivpuri(F&V),Onion,Other,2020-05-04,400,800,600.0
Madhya Pradesh,Shivpuri,Shivpuri(F&V),Onion,Other,2020-05-05,400,850,600.0
Madhya Pradesh,Shivpuri,Shivpuri(F&V),Onion,Other,2020-05-06,400,860,620.0
Madhya Pradesh,Shivpuri,Shivpuri(F&V),Onion,Other,2020-05-08,410,850,625.0
Madhya Pradesh,Shivpuri,Shivpuri(F&V),Onion,Other,2020-05-11,360,855,550.0
Madhya Pradesh,Shivpuri,Shivpuri(F&V),Onion,Other,2020-05-12,410,810,550.0
Madhya Pradesh,Shivpuri,Shivpuri(F&V),Onion,Other,2020-05-13,360,860,600.0
Madhya Pradesh,Shivpuri,Shivpuri(F&V),Onion,Other,2020-05-14,360,840,600.0
Madhya Pradesh,Shivpuri,Shivpuri(F&V),Onion,Other,2020-05-15,390,840,610.0
Madhya Pradesh,Shivpuri,Shivpuri(F&V),Onion,Other,2020-05-16,390,840,600.0
Madhya Pradesh,Shivpuri,Shivpuri(F&V),Onion,Other,2020-05-18,398,828,600.0
Madhya Pradesh,Shivpuri,Shivpuri(F&V),Onion,Other,2020-05-19,360,850,600.0
Madhya Pradesh,Shivpuri,Shivpuri(F&V),Onion,Other,2020-05-20,278,860,550.0
Madhya Pradesh,Shivpuri,Shivpuri(F&V),Onion,Other,2020-05-21,360,858,650.0
Madhya Pradesh,Shivpuri,Shivpuri(F&V),Onion,Other,2020-05-22,350,860,650.0
Madhya Pradesh,Shivpuri,Shivpuri(F&V),Onion,Other,2020-05-27,350,850,600.0
Madhya Pradesh,Shivpuri,Shivpuri(F&V),Onion,Other,2020-05-29,358,858,600.0
Madhya Pradesh,Shivpuri,Shivpuri(F&V),Onion,Other,2020-05-30,300,858,650.0
Madhya Pradesh,Shivpuri,Shivpuri(F&V),Onion,Other,2020-06-04,350,818,650.0
Madhya Pradesh,Shivpuri,Shivpuri(F&V),Onion,Other,2020-06-05,338,868,600.0
Madhya Pradesh,Shivpuri,Shivpuri(F&V),Onion,Other,2020-06-06,350,925,600.0
Madhya Pradesh,Shivpuri,Shivpuri(F&V),Onion,Other,2020-06-08,360,1125,700.0
Madhya Pradesh,Shivpuri,Shivpuri(F&V),Onion,Other,2020-06-09,400,1125,700.0
Madhya Pradesh,Shivpuri,Shivpuri(F&V),Onion,Other,2020-06-10,500,1225,800.0
Madhya Pradesh,Shivpuri,Shivpuri(F&V),Onion,Other,2020-06-11,400,1258,800.0
Madhya Pradesh,Shivpuri,Shivpuri(F&V),Onion,Other,2020-06-12,350,1125,850.0
Madhya Pradesh,Shivpuri,Shivpuri(F&V),Onion,Other,2020-06-13,350,1225,800.0
Madhya Pradesh,Shivpuri,Shivpuri(F&V),Onion,Other,2020-06-15,350,1223,510.0
Madhya Pradesh,Shivpuri,Shivpuri(F&V),Onion,Other,2020-06-16,350,1258,810.0
Madhya Pradesh,Shivpuri,Shivpuri(F&V),Onion,Other,2020-06-17,350,1223,800.0
Madhya Pradesh,Shivpuri,Shivpuri(F&V),Onion,Other,2020-06-19,350,1258,810.0
Madhya Pradesh,Shivpuri,Shivpuri(F&V),Onion,Other,2020-06-20,350,800,600.0
Madhya Pradesh,Shivpuri,Shivpuri(F&V),Onion,Other,2020-06-22,350,1128,800.0
Madhya Pradesh,Shivpuri,Shivpuri(F&V),Onion,Other,2020-06-23,350,1258,810.0
Madhya Pradesh,Shivpuri,Shivpuri(F&V),Onion,Other,2020-06-24,350,1158,810.0
Madhya Pradesh,Shivpuri,Shivpuri(F&V),Onion,Other,2020-06-25,450,1128,860.0
Madhya Pradesh,Shivpuri,Shivpuri(F&V),Onion,Other,2020-06-26,350,700,500.0
Madhya Pradesh,Shivpuri,Shivpuri(F&V),Onion,Other,2020-06-29,350,1200,810.0
Madhya Pradesh,Shivpuri,Shivpuri(F&V),Onion,Other,2020-06-30,360,360,360.0
Madhya Pradesh,Shivpuri,Shivpuri(F&V),Onion,Other,2020-07-02,360,360,360.0
Madhya Pradesh,Shivpuri,Shivpuri(F&V),Onion,Other,2020-07-03,350,600,450.0
Madhya Pradesh,Shivpuri,Shivpuri(F&V),Onion,Other,2020-07-04,503,1201,800.0
Madhya Pradesh,Shivpuri,Shivpuri(F&V),Onion,Other,2020-08-26,450,1200,900.0
Madhya Pradesh,Shajapur,Shujalpur APMC,Onion,Other,2020-01-02,999,4770,3800.0
Madhya Pradesh,Shajapur,Shujalpur APMC,Onion,Other,2020-01-05,995,5200,3500.0
Madhya Pradesh,Shajapur,Shujalpur APMC,Onion,Other,2020-01-07,2808,2808,2808.0
Madhya Pradesh,Shajapur,Shujalpur APMC,Onion,Other,2020-01-12,1000,4100,2500.0
Madhya Pradesh,Shajapur,Shujalpur APMC,Onion,Other,2020-01-19,1400,3503,2200.0
Madhya Pradesh,Shajapur,Shujalpur APMC,Onion,Other,2020-01-22,910,3602,2700.0
Madhya Pradesh,Shajapur,Shujalpur APMC,Onion,Other,2020-01-31,800,3160,2500.0
Madhya Pradesh,Shajapur,Shujalpur APMC,Onion,Other,2020-02-08,800,2500,1900.0
Madhya Pradesh,Shajapur,Shujalpur APMC,Onion,Other,2020-02-09,800,2800,2000.0
Madhya Pradesh,Shajapur,Shujalpur APMC,Onion,Other,2020-02-10,700,2176,1800.0
Madhya Pradesh,Shajapur,Shujalpur APMC,Onion,Other,2020-02-12,600,2285,1700.0
Madhya Pradesh,Shajapur,Shujalpur APMC,Onion,Other,2020-02-13,500,2102,1600.0
Madhya Pradesh,Shajapur,Shujalpur APMC,Onion,Other,2020-02-14,500,2250,1700.0
Madhya Pradesh,Shajapur,Shujalpur APMC,Onion,Other,2020-02-16,500,2500,1800.0
Madhya Pradesh,Shajapur,Shujalpur APMC,Onion,Other,2020-02-19,500,2303,1600.0
Madhya Pradesh,Shajapur,Shujalpur APMC,Onion,Other,2020-02-21,700,2400,1900.0
Madhya Pradesh,Shajapur,Shujalpur APMC,Onion,Other,2020-02-22,700,2150,1800.0
Madhya Pradesh,Shajapur,Shujalpur APMC,Onion,Other,2020-02-23,1000,2000,1800.0
Madhya Pradesh,Shajapur,Shujalpur APMC,Onion,Other,2020-02-24,600,2300,1700.0
Madhya Pradesh,Shajapur,Shujalpur APMC,Onion,Other,2020-02-27,500,2335,1700.0
Madhya Pradesh,Shajapur,Shujalpur APMC,Onion,Other,2020-02-28,500,2451,1800.0
Madhya Pradesh,Shajapur,Shujalpur APMC,Onion,Other,2020-03-05,400,1851,1400.0
Madhya Pradesh,Shajapur,Shujalpur APMC,Onion,Other,2020-03-06,400,1775,1400.0
Madhya Pradesh,Shajapur,Shujalpur APMC,Onion,Other,2020-03-08,1000,2400,2000.0
Madhya Pradesh,Shajapur,Shujalpur APMC,Onion,Other,2020-03-09,300,1638,1300.0
Madhya Pradesh,Shajapur,Shujalpur APMC,Onion,Other,2020-03-10,500,1350,1200.0
Madhya Pradesh,Shajapur,Shujalpur APMC,Onion,Other,2020-03-11,300,1795,1300.0
Madhya Pradesh,Shajapur,Shujalpur APMC,Onion,Other,2020-03-12,500,1851,1400.0
Madhya Pradesh,Shajapur,Shujalpur APMC,Onion,Other,2020-03-16,400,1753,1400.0
Madhya Pradesh,Shajapur,Shujalpur APMC,Onion,Other,2020-03-17,400,1642,1400.0
Madhya Pradesh,Shajapur,Shujalpur APMC,Onion,Other,2020-03-18,400,1651,1400.0
Madhya Pradesh,Shajapur,Shujalpur APMC,Onion,Other,2020-03-19,300,1366,1000.0
Madhya Pradesh,Shajapur,Shujalpur APMC,Onion,Other,2020-03-20,300,1368,1100.0
Madhya Pradesh,Shajapur,Shujalpur APMC,Onion,Other,2020-03-22,400,1890,1000.0
Madhya Pradesh,Shajapur,Shujalpur APMC,Onion,Other,2020-03-23,500,1250,1050.0
Madhya Pradesh,Shajapur,Shujalpur APMC,Onion,Other,2020-03-24,400,1500,1000.0
Madhya Pradesh,Shajapur,Shujalpur APMC,Onion,Other,2020-03-25,500,1400,1000.0
Madhya Pradesh,Shajapur,Shujalpur APMC,Onion,Other,2020-03-26,1300,1300,1300.0
Madhya Pradesh,Shajapur,Shujalpur APMC,Onion,Other,2020-03-27,1500,1500,1500.0
Madhya Pradesh,Shajapur,Shujalpur APMC,Onion,Other,2020-03-28,750,1400,1000.0
Madhya Pradesh,Shajapur,Shujalpur APMC,Onion,Other,2020-03-29,1050,1050,1050.0
Madhya Pradesh,Shajapur,Shujalpur APMC,Onion,Other,2020-03-30,1000,1000,1000.0
Madhya Pradesh,Shajapur,Shujalpur APMC,Onion,Other,2020-03-31,1050,1050,1050.0
Madhya Pradesh,Shajapur,Shujalpur APMC,Onion,Other,2020-04-07,1100,1100,1100.0
Madhya Pradesh,Shajapur,Shujalpur APMC,Onion,Other,2020-04-08,990,990,990.0
Madhya Pradesh,Shajapur,Shujalpur APMC,Onion,Other,2020-04-09,1100,1100,1100.0
Madhya Pradesh,Shajapur,Shujalpur APMC,Onion,Other,2020-04-10,950,950,950.0
Madhya Pradesh,Shajapur,Shujalpur APMC,Onion,Other,2020-04-11,1100,1100,1100.0
Madhya Pradesh,Shajapur,Shujalpur APMC,Onion,Other,2020-04-12,1000,1000,1000.0
Madhya Pradesh,Shajapur,Shujalpur APMC,Onion,Other,2020-04-13,990,990,990.0
Madhya Pradesh,Shajapur,Shujalpur APMC,Onion,Other,2020-04-14,950,950,950.0
Madhya Pradesh,Shajapur,Shujalpur APMC,Onion,Other,2020-04-15,990,990,990.0
Madhya Pradesh,Shajapur,Shujalpur APMC,Onion,Other,2020-04-22,500,500,500.0
Madhya Pradesh,Shajapur,Shujalpur APMC,Onion,Other,2020-04-23,300,550,400.0
Madhya Pradesh,Shajapur,Shujalpur APMC,Onion,Other,2020-04-24,300,500,400.0
Madhya Pradesh,Shajapur,Shujalpur APMC,Onion,Other,2020-04-25,300,550,400.0
Madhya Pradesh,Shajapur,Shujalpur APMC,Onion,Other,2020-04-26,350,350,350.0
Madhya Pradesh,Shajapur,Shujalpur APMC,Onion,Other,2020-04-27,300,500,350.0
Madhya Pradesh,Shajapur,Shujalpur APMC,Onion,Other,2020-04-29,300,750,500.0
Madhya Pradesh,Shajapur,Shujalpur APMC,Onion,Other,2020-04-30,300,550,400.0
Madhya Pradesh,Shajapur,Shujalpur APMC,Onion,Other,2020-05-05,300,709,450.0
Madhya Pradesh,Shajapur,Shujalpur APMC,Onion,Other,2020-05-06,300,704,500.0
Madhya Pradesh,Shajapur,Shujalpur APMC,Onion,Other,2020-05-08,300,671,400.0
Madhya Pradesh,Shajapur,Shujalpur APMC,Onion,Other,2020-05-11,300,668,400.0
Madhya Pradesh,Shajapur,Shujalpur APMC,Onion,Other,2020-05-12,300,680,405.0
Madhya Pradesh,Shajapur,Shujalpur APMC,Onion,Other,2020-05-13,300,647,400.0
Madhya Pradesh,Shajapur,Shujalpur APMC,Onion,Other,2020-05-14,300,657,400.0
Madhya Pradesh,Shajapur,Shujalpur APMC,Onion,Other,2020-05-15,300,641,400.0
Madhya Pradesh,Shajapur,Shujalpur APMC,Onion,Other,2020-05-17,300,550,400.0
Madhya Pradesh,Shajapur,Shujalpur APMC,Onion,Other,2020-05-18,250,600,400.0
Madhya Pradesh,Shajapur,Shujalpur APMC,Onion,Other,2020-05-23,300,590,400.0
Madhya Pradesh,Shajapur,Shujalpur APMC,Onion,Other,2020-05-24,300,550,400.0
Madhya Pradesh,Shajapur,Shujalpur APMC,Onion,Other,2020-05-25,400,400,400.0
Madhya Pradesh,Shajapur,Shujalpur APMC,Onion,Other,2020-05-27,250,600,400.0
Madhya Pradesh,Shajapur,Shujalpur APMC,Onion,Other,2020-05-28,250,621,410.0
Madhya Pradesh,Shajapur,Shujalpur APMC,Onion,Other,2020-05-29,250,683,400.0
Madhya Pradesh,Shajapur,Shujalpur APMC,Onion,Other,2020-05-31,300,620,400.0
Madhya Pradesh,Shajapur,Shujalpur APMC,Onion,Other,2020-06-04,300,760,405.0
Madhya Pradesh,Shajapur,Shujalpur APMC,Onion,Other,2020-06-05,350,901,550.0
Madhya Pradesh,Shajapur,Shujalpur APMC,Onion,Other,2020-06-07,400,700,500.0
Madhya Pradesh,Shajapur,Shujalpur APMC,Onion,Other,2020-06-08,350,956,550.0
Madhya Pradesh,Shajapur,Shujalpur APMC,Onion,Other,2020-06-09,300,970,510.0
Madhya Pradesh,Shajapur,Shujalpur APMC,Onion,Other,2020-06-10,310,1151,650.0
Madhya Pradesh,Shajapur,Shujalpur APMC,Onion,Other,2020-06-11,300,988,600.0
Madhya Pradesh,Shajapur,Shujalpur APMC,Onion,Other,2020-06-12,350,1000,700.0
Madhya Pradesh,Shajapur,Shujalpur APMC,Onion,Other,2020-06-13,300,600,450.0
Madhya Pradesh,Shajapur,Shujalpur APMC,Onion,Other,2020-06-14,300,550,400.0
Madhya Pradesh,Shajapur,Shujalpur APMC,Onion,Other,2020-06-15,300,924,450.0
Madhya Pradesh,Shajapur,Shujalpur APMC,Onion,Other,2020-06-16,300,870,500.0
Madhya Pradesh,Shajapur,Shujalpur APMC,Onion,Other,2020-06-17,350,922,500.0
Madhya Pradesh,Shajapur,Shujalpur APMC,Onion,Other,2020-06-19,300,1006,600.0
Madhya Pradesh,Shajapur,Shujalpur APMC,Onion,Other,2020-06-21,300,950,700.0
Madhya Pradesh,Shajapur,Shujalpur APMC,Onion,Other,2020-06-22,300,902,680.0
Madhya Pradesh,Shajapur,Shujalpur APMC,Onion,Other,2020-06-23,300,1052,700.0
Madhya Pradesh,Shajapur,Shujalpur APMC,Onion,Other,2020-06-24,200,920,590.0
Madhya Pradesh,Shajapur,Shujalpur APMC,Onion,Other,2020-06-25,250,901,550.0
Madhya Pradesh,Shajapur,Shujalpur APMC,Onion,Other,2020-06-27,400,850,600.0
Madhya Pradesh,Shajapur,Shujalpur APMC,Onion,Other,2020-06-28,700,700,700.0
Madhya Pradesh,Shajapur,Shujalpur APMC,Onion,Other,2020-06-29,250,951,550.0
Madhya Pradesh,Shajapur,Shujalpur APMC,Onion,Other,2020-06-30,300,946,600.0
Madhya Pradesh,Shajapur,Shujalpur APMC,Onion,Other,2020-07-04,300,965,600.0
Madhya Pradesh,Shajapur,Shujalpur APMC,Onion,Other,2020-07-05,290,900,590.0
Madhya Pradesh,Shajapur,Shujalpur APMC,Onion,Other,2020-07-06,200,1001,680.0
Madhya Pradesh,Shajapur,Shujalpur APMC,Onion,Other,2020-07-07,200,1031,690.0
Madhya Pradesh,Shajapur,Shujalpur APMC,Onion,Other,2020-07-08,250,1016,650.0
Madhya Pradesh,Shajapur,Shujalpur APMC,Onion,Other,2020-07-09,300,1036,700.0
Madhya Pradesh,Shajapur,Shujalpur APMC,Onion,Other,2020-07-10,290,960,650.0
Madhya Pradesh,Shajapur,Shujalpur APMC,Onion,Other,2020-07-11,290,950,650.0
Madhya Pradesh,Shajapur,Shujalpur APMC,Onion,Other,2020-07-12,300,950,600.0
Madhya Pradesh,Shajapur,Shujalpur APMC,Onion,Other,2020-07-13,300,944,650.0
Madhya Pradesh,Shajapur,Shujalpur APMC,Onion,Other,2020-07-14,250,1030,600.0
Madhya Pradesh,Shajapur,Shujalpur APMC,Onion,Other,2020-07-15,780,780,780.0
Madhya Pradesh,Shajapur,Shujalpur APMC,Onion,Other,2020-07-16,750,750,750.0
Madhya Pradesh,Shajapur,Shujalpur APMC,Onion,Other,2020-07-17,800,800,800.0
Madhya Pradesh,Shajapur,Shujalpur APMC,Onion,Other,2020-07-18,700,700,700.0
Madhya Pradesh,Shajapur,Shujalpur APMC,Onion,Other,2020-07-19,750,750,750.0
Madhya Pradesh,Shajapur,Shujalpur APMC,Onion,Other,2020-07-20,850,850,850.0
Madhya Pradesh,Shajapur,Shujalpur APMC,Onion,Other,2020-07-21,290,1050,700.0
Madhya Pradesh,Shajapur,Shujalpur APMC,Onion,Other,2020-07-22,257,1009,750.0
Madhya Pradesh,Shajapur,Shujalpur APMC,Onion,Other,2020-07-23,250,966,700.0
Madhya Pradesh,Shajapur,Shujalpur APMC,Onion,Other,2020-07-25,800,800,800.0
Madhya Pradesh,Shajapur,Shujalpur APMC,Onion,Other,2020-07-26,700,700,700.0
Madhya Pradesh,Shajapur,Shujalpur APMC,Onion,Other,2020-07-27,200,951,650.0
Madhya Pradesh,Shajapur,Shujalpur APMC,Onion,Other,2020-07-28,250,880,690.0
Madhya Pradesh,Shajapur,Shujalpur APMC,Onion,Other,2020-07-29,200,899,650.0
Madhya Pradesh,Shajapur,Shujalpur APMC,Onion,Other,2020-07-30,221,932,680.0
Madhya Pradesh,Shajapur,Shujalpur APMC,Onion,Other,2020-08-05,200,861,660.0
Madhya Pradesh,Shajapur,Shujalpur APMC,Onion,Other,2020-08-06,200,920,700.0
Madhya Pradesh,Shajapur,Shujalpur APMC,Onion,Other,2020-08-07,200,930,700.0
Madhya Pradesh,Shajapur,Shujalpur APMC,Onion,Other,2020-08-08,800,800,800.0
Madhya Pradesh,Shajapur,Shujalpur APMC,Onion,Other,2020-08-09,820,820,820.0
Madhya Pradesh,Shajapur,Shujalpur APMC,Onion,Other,2020-08-10,200,863,700.0
Madhya Pradesh,Shajapur,Shujalpur APMC,Onion,Other,2020-08-11,200,890,680.0
Madhya Pradesh,Shajapur,Shujalpur APMC,Onion,Other,2020-08-12,800,800,800.0
Madhya Pradesh,Shajapur,Shujalpur APMC,Onion,Other,2020-08-13,200,990,680.0
Madhya Pradesh,Shajapur,Shujalpur APMC,Onion,Other,2020-08-14,151,1013,650.0
Madhya Pradesh,Shajapur,Shujalpur APMC,Onion,Other,2020-08-15,810,810,810.0
Madhya Pradesh,Shajapur,Shujalpur APMC,Onion,Other,2020-08-16,800,800,800.0
Madhya Pradesh,Shajapur,Shujalpur APMC,Onion,Other,2020-08-17,200,1226,800.0
Madhya Pradesh,Shajapur,Shujalpur APMC,Onion,Other,2020-08-18,151,1275,850.0
Madhya Pradesh,Shajapur,Shujalpur APMC,Onion,Other,2020-08-19,950,950,950.0
Madhya Pradesh,Shajapur,Shujalpur APMC,Onion,Other,2020-08-20,250,1468,1100.0
Madhya Pradesh,Shajapur,Shujalpur APMC,Onion,Other,2020-08-21,151,1369,850.0
Madhya Pradesh,Shajapur,Shujalpur APMC,Onion,Other,2020-08-22,800,800,800.0
Madhya Pradesh,Shajapur,Shujalpur APMC,Onion,Other,2020-08-23,850,850,850.0
Madhya Pradesh,Shajapur,Shujalpur APMC,Onion,Other,2020-08-24,200,1244,840.0
Madhya Pradesh,Shajapur,Shujalpur APMC,Onion,Other,2020-08-25,200,1335,850.0
Madhya Pradesh,Shajapur,Shujalpur APMC,Onion,Other,2020-08-26,200,1422,860.0
Madhya Pradesh,Shajapur,Shujalpur APMC,Onion,Other,2020-08-27,200,1486,900.0
Madhya Pradesh,Shajapur,Shujalpur APMC,Onion,Other,2020-08-28,200,1577,950.0
Madhya Pradesh,Shajapur,Shujalpur APMC,Onion,Other,2020-08-30,800,800,800.0
Madhya Pradesh,Shajapur,Shujalpur APMC,Onion,Other,2020-09-06,1000,1000,1000.0
Madhya Pradesh,Shajapur,Shujalpur APMC,Onion,Other,2020-09-07,1000,1000,1000.0
Madhya Pradesh,Shajapur,Shujalpur APMC,Onion,Other,2020-09-08,400,2259,1800.0
Madhya Pradesh,Shajapur,Shujalpur APMC,Onion,Other,2020-09-12,400,2000,1500.0
Madhya Pradesh,Shajapur,Shujalpur APMC,Onion,Other,2020-09-13,1500,1500,1500.0
Madhya Pradesh,Shajapur,Shujalpur APMC,Onion,Other,2020-09-15,400,2501,1500.0
Madhya Pradesh,Mandsaur,Sitmau,Onion,1st Sort,2020-08-19,300,600,450.0
Madhya Pradesh,Mandsaur,Sitmau,Onion,1st Sort,2020-08-22,300,700,400.0
Madhya Pradesh,Mandsaur,Sitmau,Onion,1st Sort,2020-08-23,200,400,300.0
Madhya Pradesh,Mandsaur,Sitmau,Onion,1st Sort,2020-08-24,300,650,450.0
Madhya Pradesh,Mandsaur,Sitmau,Onion,1st Sort,2020-08-28,400,800,600.0
Madhya Pradesh,Shajapur,Soyatkalan,Onion,Onion,2020-04-29,300,300,300.0
Madhya Pradesh,Shajapur,Soyatkalan,Onion,Onion,2020-05-11,425,625,500.0
Madhya Pradesh,Shajapur,Soyatkalan,Onion,Onion,2020-05-27,405,415,410.0
Madhya Pradesh,Shajapur,Soyatkalan,Onion,Onion,2020-05-29,400,405,400.0
Madhya Pradesh,Shajapur,Soyatkalan,Onion,Onion,2020-06-03,400,485,450.0
Madhya Pradesh,Shajapur,Soyatkalan,Onion,Onion,2020-06-13,200,700,450.0
Madhya Pradesh,Shajapur,Soyatkalan,Onion,Onion,2020-06-15,380,845,600.0
Madhya Pradesh,Shajapur,Soyatkalan,Onion,Onion,2020-06-17,300,645,450.0
Madhya Pradesh,Shajapur,Soyatkalan,Onion,Onion,2020-06-18,300,855,550.0
Madhya Pradesh,Shajapur,Soyatkalan,Onion,Onion,2020-06-20,255,685,560.0
Madhya Pradesh,Shajapur,Soyatkalan,Onion,Onion,2020-06-27,100,750,425.0
Madhya Pradesh,Shajapur,Soyatkalan,Onion,Onion,2020-07-15,195,850,550.0
Madhya Pradesh,Shajapur,Soyatkalan,Onion,Onion,2020-07-16,550,550,550.0
Madhya Pradesh,Shajapur,Soyatkalan,Onion,Onion,2020-07-17,665,665,665.0
Madhya Pradesh,Shajapur,Soyatkalan,Onion,Onion,2020-07-18,650,750,700.0
Madhya Pradesh,Shajapur,Soyatkalan,Onion,Onion,2020-07-19,650,650,650.0
Madhya Pradesh,Shajapur,Soyatkalan,Onion,Onion,2020-07-20,700,700,700.0
Madhya Pradesh,Shajapur,Soyatkalan,Onion,Onion,2020-07-21,205,700,400.0
Madhya Pradesh,Shajapur,Soyatkalan,Onion,Onion,2020-07-22,275,690,450.0
Madhya Pradesh,Shajapur,Soyatkalan,Onion,Onion,2020-07-23,495,770,525.0
Madhya Pradesh,Shajapur,Soyatkalan,Onion,Onion,2020-07-27,395,800,525.0
Madhya Pradesh,Sheopur,Syopurkalan(F&V),Onion,Other,2020-01-03,3000,4000,3500.0
Madhya Pradesh,Sheopur,Syopurkalan(F&V),Onion,Other,2020-01-05,3000,3400,3200.0
Madhya Pradesh,Sheopur,Syopurkalan(F&V),Onion,Other,2020-01-11,2500,3000,2750.0
Madhya Pradesh,Sheopur,Syopurkalan(F&V),Onion,Other,2020-01-13,1500,1700,1600.0
Madhya Pradesh,Sheopur,Syopurkalan(F&V),Onion,Other,2020-01-24,2500,3000,2750.0
Madhya Pradesh,Sheopur,Syopurkalan(F&V),Onion,Other,2020-01-28,2000,2200,2100.0
Madhya Pradesh,Sheopur,Syopurkalan(F&V),Onion,Other,2020-01-29,1800,2000,1900.0
Madhya Pradesh,Sheopur,Syopurkalan(F&V),Onion,Other,2020-01-30,2000,2200,2100.0
Madhya Pradesh,Sheopur,Syopurkalan(F&V),Onion,Other,2020-02-04,1300,1400,1350.0
Madhya Pradesh,Sheopur,Syopurkalan(F&V),Onion,Other,2020-02-06,1000,1500,1250.0
Madhya Pradesh,Sheopur,Syopurkalan(F&V),Onion,Other,2020-02-09,1000,1100,1050.0
Madhya Pradesh,Sheopur,Syopurkalan(F&V),Onion,Other,2020-02-11,700,800,750.0
Madhya Pradesh,Sheopur,Syopurkalan(F&V),Onion,Other,2020-02-15,1000,1200,1100.0
Madhya Pradesh,Sheopur,Syopurkalan(F&V),Onion,Other,2020-02-18,1000,1500,1250.0
Madhya Pradesh,Sheopur,Syopurkalan(F&V),Onion,Other,2020-02-25,1500,3000,2250.0
Madhya Pradesh,Sheopur,Syopurkalan(F&V),Onion,Other,2020-02-29,1500,2000,1750.0
Madhya Pradesh,Sheopur,Syopurkalan(F&V),Onion,Other,2020-03-03,1000,1100,1050.0
Madhya Pradesh,Sheopur,Syopurkalan(F&V),Onion,Other,2020-03-05,1200,1300,1250.0
Madhya Pradesh,Sheopur,Syopurkalan(F&V),Onion,Other,2020-03-07,1600,1700,1650.0
Madhya Pradesh,Sheopur,Syopurkalan(F&V),Onion,Other,2020-03-08,1500,1600,1550.0
Madhya Pradesh,Sheopur,Syopurkalan(F&V),Onion,Other,2020-03-09,1800,2000,1900.0
Madhya Pradesh,Sheopur,Syopurkalan(F&V),Onion,Other,2020-03-13,1500,1700,1600.0
Madhya Pradesh,Sheopur,Syopurkalan(F&V),Onion,Other,2020-03-15,1500,1700,1600.0
Madhya Pradesh,Sheopur,Syopurkalan(F&V),Onion,Other,2020-03-16,1200,1400,1300.0
Madhya Pradesh,Sheopur,Syopurkalan(F&V),Onion,Other,2020-03-17,2000,2200,2100.0
Madhya Pradesh,Sheopur,Syopurkalan(F&V),Onion,Other,2020-03-18,1600,1700,1650.0
Madhya Pradesh,Sheopur,Syopurkalan(F&V),Onion,Other,2020-03-21,1700,1750,1725.0
Madhya Pradesh,Sheopur,Syopurkalan(F&V),Onion,Other,2020-03-27,1600,1700,1650.0
Madhya Pradesh,Sheopur,Syopurkalan(F&V),Onion,Other,2020-04-04,1600,1700,1650.0
Madhya Pradesh,Sheopur,Syopurkalan(F&V),Onion,Other,2020-04-05,1400,1500,1450.0
Madhya Pradesh,Sheopur,Syopurkalan(F&V),Onion,Other,2020-04-06,1500,1600,1550.0
Madhya Pradesh,Sheopur,Syopurkalan(F&V),Onion,Other,2020-04-11,1300,1500,1400.0
Madhya Pradesh,Sheopur,Syopurkalan(F&V),Onion,Other,2020-04-12,1500,1600,1550.0
Madhya Pradesh,Sheopur,Syopurkalan(F&V),Onion,Other,2020-04-13,1500,1700,1600.0
Madhya Pradesh,Sheopur,Syopurkalan(F&V),Onion,Other,2020-04-14,900,1000,950.0
Madhya Pradesh,Sheopur,Syopurkalan(F&V),Onion,Other,2020-04-16,1000,1500,1250.0
Madhya Pradesh,Sheopur,Syopurkalan(F&V),Onion,Other,2020-04-17,1100,1200,1150.0
Madhya Pradesh,Sheopur,Syopurkalan(F&V),Onion,Other,2020-04-18,1600,1700,1650.0
Madhya Pradesh,Sheopur,Syopurkalan(F&V),Onion,Other,2020-04-21,900,1000,950.0
Madhya Pradesh,Sheopur,Syopurkalan(F&V),Onion,Other,2020-04-23,550,700,625.0
Madhya Pradesh,Sheopur,Syopurkalan(F&V),Onion,Other,2020-04-25,700,800,750.0
Madhya Pradesh,Sheopur,Syopurkalan(F&V),Onion,Other,2020-04-26,1000,1100,1050.0
Madhya Pradesh,Sheopur,Syopurkalan(F&V),Onion,Other,2020-04-27,900,1000,950.0
Madhya Pradesh,Sheopur,Syopurkalan(F&V),Onion,Other,2020-04-29,900,1000,950.0
Madhya Pradesh,Sheopur,Syopurkalan(F&V),Onion,Local,2020-05-03,900,1000,950.0
Madhya Pradesh,Sheopur,Syopurkalan(F&V),Onion,Other,2020-05-05,800,900,850.0
Madhya Pradesh,Sheopur,Syopurkalan(F&V),Onion,Other,2020-05-06,800,900,850.0
Madhya Pradesh,Sheopur,Syopurkalan(F&V),Onion,Other,2020-05-08,800,900,850.0
Madhya Pradesh,Sheopur,Syopurkalan(F&V),Onion,Other,2020-05-12,800,900,850.0
Madhya Pradesh,Sheopur,Syopurkalan(F&V),Onion,Other,2020-05-14,800,900,850.0
Madhya Pradesh,Sheopur,Syopurkalan(F&V),Onion,Other,2020-05-15,650,700,675.0
Madhya Pradesh,Sheopur,Syopurkalan(F&V),Onion,Other,2020-05-16,700,800,750.0
Madhya Pradesh,Sheopur,Syopurkalan(F&V),Onion,Other,2020-05-17,600,700,650.0
Madhya Pradesh,Sheopur,Syopurkalan(F&V),Onion,Other,2020-05-20,600,700,650.0
Madhya Pradesh,Sheopur,Syopurkalan(F&V),Onion,Other,2020-05-21,900,1000,950.0
Madhya Pradesh,Sheopur,Syopurkalan(F&V),Onion,Other,2020-05-22,450,500,475.0
Madhya Pradesh,Sheopur,Syopurkalan(F&V),Onion,Other,2020-05-27,600,650,625.0
Madhya Pradesh,Sheopur,Syopurkalan(F&V),Onion,Other,2020-05-30,600,650,625.0
Madhya Pradesh,Sheopur,Syopurkalan(F&V),Onion,Other,2020-06-05,600,650,625.0
Madhya Pradesh,Sheopur,Syopurkalan(F&V),Onion,Other,2020-06-06,650,700,675.0
Madhya Pradesh,Sheopur,Syopurkalan(F&V),Onion,Other,2020-06-07,750,800,775.0
Madhya Pradesh,Sheopur,Syopurkalan(F&V),Onion,Other,2020-06-10,900,1000,950.0
Madhya Pradesh,Sheopur,Syopurkalan(F&V),Onion,Other,2020-06-13,900,1000,950.0
Madhya Pradesh,Sheopur,Syopurkalan(F&V),Onion,Other,2020-06-20,1000,1200,1100.0
Madhya Pradesh,Sheopur,Syopurkalan(F&V),Onion,Other,2020-06-23,800,900,850.0
Madhya Pradesh,Sheopur,Syopurkalan(F&V),Onion,Other,2020-06-25,800,1000,900.0
Madhya Pradesh,Sheopur,Syopurkalan(F&V),Onion,Other,2020-06-29,1000,1200,1100.0
Madhya Pradesh,Sheopur,Syopurkalan(F&V),Onion,Other,2020-07-04,1000,1200,1100.0
Madhya Pradesh,Sheopur,Syopurkalan(F&V),Onion,Other,2020-07-07,1000,1200,1100.0
Madhya Pradesh,Sheopur,Syopurkalan(F&V),Onion,Other,2020-07-12,1000,1200,1100.0
Madhya Pradesh,Sheopur,Syopurkalan(F&V),Onion,Other,2020-07-19,800,1000,900.0
Madhya Pradesh,Sheopur,Syopurkalan(F&V),Onion,Other,2020-07-25,800,1000,900.0
Madhya Pradesh,Sheopur,Syopurkalan(F&V),Onion,Other,2020-07-30,800,1000,900.0
Madhya Pradesh,Sheopur,Syopurkalan(F&V),Onion,Other,2020-08-05,1000,1200,1100.0
Madhya Pradesh,Sheopur,Syopurkalan(F&V),Onion,Other,2020-08-07,900,1000,950.0
Madhya Pradesh,Sheopur,Syopurkalan(F&V),Onion,Other,2020-08-09,600,800,700.0
Madhya Pradesh,Sheopur,Syopurkalan(F&V),Onion,Other,2020-08-12,800,1000,900.0
Madhya Pradesh,Sheopur,Syopurkalan(F&V),Onion,Other,2020-08-15,700,800,750.0
Madhya Pradesh,Sheopur,Syopurkalan(F&V),Onion,Other,2020-08-17,1000,1200,1100.0
Madhya Pradesh,Sheopur,Syopurkalan(F&V),Onion,Other,2020-08-18,700,800,750.0
Madhya Pradesh,Sheopur,Syopurkalan(F&V),Onion,Other,2020-08-22,700,800,750.0
Madhya Pradesh,Sheopur,Syopurkalan(F&V),Onion,Other,2020-08-25,1200,1300,1250.0
Madhya Pradesh,Sheopur,Syopurkalan(F&V),Onion,Other,2020-08-28,1000,1200,1100.0
Madhya Pradesh,Sheopur,Syopurkalan(F&V),Onion,Other,2020-09-13,1500,1800,1600.0
Madhya Pradesh,Harda,Timarni,Onion,Onion,2020-01-21,1600,1600,1600.0
Madhya Pradesh,Harda,Timarni,Onion,Onion,2020-01-23,2000,2000,2000.0
Madhya Pradesh,Harda,Timarni,Onion,Onion,2020-02-12,1000,2200,1600.0
Madhya Pradesh,Harda,Timarni,Onion,Onion,2020-02-13,1000,1000,1000.0
Madhya Pradesh,Harda,Timarni,Onion,Onion,2020-03-26,1000,1000,1000.0
Madhya Pradesh,Harda,Timarni,Onion,Onion,2020-04-04,1500,2000,1750.0
Madhya Pradesh,Harda,Timarni,Onion,Onion,2020-04-05,1800,1800,1800.0
Madhya Pradesh,Harda,Timarni,Onion,Onion,2020-04-07,1800,1800,1800.0
Madhya Pradesh,Harda,Timarni,Onion,Onion,2020-04-08,1500,1800,1650.0
Madhya Pradesh,Harda,Timarni,Onion,Onion,2020-04-09,1200,1500,1350.0
Madhya Pradesh,Harda,Timarni,Onion,Onion,2020-04-10,1500,1500,1500.0
Madhya Pradesh,Harda,Timarni,Onion,Onion,2020-04-11,1200,1600,1400.0
Madhya Pradesh,Harda,Timarni,Onion,Onion,2020-04-12,1400,2000,1700.0
Madhya Pradesh,Harda,Timarni,Onion,Onion,2020-04-13,1100,1500,1300.0
Madhya Pradesh,Harda,Timarni,Onion,Onion,2020-04-14,1100,1100,1100.0
Madhya Pradesh,Harda,Timarni,Onion,Onion,2020-04-15,1000,1000,1000.0
Madhya Pradesh,Harda,Timarni,Onion,Onion,2020-04-16,1000,1000,1000.0
Madhya Pradesh,Harda,Timarni,Onion,Onion,2020-04-17,800,800,800.0
Madhya Pradesh,Harda,Timarni,Onion,Onion,2020-04-20,800,800,800.0
Madhya Pradesh,Harda,Timarni,Onion,Onion,2020-04-23,600,1000,800.0
Madhya Pradesh,Harda,Timarni,Onion,Onion,2020-04-29,600,600,600.0
Madhya Pradesh,Harda,Timarni,Onion,Onion,2020-04-30,600,600,600.0
Madhya Pradesh,Harda,Timarni,Onion,Onion,2020-05-01,700,700,700.0
Madhya Pradesh,Harda,Timarni,Onion,Onion,2020-05-04,500,550,525.0
Madhya Pradesh,Harda,Timarni,Onion,Onion,2020-05-06,500,700,600.0
Madhya Pradesh,Harda,Timarni,Onion,Onion,2020-05-08,500,600,550.0
Madhya Pradesh,Harda,Timarni,Onion,Onion,2020-05-10,600,600,600.0
Madhya Pradesh,Harda,Timarni,Onion,Onion,2020-05-11,1000,1000,1000.0
Madhya Pradesh,Harda,Timarni,Onion,Onion,2020-05-13,600,600,600.0
Madhya Pradesh,Harda,Timarni,Onion,Onion,2020-05-14,600,600,600.0
Madhya Pradesh,Harda,Timarni,Onion,Onion,2020-05-15,600,600,600.0
Madhya Pradesh,Harda,Timarni,Onion,Onion,2020-05-16,500,700,600.0
Madhya Pradesh,Harda,Timarni,Onion,Onion,2020-05-17,500,500,500.0
Madhya Pradesh,Harda,Timarni,Onion,Onion,2020-05-18,600,600,600.0
Madhya Pradesh,Harda,Timarni,Onion,Onion,2020-05-19,500,500,500.0
Madhya Pradesh,Harda,Timarni,Onion,Onion,2020-05-20,500,500,500.0
Madhya Pradesh,Harda,Timarni,Onion,Onion,2020-05-21,500,500,500.0
Madhya Pradesh,Harda,Timarni,Onion,Onion,2020-05-23,700,700,700.0
Madhya Pradesh,Harda,Timarni,Onion,Onion,2020-05-26,700,700,700.0
Madhya Pradesh,Harda,Timarni,Onion,Onion,2020-05-27,500,500,500.0
Madhya Pradesh,Harda,Timarni,Onion,Onion,2020-05-28,500,500,500.0
Madhya Pradesh,Harda,Timarni,Onion,Onion,2020-05-29,1600,1600,1600.0
Madhya Pradesh,Harda,Timarni,Onion,Onion,2020-05-31,500,500,500.0
Madhya Pradesh,Harda,Timarni,Onion,Onion,2020-06-04,800,800,800.0
Madhya Pradesh,Harda,Timarni,Onion,Onion,2020-06-05,400,600,500.0
Madhya Pradesh,Harda,Timarni,Onion,Onion,2020-06-06,600,600,600.0
Madhya Pradesh,Harda,Timarni,Onion,Onion,2020-06-10,500,500,500.0
Madhya Pradesh,Harda,Timarni,Onion,Onion,2020-06-11,800,800,800.0
Madhya Pradesh,Harda,Timarni,Onion,Onion,2020-06-19,1100,1100,1100.0
Madhya Pradesh,Harda,Timarni,Onion,Onion,2020-06-22,800,1000,900.0
Madhya Pradesh,Harda,Timarni,Onion,Onion,2020-06-23,500,500,500.0
Madhya Pradesh,Harda,Timarni,Onion,Onion,2020-06-24,500,1000,750.0
Madhya Pradesh,Harda,Timarni,Onion,Onion,2020-06-27,700,700,700.0
Madhya Pradesh,Harda,Timarni,Onion,Onion,2020-06-28,800,800,800.0
Madhya Pradesh,Harda,Timarni,Onion,Onion,2020-06-29,650,650,650.0
Madhya Pradesh,Harda,Timarni,Onion,Onion,2020-06-30,600,800,700.0
Madhya Pradesh,Harda,Timarni,Onion,Onion,2020-07-01,400,800,600.0
Madhya Pradesh,Harda,Timarni,Onion,Onion,2020-07-02,900,900,900.0
Madhya Pradesh,Harda,Timarni,Onion,Onion,2020-07-05,800,1000,900.0
Madhya Pradesh,Harda,Timarni,Onion,Onion,2020-07-06,600,1000,800.0
Madhya Pradesh,Harda,Timarni,Onion,Onion,2020-07-07,800,800,800.0
Madhya Pradesh,Harda,Timarni,Onion,Onion,2020-07-08,500,500,500.0
Madhya Pradesh,Harda,Timarni,Onion,Onion,2020-07-09,800,800,800.0
Madhya Pradesh,Harda,Timarni,Onion,Onion,2020-07-10,800,1000,900.0
Madhya Pradesh,Harda,Timarni,Onion,Onion,2020-07-11,900,1000,950.0
Madhya Pradesh,Harda,Timarni,Onion,Onion,2020-07-12,500,800,650.0
Madhya Pradesh,Harda,Timarni,Onion,Onion,2020-07-13,800,800,800.0
Madhya Pradesh,Harda,Timarni,Onion,Onion,2020-07-14,600,800,700.0
Madhya Pradesh,Harda,Timarni,Onion,Onion,2020-07-15,600,800,700.0
Madhya Pradesh,Harda,Timarni,Onion,Onion,2020-07-16,1000,1000,1000.0
Madhya Pradesh,Harda,Timarni,Onion,Onion,2020-07-17,700,800,750.0
Madhya Pradesh,Harda,Timarni,Onion,Onion,2020-07-18,1000,2000,1500.0
Madhya Pradesh,Harda,Timarni,Onion,Onion,2020-07-19,900,900,900.0
Madhya Pradesh,Harda,Timarni,Onion,Onion,2020-07-20,1000,1000,1000.0
Madhya Pradesh,Harda,Timarni,Onion,Onion,2020-07-21,1000,1000,1000.0
Madhya Pradesh,Harda,Timarni,Onion,Onion,2020-07-23,600,900,750.0
Madhya Pradesh,Harda,Timarni,Onion,Onion,2020-07-24,500,500,500.0
Madhya Pradesh,Harda,Timarni,Onion,Onion,2020-07-25,700,800,750.0
Madhya Pradesh,Harda,Timarni,Onion,Onion,2020-07-26,900,900,900.0
Madhya Pradesh,Harda,Timarni,Onion,Onion,2020-07-27,800,900,850.0
Madhya Pradesh,Harda,Timarni,Onion,Onion,2020-07-28,500,900,700.0
Madhya Pradesh,Harda,Timarni,Onion,Onion,2020-07-29,900,900,900.0
Madhya Pradesh,Harda,Timarni,Onion,Onion,2020-07-30,700,1000,850.0
Madhya Pradesh,Harda,Timarni,Onion,Onion,2020-07-31,900,900,900.0
Madhya Pradesh,Harda,Timarni,Onion,Onion,2020-08-01,900,1000,950.0
Madhya Pradesh,Harda,Timarni,Onion,Onion,2020-08-02,500,700,600.0
Madhya Pradesh,Harda,Timarni,Onion,Onion,2020-08-03,700,800,750.0
Madhya Pradesh,Harda,Timarni,Onion,Onion,2020-08-04,800,800,800.0
Madhya Pradesh,Harda,Timarni,Onion,Onion,2020-08-05,700,800,750.0
Madhya Pradesh,Harda,Timarni,Onion,Onion,2020-08-06,500,800,650.0
Madhya Pradesh,Harda,Timarni,Onion,Onion,2020-08-07,500,800,650.0
Madhya Pradesh,Harda,Timarni,Onion,Onion,2020-08-08,700,800,750.0
Madhya Pradesh,Harda,Timarni,Onion,Onion,2020-08-09,500,800,650.0
Madhya Pradesh,Harda,Timarni,Onion,Onion,2020-08-10,600,800,700.0
Madhya Pradesh,Harda,Timarni,Onion,Onion,2020-08-11,700,800,750.0
Madhya Pradesh,Harda,Timarni,Onion,Onion,2020-08-12,700,800,750.0
Madhya Pradesh,Harda,Timarni,Onion,Onion,2020-08-13,800,800,800.0
Madhya Pradesh,Harda,Timarni,Onion,Onion,2020-08-14,700,800,750.0
Madhya Pradesh,Harda,Timarni,Onion,Onion,2020-08-15,800,900,850.0
Madhya Pradesh,Harda,Timarni,Onion,Onion,2020-08-16,900,1000,950.0
Madhya Pradesh,Harda,Timarni,Onion,Onion,2020-08-17,800,1200,1000.0
Madhya Pradesh,Harda,Timarni,Onion,Onion,2020-08-18,500,1200,850.0
Madhya Pradesh,Harda,Timarni,Onion,Onion,2020-08-19,1000,1000,1000.0
Madhya Pradesh,Harda,Timarni,Onion,Onion,2020-08-20,500,1000,750.0
Madhya Pradesh,Harda,Timarni,Onion,Onion,2020-08-21,700,1000,850.0
Madhya Pradesh,Harda,Timarni,Onion,Onion,2020-08-23,700,1000,850.0
Madhya Pradesh,Harda,Timarni,Onion,Onion,2020-08-24,800,1000,900.0
Madhya Pradesh,Harda,Timarni,Onion,Onion,2020-08-25,700,1000,850.0
Madhya Pradesh,Harda,Timarni,Onion,Onion,2020-08-26,800,1100,950.0
Madhya Pradesh,Harda,Timarni,Onion,Onion,2020-08-27,800,1000,900.0
Madhya Pradesh,Harda,Timarni,Onion,Onion,2020-08-28,600,1000,800.0
Madhya Pradesh,Harda,Timarni,Onion,Onion,2020-08-30,800,1200,1000.0
Madhya Pradesh,Harda,Timarni,Onion,Onion,2020-08-31,800,1200,1000.0
Madhya Pradesh,Harda,Timarni,Onion,Onion,2020-09-01,700,1000,850.0
Madhya Pradesh,Harda,Timarni,Onion,Onion,2020-09-02,800,1000,900.0
Madhya Pradesh,Harda,Timarni,Onion,Onion,2020-09-08,800,1500,1150.0
Madhya Pradesh,Harda,Timarni,Onion,Onion,2020-09-09,1000,1800,1400.0
Madhya Pradesh,Harda,Timarni,Onion,Onion,2020-09-12,500,2000,1250.0
Madhya Pradesh,Harda,Timarni,Onion,Onion,2020-09-13,1200,2000,1600.0
Madhya Pradesh,Harda,Timarni,Onion,Onion,2020-09-14,600,2500,1550.0
Madhya Pradesh,Ujjain,Ujjain APMC (F&V),Onion,Onion,2020-01-01,1200,6000,3893.0
Madhya Pradesh,Ujjain,Ujjain APMC (F&V),Onion,Onion,2020-01-02,1200,5500,3420.0
Madhya Pradesh,Ujjain,Ujjain APMC (F&V),Onion,Onion,2020-01-03,1120,5600,3351.0
Madhya Pradesh,Ujjain,Ujjain APMC (F&V),Onion,Onion,2020-01-04,1200,5000,3157.0
Madhya Pradesh,Ujjain,Ujjain APMC (F&V),Onion,Onion,2020-01-06,1050,4200,2485.0
Madhya Pradesh,Ujjain,Ujjain APMC (F&V),Onion,Onion,2020-01-07,950,3800,2544.0
Madhya Pradesh,Ujjain,Ujjain APMC (F&V),Onion,Onion,2020-01-08,650,4100,2490.0
Madhya Pradesh,Ujjain,Ujjain APMC (F&V),Onion,Onion,2020-01-09,950,3800,2454.0
Madhya Pradesh,Ujjain,Ujjain APMC (F&V),Onion,Onion,2020-01-10,300,3500,2316.0
Madhya Pradesh,Ujjain,Ujjain APMC (F&V),Onion,Onion,2020-01-11,350,3400,1961.0
Madhya Pradesh,Ujjain,Ujjain APMC (F&V),Onion,Onion,2020-01-13,350,3000,2017.0
Madhya Pradesh,Ujjain,Ujjain APMC (F&V),Onion,Onion,2020-01-14,350,3500,2259.0
Madhya Pradesh,Ujjain,Ujjain APMC (F&V),Onion,Onion,2020-01-16,400,3050,2528.0
Madhya Pradesh,Ujjain,Ujjain APMC (F&V),Onion,Onion,2020-01-17,400,3000,2605.0
Madhya Pradesh,Ujjain,Ujjain APMC (F&V),Onion,Onion,2020-01-18,900,3600,2530.0
Madhya Pradesh,Ujjain,Ujjain APMC (F&V),Onion,Onion,2020-01-20,300,3500,2187.0
Madhya Pradesh,Ujjain,Ujjain APMC (F&V),Onion,Onion,2020-01-21,550,3650,2088.0
Madhya Pradesh,Ujjain,Ujjain APMC (F&V),Onion,Onion,2020-01-22,900,3700,2594.0
Madhya Pradesh,Ujjain,Ujjain APMC (F&V),Onion,Onion,2020-01-23,900,3800,2186.0
Madhya Pradesh,Ujjain,Ujjain APMC (F&V),Onion,Onion,2020-01-24,1000,3800,2714.0
Madhya Pradesh,Ujjain,Ujjain APMC (F&V),Onion,Onion,2020-01-25,1050,3500,2004.0
Madhya Pradesh,Ujjain,Ujjain APMC (F&V),Onion,Onion,2020-01-27,900,3000,2055.0
Madhya Pradesh,Ujjain,Ujjain APMC (F&V),Onion,Onion,2020-01-28,450,3500,2019.0
Madhya Pradesh,Ujjain,Ujjain APMC (F&V),Onion,Onion,2020-01-29,800,3050,2110.0
Madhya Pradesh,Ujjain,Ujjain APMC (F&V),Onion,Onion,2020-01-31,900,3300,1697.0
Madhya Pradesh,Ujjain,Ujjain APMC (F&V),Onion,Onion,2020-02-01,1050,3000,1834.0
Madhya Pradesh,Ujjain,Ujjain APMC (F&V),Onion,Onion,2020-02-03,850,3000,1505.0
Madhya Pradesh,Ujjain,Ujjain APMC (F&V),Onion,Onion,2020-02-04,500,3050,1675.0
Madhya Pradesh,Ujjain,Ujjain APMC (F&V),Onion,Onion,2020-02-05,550,2550,1445.0
Madhya Pradesh,Ujjain,Ujjain APMC (F&V),Onion,Onion,2020-02-06,300,2800,1094.0
Madhya Pradesh,Ujjain,Ujjain APMC (F&V),Onion,Onion,2020-02-07,500,2500,1290.0
Madhya Pradesh,Ujjain,Ujjain APMC (F&V),Onion,Onion,2020-02-08,550,2550,1463.0
Madhya Pradesh,Ujjain,Ujjain APMC (F&V),Onion,Onion,2020-02-10,500,2550,1477.0
Madhya Pradesh,Ujjain,Ujjain APMC (F&V),Onion,Onion,2020-02-11,850,2550,1481.0
Madhya Pradesh,Ujjain,Ujjain APMC (F&V),Onion,Onion,2020-02-12,550,2550,1448.0
Madhya Pradesh,Ujjain,Ujjain APMC (F&V),Onion,Onion,2020-02-13,550,2400,1570.0
Madhya Pradesh,Ujjain,Ujjain APMC (F&V),Onion,Onion,2020-02-14,400,2550,1667.0
Madhya Pradesh,Ujjain,Ujjain APMC (F&V),Onion,Onion,2020-02-15,300,2400,1558.0
Madhya Pradesh,Ujjain,Ujjain APMC (F&V),Onion,Onion,2020-02-17,300,2300,1664.0
Madhya Pradesh,Ujjain,Ujjain APMC (F&V),Onion,Onion,2020-02-18,350,2450,1557.0
Madhya Pradesh,Ujjain,Ujjain APMC (F&V),Onion,Onion,2020-02-19,550,2400,1612.0
Madhya Pradesh,Ujjain,Ujjain APMC (F&V),Onion,Onion,2020-02-20,350,2400,1647.0
Madhya Pradesh,Ujjain,Ujjain APMC (F&V),Onion,Onion,2020-02-22,350,2350,1418.0
Madhya Pradesh,Ujjain,Ujjain APMC (F&V),Onion,Onion,2020-02-24,350,2400,1658.0
Madhya Pradesh,Ujjain,Ujjain APMC (F&V),Onion,Onion,2020-02-25,500,2550,1321.0
Madhya Pradesh,Ujjain,Ujjain APMC (F&V),Onion,Onion,2020-02-26,450,2350,1328.0
Madhya Pradesh,Ujjain,Ujjain APMC (F&V),Onion,Onion,2020-02-27,500,2400,1475.0
Madhya Pradesh,Ujjain,Ujjain APMC (F&V),Onion,Onion,2020-02-28,600,2300,1389.0
Madhya Pradesh,Ujjain,Ujjain APMC (F&V),Onion,Onion,2020-02-29,550,2400,1300.0
Madhya Pradesh,Ujjain,Ujjain APMC (F&V),Onion,Onion,2020-03-02,300,2500,1219.0
Madhya Pradesh,Ujjain,Ujjain APMC (F&V),Onion,Onion,2020-03-04,300,2400,997.0
Madhya Pradesh,Ujjain,Ujjain APMC (F&V),Onion,Onion,2020-03-05,500,2400,980.0
Madhya Pradesh,Ujjain,Ujjain APMC (F&V),Onion,Onion,2020-03-06,350,2350,1063.0
Madhya Pradesh,Ujjain,Ujjain APMC (F&V),Onion,Onion,2020-03-07,300,1800,1166.0
Madhya Pradesh,Ujjain,Ujjain APMC (F&V),Onion,Onion,2020-03-09,500,2050,1131.0
Madhya Pradesh,Ujjain,Ujjain APMC (F&V),Onion,Onion,2020-03-11,400,2050,1375.0
Madhya Pradesh,Ujjain,Ujjain APMC (F&V),Onion,Onion,2020-03-12,400,1900,1362.0
Madhya Pradesh,Ujjain,Ujjain APMC (F&V),Onion,Onion,2020-03-13,400,2000,1366.0
Madhya Pradesh,Ujjain,Ujjain APMC (F&V),Onion,Onion,2020-03-16,300,1850,1088.0
Madhya Pradesh,Ujjain,Ujjain APMC (F&V),Onion,Onion,2020-03-17,450,1850,880.0
Madhya Pradesh,Ujjain,Ujjain APMC (F&V),Onion,Onion,2020-03-18,300,1800,958.0
Madhya Pradesh,Ujjain,Ujjain APMC (F&V),Onion,Onion,2020-03-19,450,1800,868.0
Madhya Pradesh,Ujjain,Ujjain APMC (F&V),Onion,Onion,2020-03-20,400,1700,1004.0
Madhya Pradesh,Ujjain,Ujjain APMC (F&V),Onion,Onion,2020-03-21,450,2050,1459.0
Madhya Pradesh,Ujjain,Ujjain APMC (F&V),Onion,Onion,2020-05-21,200,600,410.0
Madhya Pradesh,Ujjain,Ujjain APMC (F&V),Onion,Onion,2020-05-22,150,550,432.0
Madhya Pradesh,Ujjain,Ujjain APMC (F&V),Onion,Onion,2020-05-23,225,581,386.0
Madhya Pradesh,Ujjain,Ujjain APMC (F&V),Onion,Onion,2020-05-26,200,812,494.0
Madhya Pradesh,Ujjain,Ujjain APMC (F&V),Onion,Onion,2020-05-27,200,550,433.0
Madhya Pradesh,Ujjain,Ujjain APMC (F&V),Onion,Onion,2020-05-28,150,616,423.0
Madhya Pradesh,Ujjain,Ujjain APMC (F&V),Onion,Onion,2020-05-29,200,551,427.0
Madhya Pradesh,Ujjain,Ujjain APMC (F&V),Onion,Onion,2020-05-30,200,600,441.0
Madhya Pradesh,Ujjain,Ujjain APMC (F&V),Onion,Onion,2020-06-01,200,655,489.0
Madhya Pradesh,Ujjain,Ujjain APMC (F&V),Onion,Onion,2020-06-02,200,700,505.0
Madhya Pradesh,Ujjain,Ujjain APMC (F&V),Onion,Onion,2020-06-03,250,770,521.0
Madhya Pradesh,Ujjain,Ujjain APMC (F&V),Onion,Onion,2020-06-04,200,800,521.0
Madhya Pradesh,Ujjain,Ujjain APMC (F&V),Onion,Onion,2020-06-05,184,760,535.0
Madhya Pradesh,Ujjain,Ujjain APMC (F&V),Onion,Onion,2020-06-06,250,806,502.0
Madhya Pradesh,Ujjain,Ujjain APMC (F&V),Onion,Onion,2020-06-08,140,850,581.0
Madhya Pradesh,Ujjain,Ujjain APMC (F&V),Onion,Onion,2020-06-09,200,1020,664.0
Madhya Pradesh,Ujjain,Ujjain APMC (F&V),Onion,Onion,2020-06-10,100,975,643.0
Madhya Pradesh,Ujjain,Ujjain APMC (F&V),Onion,Onion,2020-06-11,100,950,593.0
Madhya Pradesh,Ujjain,Ujjain APMC (F&V),Onion,Onion,2020-06-12,100,950,593.0
Madhya Pradesh,Ujjain,Ujjain APMC (F&V),Onion,Onion,2020-06-13,100,850,565.0
Madhya Pradesh,Ujjain,Ujjain APMC (F&V),Onion,Onion,2020-06-15,175,890,468.0
Madhya Pradesh,Ujjain,Ujjain APMC (F&V),Onion,Onion,2020-06-16,102,950,566.0
Madhya Pradesh,Ujjain,Ujjain APMC (F&V),Onion,Onion,2020-06-17,120,855,648.0
Madhya Pradesh,Ujjain,Ujjain APMC (F&V),Onion,Onion,2020-06-18,160,885,606.0
Madhya Pradesh,Ujjain,Ujjain APMC (F&V),Onion,Onion,2020-06-19,160,876,602.0
Madhya Pradesh,Ujjain,Ujjain APMC (F&V),Onion,Onion,2020-06-20,151,871,543.0
Madhya Pradesh,Ujjain,Ujjain APMC (F&V),Onion,Onion,2020-06-22,130,825,690.0
Madhya Pradesh,Ujjain,Ujjain APMC (F&V),Onion,Onion,2020-06-23,120,840,525.0
Madhya Pradesh,Ujjain,Ujjain APMC (F&V),Onion,Onion,2020-06-24,223,851,589.0
Madhya Pradesh,Ujjain,Ujjain APMC (F&V),Onion,Onion,2020-06-26,150,860,580.0
Madhya Pradesh,Ujjain,Ujjain APMC (F&V),Onion,Onion,2020-06-27,200,938,609.0
Madhya Pradesh,Ujjain,Ujjain APMC (F&V),Onion,Onion,2020-06-29,200,1300,649.0
Madhya Pradesh,Ujjain,Ujjain APMC (F&V),Onion,Onion,2020-06-30,250,1000,556.0
Madhya Pradesh,Ujjain,Ujjain APMC (F&V),Onion,Onion,2020-07-01,200,933,599.0
Madhya Pradesh,Ujjain,Ujjain APMC (F&V),Onion,Onion,2020-07-02,200,944,569.0
Madhya Pradesh,Ujjain,Ujjain APMC (F&V),Onion,Onion,2020-07-03,198,950,661.0
Madhya Pradesh,Ujjain,Ujjain APMC (F&V),Onion,Onion,2020-07-04,200,950,644.0
Madhya Pradesh,Ujjain,Ujjain APMC (F&V),Onion,Onion,2020-07-06,177,966,681.0
Madhya Pradesh,Ujjain,Ujjain APMC (F&V),Onion,Onion,2020-07-07,179,902,580.0
Madhya Pradesh,Ujjain,Ujjain APMC (F&V),Onion,Onion,2020-07-09,120,868,589.0
Madhya Pradesh,Ujjain,Ujjain APMC (F&V),Onion,Onion,2020-07-10,162,800,547.0
Madhya Pradesh,Ujjain,Ujjain APMC (F&V),Onion,Onion,2020-07-11,140,835,573.0
Madhya Pradesh,Ujjain,Ujjain APMC (F&V),Onion,Onion,2020-07-13,140,901,606.0
Madhya Pradesh,Ujjain,Ujjain APMC (F&V),Onion,Onion,2020-07-14,190,911,588.0
Madhya Pradesh,Ujjain,Ujjain APMC (F&V),Onion,Onion,2020-07-15,120,950,648.0
Madhya Pradesh,Ujjain,Ujjain APMC (F&V),Onion,Onion,2020-07-17,100,902,678.0
Madhya Pradesh,Ujjain,Ujjain APMC (F&V),Onion,Onion,2020-07-18,100,900,661.0
Madhya Pradesh,Ujjain,Ujjain APMC (F&V),Onion,Onion,2020-07-20,160,925,699.0
Madhya Pradesh,Ujjain,Ujjain APMC (F&V),Onion,Onion,2020-07-21,110,850,668.0
Madhya Pradesh,Ujjain,Ujjain APMC (F&V),Onion,Onion,2020-07-22,100,880,631.0
Madhya Pradesh,Ujjain,Ujjain APMC (F&V),Onion,Onion,2020-07-23,100,823,619.0
Madhya Pradesh,Ujjain,Ujjain APMC (F&V),Onion,Onion,2020-07-24,110,851,627.0
Madhya Pradesh,Ujjain,Ujjain APMC (F&V),Onion,Onion,2020-07-27,113,860,616.0
Madhya Pradesh,Ujjain,Ujjain APMC (F&V),Onion,Onion,2020-07-28,150,850,569.0
Madhya Pradesh,Ujjain,Ujjain APMC (F&V),Onion,Onion,2020-07-29,150,811,580.0
Madhya Pradesh,Ujjain,Ujjain APMC (F&V),Onion,Onion,2020-07-30,100,811,591.0
Madhya Pradesh,Ujjain,Ujjain APMC (F&V),Onion,Onion,2020-07-31,100,963,578.0
Madhya Pradesh,Ujjain,Ujjain APMC (F&V),Onion,Onion,2020-08-04,181,851,652.0
Madhya Pradesh,Ujjain,Ujjain APMC (F&V),Onion,Onion,2020-08-05,100,810,533.0
Madhya Pradesh,Ujjain,Ujjain APMC (F&V),Onion,Onion,2020-08-06,100,801,592.0
Madhya Pradesh,Ujjain,Ujjain APMC (F&V),Onion,Onion,2020-08-07,100,811,585.0
Madhya Pradesh,Ujjain,Ujjain APMC (F&V),Onion,Onion,2020-08-08,100,805,638.0
Madhya Pradesh,Ujjain,Ujjain APMC (F&V),Onion,Onion,2020-08-10,100,830,613.0
Madhya Pradesh,Ujjain,Ujjain APMC (F&V),Onion,Onion,2020-08-11,200,825,613.0
Madhya Pradesh,Ujjain,Ujjain APMC (F&V),Onion,Onion,2020-08-13,200,1001,719.0
Madhya Pradesh,Ujjain,Ujjain APMC (F&V),Onion,Onion,2020-08-14,100,906,704.0
Madhya Pradesh,Ujjain,Ujjain APMC (F&V),Onion,Onion,2020-08-18,100,1115,756.0
Madhya Pradesh,Ujjain,Ujjain APMC (F&V),Onion,Onion,2020-08-19,200,1380,969.0
Madhya Pradesh,Ujjain,Ujjain APMC (F&V),Onion,Onion,2020-08-20,240,1415,1018.0
Madhya Pradesh,Ujjain,Ujjain APMC (F&V),Onion,Onion,2020-08-21,100,1211,880.0
Madhya Pradesh,Ujjain,Ujjain APMC (F&V),Onion,Onion,2020-08-24,150,1286,858.0
Madhya Pradesh,Ujjain,Ujjain APMC (F&V),Onion,Onion,2020-08-26,160,1321,894.0
Madhya Pradesh,Ujjain,Ujjain APMC (F&V),Onion,Onion,2020-08-27,150,1510,1043.0
Madhya Pradesh,Ujjain,Ujjain APMC (F&V),Onion,Onion,2020-08-31,150,1613,1184.0
Madhya Pradesh,Ujjain,Ujjain APMC (F&V),Onion,Onion,2020-09-01,180,1650,1204.0
Madhya Pradesh,Ujjain,Ujjain APMC (F&V),Onion,Onion,2020-09-02,120,1852,1322.0
Madhya Pradesh,Ujjain,Ujjain APMC (F&V),Onion,Onion,2020-09-08,100,2300,1436.0
Madhya Pradesh,Ujjain,Ujjain APMC (F&V),Onion,Onion,2020-09-09,150,2605,1914.0
Madhya Pradesh,Ujjain,Ujjain APMC (F&V),Onion,Onion,2020-09-12,120,2525,1835.0
Madhya Pradesh,Ujjain,Ujjain APMC (F&V),Onion,Onion,2020-09-14,150,2851,2102.0
