state,district,market,commodity,variety,arrival_date,arrivals_tonnes,min_price,max_price,modal_price,year,month
Madhya Pradesh,Ujjain,Ujjain APMC,Onion,Onion,01/01/2024,11.71,200.0,1670.0,200.0,2024,1
Madhya Pradesh,Ujjain,Ujjain APMC,Onion,Onion,02/01/2024,5.99,1148.0,1782.0,1148.0,2024,1
Madhya Pradesh,Ujjain,Ujjain APMC,Onion,Onion,03/01/2024,13.88,1210.0,2012.0,1210.0,2024,1
Madhya Pradesh,Ujjain,Ujjain APMC,Onion,Onion,04/01/2024,16.33,986.0,2006.0,986.0,2024,1
Madhya Pradesh,Ujjain,Ujjain APMC,Onion,Onion,05/01/2024,38.79,400.0,1727.0,400.0,2024,1
Madhya Pradesh,Ujjain,Ujjain APMC,Onion,Onion,06/01/2024,40.68,280.0,1790.0,280.0,2024,1
Madhya Pradesh,Ujjain,Ujjain APMC,Onion,Onion,08/01/2024,39.86,570.0,1624.0,570.0,2024,1
Madhya Pradesh,Ujjain,Ujjain APMC,Onion,Onion,09/01/2024,26.6,511.0,1875.0,511.0,2024,1
Madhya Pradesh,Ujjain,Ujjain APMC,Onion,Onion,10/01/2024,18.86,583.0,1214.0,583.0,2024,1
Madhya Pradesh,Ujjain,Ujjain APMC,Onion,Onion,11/01/2024,36.97,534.0,1454.0,534.0,2024,1
Madhya Pradesh,Ujjain,Ujjain APMC,Onion,Onion,12/01/2024,26.41,450.0,1825.0,450.0,2024,1
Madhya Pradesh,Ujjain,Ujjain APMC,Onion,Onion,13/01/2024,36.33,381.0,1706.0,381.0,2024,1
Madhya Pradesh,Ujjain,Ujjain APMC,Onion,Onion,16/01/2024,42.49,856.0,2151.0,856.0,2024,1
Madhya Pradesh,Ujjain,Ujjain APMC,Onion,Onion,17/01/2024,45.15,220.0,1900.0,220.0,2024,1
Madhya Pradesh,Ujjain,Ujjain APMC,Onion,Onion,18/01/2024,122.88,474.0,1524.0,474.0,2024,1
Madhya Pradesh,Ujjain,Ujjain APMC,Onion,Onion,19/01/2024,179.94,100.0,1451.0,100.0,2024,1
Madhya Pradesh,Ujjain,Ujjain APMC,Onion,Onion,20/01/2024,92.27,150.0,1033.0,400.0,2024,1
Madhya Pradesh,Ujjain,Ujjain APMC,Onion,Onion,23/01/2024,32.12,376.0,1154.0,376.0,2024,1
Madhya Pradesh,Ujjain,Ujjain APMC,Onion,Onion,24/01/2024,64.97,214.0,1011.0,214.0,2024,1
Madhya Pradesh,Ujjain,Ujjain APMC,Onion,Onion,25/01/2024,106.49,134.0,1133.0,700.0,2024,1
Madhya Pradesh,Ujjain,Ujjain APMC,Onion,Onion,27/01/2024,123.42,201.0,1297.0,201.0,2024,1
Madhya Pradesh,Ujjain,Ujjain APMC,Onion,Onion,29/01/2024,125.9,140.0,1138.0,140.0,2024,1
Madhya Pradesh,Ujjain,Ujjain APMC,Onion,Onion,30/01/2024,88.31,180.0,924.0,250.0,2024,1
Madhya Pradesh,Ujjain,Ujjain APMC,Onion,Onion,31/01/2024,79.35,229.0,973.0,229.0,2024,1
Madhya Pradesh,Ujjain,Ujjain APMC,Onion,Onion,01/02/2024,87.88,170.0,999.0,170.0,2024,2
Madhya Pradesh,Ujjain,Ujjain APMC,Onion,Onion,02/02/2024,45.81,200.0,1024.0,200.0,2024,2
Madhya Pradesh,Ujjain,Ujjain APMC,Onion,Onion,03/02/2024,77.15,200.0,1100.0,200.0,2024,2
Madhya Pradesh,Ujjain,Ujjain APMC,Onion,Onion,05/02/2024,42.8,220.0,1116.0,700.0,2024,2
Madhya Pradesh,Ujjain,Ujjain APMC,Onion,Onion,06/02/2024,34.97,264.0,1016.0,264.0,2024,2
Madhya Pradesh,Ujjain,Ujjain APMC,Onion,Onion,07/02/2024,39.27,182.0,1194.0,1000.0,2024,2
Madhya Pradesh,Ujjain,Ujjain APMC,Onion,Onion,08/02/2024,35.05,213.0,1025.0,213.0,2024,2
Madhya Pradesh,Ujjain,Ujjain APMC,Onion,Onion,09/02/2024,41.3,180.0,1257.0,200.0,2024,2
Madhya Pradesh,Ujjain,Ujjain APMC,Onion,Onion,10/02/2024,33.05,222.0,1122.0,222.0,2024,2
Madhya Pradesh,Ujjain,Ujjain APMC,Onion,Onion,12/02/2024,27.29,188.0,1451.0,188.0,2024,2
Madhya Pradesh,Ujjain,Ujjain APMC,Onion,Onion,13/02/2024,45.6,190.0,1311.0,190.0,2024,2
Madhya Pradesh,Ujjain,Ujjain APMC,Onion,Onion,15/02/2024,47.79,100.0,1149.0,200.0,2024,2
Madhya Pradesh,Ujjain,Ujjain APMC,Onion,Onion,16/02/2024,43.2,329.0,1119.0,329.0,2024,2
Madhya Pradesh,Ujjain,Ujjain APMC,Onion,Onion,17/02/2024,29.91,443.0,1152.0,443.0,2024,2
Madhya Pradesh,Ujjain,Ujjain APMC,Onion,Onion,19/02/2024,24.46,430.0,1497.0,430.0,2024,2
Madhya Pradesh,Ujjain,Ujjain APMC,Onion,Onion,20/02/2024,29.94,220.0,1811.0,1811.0,2024,2
Madhya Pradesh,Ujjain,Ujjain APMC,Onion,Onion,21/02/2024,26.21,274.0,2550.0,274.0,2024,2
Madhya Pradesh,Ujjain,Ujjain APMC,Onion,Onion,22/02/2024,12.12,746.0,2550.0,746.0,2024,2
Madhya Pradesh,Ujjain,Ujjain APMC,Onion,Onion,23/02/2024,41.18,330.0,2550.0,400.0,2024,2
Madhya Pradesh,Ujjain,Ujjain APMC,Onion,Onion,24/02/2024,19.84,243.0,1163.0,243.0,2024,2
Madhya Pradesh,Ujjain,Ujjain APMC,Onion,Onion,27/02/2024,105.88,323.0,1593.0,600.0,2024,2
Madhya Pradesh,Ujjain,Ujjain APMC,Onion,Onion,28/02/2024,56.83,400.0,1242.0,400.0,2024,2
Madhya Pradesh,Ujjain,Ujjain APMC,Onion,Onion,29/02/2024,78.44,240.0,1449.0,1449.0,2024,2
Madhya Pradesh,Ujjain,Ujjain APMC,Onion,Onion,01/03/2024,42.78,210.0,1219.0,1219.0,2024,3
Madhya Pradesh,Ujjain,Ujjain APMC,Onion,Onion,02/03/2024,32.77,160.0,1045.0,1045.0,2024,3
Madhya Pradesh,Ujjain,Ujjain APMC,Onion,Onion,04/03/2024,39.13,350.0,2072.0,600.0,2024,3
Madhya Pradesh,Ujjain,Ujjain APMC,Onion,Onion,05/03/2024,32.67,250.0,2350.0,2350.0,2024,3
Madhya Pradesh,Ujjain,Ujjain APMC,Onion,Onion,06/03/2024,48.71,350.0,1843.0,1843.0,2024,3
Madhya Pradesh,Ujjain,Ujjain APMC,Onion,Onion,07/03/2024,36.97,200.0,1701.0,1701.0,2024,3
Madhya Pradesh,Ujjain,Ujjain APMC,Onion,Onion,09/03/2024,39.03,320.0,1389.0,1389.0,2024,3
Madhya Pradesh,Ujjain,Ujjain APMC,Onion,Onion,11/03/2024,42.71,400.0,1625.0,1625.0,2024,3
Madhya Pradesh,Ujjain,Ujjain APMC,Onion,Onion,12/03/2024,42.46,274.0,1362.0,1362.0,2024,3
Madhya Pradesh,Ujjain,Ujjain APMC,Onion,Onion,13/03/2024,33.27,249.0,1472.0,1472.0,2024,3
Madhya Pradesh,Ujjain,Ujjain APMC,Onion,Onion,14/03/2024,44.02,240.0,2111.0,500.0,2024,3
Madhya Pradesh,Ujjain,Ujjain APMC,Onion,Onion,15/03/2024,32.57,280.0,2000.0,2000.0,2024,3
Madhya Pradesh,Ujjain,Ujjain APMC,Onion,Onion,16/03/2024,45.81,200.0,1950.0,1950.0,2024,3
Madhya Pradesh,Ujjain,Ujjain APMC,Onion,Onion,18/03/2024,65.39,180.0,1949.0,1949.0,2024,3
Madhya Pradesh,Ujjain,Ujjain APMC,Onion,Onion,19/03/2024,30.38,200.0,1950.0,200.0,2024,3
Madhya Pradesh,Ujjain,Ujjain APMC,Onion,Onion,20/03/2024,31.76,220.0,1896.0,1896.0,2024,3
Madhya Pradesh,Ujjain,Ujjain APMC,Onion,Onion,21/03/2024,42.17,416.0,1739.0,1739.0,2024,3
Madhya Pradesh,Ujjain,Ujjain APMC,Onion,Onion,22/03/2024,31.45,500.0,1557.0,900.0,2024,3
Madhya Pradesh,Ujjain,Ujjain APMC,Onion,Onion,23/03/2024,23.8,310.0,1850.0,1850.0,2024,3
Madhya Pradesh,Ujjain,Ujjain APMC,Onion,Onion,26/03/2024,28.64,1496.0,1800.0,1800.0,2024,3
Madhya Pradesh,Ujjain,Ujjain APMC,Onion,Onion,27/03/2024,39.46,360.0,1700.0,1700.0,2024,3
Madhya Pradesh,Ujjain,Ujjain APMC,Onion,Onion,28/03/2024,43.38,384.0,1650.0,1650.0,2024,3
Madhya Pradesh,Ujjain,Ujjain APMC,Onion,Onion,29/03/2024,40.06,518.0,1650.0,1650.0,2024,3
Madhya Pradesh,Ujjain,Ujjain APMC,Onion,Onion,01/04/2024,67.37,355.0,1425.0,1425.0,2024,4
Madhya Pradesh,Ujjain,Ujjain APMC,Onion,Onion,02/04/2024,86.92,120.0,1293.0,1200.0,2024,4
Madhya Pradesh,Ujjain,Ujjain APMC,Onion,Onion,03/04/2024,115.59,140.0,1300.0,1300.0,2024,4
Madhya Pradesh,Ujjain,Ujjain APMC,Onion,Onion,04/04/2024,57.03,267.0,1600.0,1600.0,2024,4
Madhya Pradesh,Ujjain,Ujjain APMC,Onion,Onion,05/04/2024,61.79,200.0,1843.0,1843.0,2024,4
Madhya Pradesh,Ujjain,Ujjain APMC,Onion,Onion,06/04/2024,70.48,498.0,1600.0,1400.0,2024,4
Madhya Pradesh,Ujjain,Ujjain APMC,Onion,Onion,08/04/2024,50.9,682.0,1811.0,1811.0,2024,4
Madhya Pradesh,Ujjain,Ujjain APMC,Onion,Onion,13/04/2024,85.94,341.0,1699.0,500.0,2024,4
Madhya Pradesh,Ujjain,Ujjain APMC,Onion,Onion,15/04/2024,186.82,374.0,1711.0,1600.0,2024,4
Madhya Pradesh,Ujjain,Ujjain APMC,Onion,Onion,16/04/2024,52.44,519.0,1764.0,1650.0,2024,4
Madhya Pradesh,Ujjain,Ujjain APMC,Onion,Onion,18/04/2024,74.04,676.0,1750.0,1750.0,2024,4
Madhya Pradesh,Ujjain,Ujjain APMC,Onion,Onion,19/04/2024,70.75,400.0,1751.0,800.0,2024,4
Madhya Pradesh,Ujjain,Ujjain APMC,Onion,Onion,20/04/2024,58.68,100.0,1700.0,1700.0,2024,4
Madhya Pradesh,Ujjain,Ujjain APMC,Onion,Onion,22/04/2024,82.03,339.0,1850.0,1800.0,2024,4
Madhya Pradesh,Ujjain,Ujjain APMC,Onion,Onion,23/04/2024,80.87,600.0,2061.0,2061.0,2024,4
Madhya Pradesh,Ujjain,Ujjain APMC,Onion,Onion,24/04/2024,182.85,300.0,1711.0,1400.0,2024,4
Madhya Pradesh,Ujjain,Ujjain APMC,Onion,Onion,25/04/2024,152.01,200.0,1554.0,1300.0,2024,4
Madhya Pradesh,Ujjain,Ujjain APMC,Onion,Onion,26/04/2024,103.01,325.0,1651.0,1651.0,2024,4
Madhya Pradesh,Ujjain,Ujjain APMC,Onion,Onion,27/04/2024,86.51,300.0,1825.0,1825.0,2024,4
Madhya Pradesh,Ujjain,Ujjain APMC,Onion,Onion,29/04/2024,175.42,250.0,1632.0,400.0,2024,4
Madhya Pradesh,Ujjain,Ujjain APMC,Onion,Onion,30/04/2024,190.57,100.0,4000.0,1201.0,2024,4
Madhya Pradesh,Ujjain,Ujjain APMC,Onion,Onion,02/05/2024,364.98,202.0,2250.0,300.0,2024,5
Madhya Pradesh,Ujjain,Ujjain APMC,Onion,Onion,03/05/2024,334.59,210.0,1822.0,300.0,2024,5
Madhya Pradesh,Ujjain,Ujjain APMC,Onion,Onion,04/05/2024,351.91,248.0,2039.0,400.0,2024,5
Madhya Pradesh,Ujjain,Ujjain APMC,Onion,Onion,06/05/2024,442.95,325.0,2600.0,500.0,2024,5
Madhya Pradesh,Ujjain,Ujjain APMC,Onion,Onion,07/05/2024,413.52,247.0,2931.0,500.0,2024,5
Madhya Pradesh,Ujjain,Ujjain APMC,Onion,Onion,08/05/2024,494.24,310.0,1801.0,500.0,2024,5
Madhya Pradesh,Ujjain,Ujjain APMC,Onion,Onion,09/05/2024,213.775,300.0,1955.0,500.0,2024,5
Madhya Pradesh,Ujjain,Ujjain APMC,Onion,White,09/05/2024,213.775,450.0,451.0,500.0,2024,5
Madhya Pradesh,Ujjain,Ujjain APMC,Onion,Onion,10/05/2024,214.34,400.0,2011.0,1100.0,2024,5
Madhya Pradesh,Ujjain,Ujjain APMC,Onion,Onion,11/05/2024,238.2,309.0,1825.0,1800.0,2024,5
Madhya Pradesh,Ujjain,Ujjain APMC,Onion,Onion,15/05/2024,479.84,320.0,1813.0,400.0,2024,5
Madhya Pradesh,Ujjain,Ujjain APMC,Onion,Onion,16/05/2024,348.19,250.0,1690.0,400.0,2024,5
Madhya Pradesh,Ujjain,Ujjain APMC,Onion,Onion,17/05/2024,492.25,173.0,1735.0,400.0,2024,5
Madhya Pradesh,Ujjain,Ujjain APMC,Onion,Other,18/05/2024,147.485,1475.0,1475.0,1400.0,2024,5
Madhya Pradesh,Ujjain,Ujjain APMC,Onion,Onion,18/05/2024,147.485,250.0,4529.0,1400.0,2024,5
Madhya Pradesh,Ujjain,Ujjain APMC,Onion,Onion,20/05/2024,299.61,200.0,1683.0,400.0,2024,5
Madhya Pradesh,Ujjain,Ujjain APMC,Onion,Onion,21/05/2024,286.43,300.0,1600.0,800.0,2024,5
Madhya Pradesh,Ujjain,Ujjain APMC,Onion,Onion,22/05/2024,250.87,123.0,6550.0,1300.0,2024,5
Madhya Pradesh,Ujjain,Ujjain APMC,Onion,Bellary,23/05/2024,75.945,451.0,451.0,1530.0,2024,5
Madhya Pradesh,Ujjain,Ujjain APMC,Onion,Onion,23/05/2024,75.945,365.0,1829.0,1530.0,2024,5
Madhya Pradesh,Ujjain,Ujjain APMC,Onion,Onion,24/05/2024,253.74,176.0,1811.0,500.0,2024,5
Madhya Pradesh,Ujjain,Ujjain APMC,Onion,Onion,25/05/2024,148.13,380.0,1771.0,1250.0,2024,5
Madhya Pradesh,Ujjain,Ujjain APMC,Onion,Onion,27/05/2024,259.84,250.0,1560.0,600.0,2024,5
Madhya Pradesh,Ujjain,Ujjain APMC,Onion,Onion,28/05/2024,230.16,400.0,1781.0,600.0,2024,5
Madhya Pradesh,Ujjain,Ujjain APMC,Onion,Onion,29/05/2024,96.41,400.0,2100.0,1500.0,2024,5
Madhya Pradesh,Ujjain,Ujjain APMC,Onion,White,29/05/2024,96.41,651.0,651.0,1500.0,2024,5
Madhya Pradesh,Ujjain,Ujjain APMC,Onion,Onion,30/05/2024,182.16,156.0,1887.0,1700.0,2024,5
Madhya Pradesh,Ujjain,Ujjain APMC,Onion,Onion,31/05/2024,163.42,361.0,1926.0,600.0,2024,5
Madhya Pradesh,Ujjain,Ujjain APMC,Onion,Onion,01/06/2024,237.39,200.0,2026.0,900.0,2024,6
Madhya Pradesh,Ujjain,Ujjain APMC,Onion,White,03/06/2024,150.85,1582.0,1582.0,1600.0,2024,6
Madhya Pradesh,Ujjain,Ujjain APMC,Onion,Onion,03/06/2024,150.85,129.0,2578.0,1600.0,2024,6
Madhya Pradesh,Ujjain,Ujjain APMC,Onion,Onion,04/06/2024,238.02,100.0,1950.0,600.0,2024,6
Madhya Pradesh,Ujjain,Ujjain APMC,Onion,Onion,05/06/2024,357.27,170.0,2181.0,600.0,2024,6
Madhya Pradesh,Ujjain,Ujjain APMC,Onion,Onion,06/06/2024,295.62,313.0,2092.0,1400.0,2024,6
Madhya Pradesh,Ujjain,Ujjain APMC,Onion,Onion,07/06/2024,550.7,200.0,2000.0,1300.0,2024,6
Madhya Pradesh,Ujjain,Ujjain APMC,Onion,Onion,08/06/2024,443.53,200.0,2211.0,600.0,2024,6
Madhya Pradesh,Ujjain,Ujjain APMC,Onion,Onion,10/06/2024,576.61,200.0,2761.0,2300.0,2024,6
Madhya Pradesh,Ujjain,Ujjain APMC,Onion,Onion,11/06/2024,608.53,478.0,2350.0,2000.0,2024,6
Madhya Pradesh,Ujjain,Ujjain APMC,Onion,Onion,12/06/2024,622.88,250.0,2299.0,1800.0,2024,6
Madhya Pradesh,Ujjain,Ujjain APMC,Onion,Onion,13/06/2024,560.74,400.0,2298.0,600.0,2024,6
Madhya Pradesh,Ujjain,Ujjain APMC,Onion,Onion,14/06/2024,617.59,400.0,2300.0,1800.0,2024,6
Madhya Pradesh,Ujjain,Ujjain APMC,Onion,Onion,15/06/2024,371.45,100.0,2510.0,2100.0,2024,6
Madhya Pradesh,Ujjain,Ujjain APMC,Onion,Onion,18/06/2024,365.7,451.0,2503.0,2100.0,2024,6
Madhya Pradesh,Ujjain,Ujjain APMC,Onion,Onion,19/06/2024,486.91,500.0,8887.0,2300.0,2024,6
Madhya Pradesh,Ujjain,Ujjain APMC,Onion,White,20/06/2024,220.41,740.0,740.0,2700.0,2024,6
Madhya Pradesh,Ujjain,Ujjain APMC,Onion,Onion,20/06/2024,220.41,461.0,3150.0,2700.0,2024,6
Madhya Pradesh,Ujjain,Ujjain APMC,Onion,Onion,21/06/2024,415.31,580.0,3010.0,2000.0,2024,6
Madhya Pradesh,Ujjain,Ujjain APMC,Onion,Onion,22/06/2024,323.53,500.0,2910.0,2700.0,2024,6
Madhya Pradesh,Ujjain,Ujjain APMC,Onion,Onion,24/06/2024,390.52,571.0,2911.0,2600.0,2024,6
Madhya Pradesh,Ujjain,Ujjain APMC,Onion,Onion,25/06/2024,383.47,438.0,3010.0,2700.0,2024,6
Madhya Pradesh,Ujjain,Ujjain APMC,Onion,Onion,26/06/2024,383.58,500.0,2863.0,2100.0,2024,6
Madhya Pradesh,Ujjain,Ujjain APMC,Onion,Onion,27/06/2024,373.42,367.0,2850.0,2800.0,2024,6
Madhya Pradesh,Ujjain,Ujjain APMC,Onion,Onion,28/06/2024,135.285,700.0,2759.0,1500.0,2024,6
Madhya Pradesh,Ujjain,Ujjain APMC,Onion,Bellary,28/06/2024,135.285,2000.0,2000.0,2000.0,2024,6
Madhya Pradesh,Ujjain,Ujjain APMC,Onion,Onion,29/06/2024,292.84,500.0,2711.0,2700.0,2024,6
Madhya Pradesh,Ujjain,Ujjain APMC,Onion,Onion,01/07/2024,414.77,749.0,2950.0,2500.0,2024,7
Madhya Pradesh,Ujjain,Ujjain APMC,Onion,Onion,02/07/2024,460.61,422.0,3000.0,2700.0,2024,7
Madhya Pradesh,Ujjain,Ujjain APMC,Onion,Onion,03/07/2024,511.71,500.0,2903.0,2000.0,2024,7
Madhya Pradesh,Ujjain,Ujjain APMC,Onion,Onion,04/07/2024,382.57,300.0,3015.0,2700.0,2024,7
Madhya Pradesh,Ujjain,Ujjain APMC,Onion,Onion,05/07/2024,221.085,856.0,3124.0,2900.0,2024,7
Madhya Pradesh,Ujjain,Ujjain APMC,Onion,White,05/07/2024,221.085,2750.0,2750.0,2900.0,2024,7
Madhya Pradesh,Ujjain,Ujjain APMC,Onion,Onion,06/07/2024,421.17,800.0,2950.0,2900.0,2024,7
Madhya Pradesh,Ujjain,Ujjain APMC,Onion,Onion,08/07/2024,512.54,768.0,2900.0,2700.0,2024,7
Madhya Pradesh,Ujjain,Ujjain APMC,Onion,Onion,09/07/2024,327.26,500.0,2861.0,2600.0,2024,7
Madhya Pradesh,Ujjain,Ujjain APMC,Onion,Onion,10/07/2024,442.2,700.0,2804.0,2800.0,2024,7
Madhya Pradesh,Ujjain,Ujjain APMC,Onion,Onion,11/07/2024,386.59,949.0,2811.0,2500.0,2024,7
Madhya Pradesh,Ujjain,Ujjain APMC,Onion,Onion,12/07/2024,373.49,950.0,2800.0,2400.0,2024,7
Madhya Pradesh,Ujjain,Ujjain APMC,Onion,Onion,13/07/2024,323.14,798.0,2811.0,2600.0,2024,7
Madhya Pradesh,Ujjain,Ujjain APMC,Onion,Onion,15/07/2024,341.9,1000.0,2811.0,2300.0,2024,7
Madhya Pradesh,Ujjain,Ujjain APMC,Onion,Onion,16/07/2024,240.59,800.0,2801.0,2100.0,2024,7
Madhya Pradesh,Ujjain,Ujjain APMC,Onion,Onion,18/07/2024,426.11,851.0,2851.0,2300.0,2024,7
Madhya Pradesh,Ujjain,Ujjain APMC,Onion,Onion,19/07/2024,254.425,600.0,2761.0,2600.0,2024,7
Madhya Pradesh,Ujjain,Ujjain APMC,Onion,White,19/07/2024,254.425,2487.0,2487.0,2487.0,2024,7
Madhya Pradesh,Ujjain,Ujjain APMC,Onion,White,20/07/2024,206.705,2471.0,2471.0,2471.0,2024,7
Madhya Pradesh,Ujjain,Ujjain APMC,Onion,Onion,20/07/2024,206.705,700.0,2725.0,2600.0,2024,7
Madhya Pradesh,Ujjain,Ujjain APMC,Onion,Onion,22/07/2024,119.86,800.0,2771.0,2725.0,2024,7
Madhya Pradesh,Ujjain,Ujjain APMC,Onion,White,22/07/2024,119.86,2500.0,2500.0,2500.0,2024,7
Madhya Pradesh,Ujjain,Ujjain APMC,Onion,Onion,23/07/2024,387.55,828.0,2711.0,2600.0,2024,7
Madhya Pradesh,Ujjain,Ujjain APMC,Onion,Onion,24/07/2024,207.805,1030.0,2810.0,2400.0,2024,7
Madhya Pradesh,Ujjain,Ujjain APMC,Onion,White,24/07/2024,207.805,2400.0,2400.0,2400.0,2024,7
Madhya Pradesh,Ujjain,Ujjain APMC,Onion,White,25/07/2024,193.155,1349.0,2579.0,2579.0,2024,7
Madhya Pradesh,Ujjain,Ujjain APMC,Onion,Onion,25/07/2024,193.155,800.0,2772.0,2500.0,2024,7
Madhya Pradesh,Ujjain,Ujjain APMC,Onion,Onion,26/07/2024,320.93,550.0,2701.0,2400.0,2024,7
Madhya Pradesh,Ujjain,Ujjain APMC,Onion,Onion,27/07/2024,311.76,650.0,2728.0,2600.0,2024,7
Madhya Pradesh,Ujjain,Ujjain APMC,Onion,Onion,29/07/2024,274.18,400.0,2727.0,2100.0,2024,7
Madhya Pradesh,Ujjain,Ujjain APMC,Onion,Onion,30/07/2024,340.64,886.0,2725.0,2300.0,2024,7
Madhya Pradesh,Ujjain,Ujjain APMC,Onion,Onion,31/07/2024,379.79,900.0,2707.0,2400.0,2024,7
Madhya Pradesh,Ujjain,Ujjain APMC,Onion,Onion,01/08/2024,272.97,1000.0,2800.0,2600.0,2024,8
Madhya Pradesh,Ujjain,Ujjain APMC,Onion,Onion,02/08/2024,308.25,943.0,2752.0,2500.0,2024,8
Madhya Pradesh,Ujjain,Ujjain APMC,Onion,Onion,03/08/2024,248.93,800.0,2754.0,2500.0,2024,8
Madhya Pradesh,Ujjain,Ujjain APMC,Onion,Onion,05/08/2024,129.86,800.0,2950.0,2900.0,2024,8
Madhya Pradesh,Ujjain,Ujjain APMC,Onion,White,05/08/2024,129.86,2515.0,2515.0,2515.0,2024,8
Madhya Pradesh,Ujjain,Ujjain APMC,Onion,Onion,06/08/2024,181.855,700.0,3000.0,2300.0,2024,8
Madhya Pradesh,Ujjain,Ujjain APMC,Onion,White,06/08/2024,181.855,2245.0,2245.0,2245.0,2024,8
Madhya Pradesh,Ujjain,Ujjain APMC,Onion,White,07/08/2024,200.225,2700.0,2883.0,2883.0,2024,8
Madhya Pradesh,Ujjain,Ujjain APMC,Onion,Onion,07/08/2024,200.225,800.0,2971.0,2800.0,2024,8
Madhya Pradesh,Ujjain,Ujjain APMC,Onion,Onion,08/08/2024,447.2,800.0,3254.0,3100.0,2024,8
Madhya Pradesh,Ujjain,Ujjain APMC,Onion,Onion,10/08/2024,359.015,150.0,3472.0,3000.0,2024,8
Madhya Pradesh,Ujjain,Ujjain APMC,Onion,White,10/08/2024,359.015,2557.0,2557.0,2557.0,2024,8
Madhya Pradesh,Ujjain,Ujjain APMC,Onion,Onion,12/08/2024,597.98,1100.0,3517.0,3300.0,2024,8
Madhya Pradesh,Ujjain,Ujjain APMC,Onion,Onion,13/08/2024,612.99,800.0,3511.0,3200.0,2024,8
Madhya Pradesh,Ujjain,Ujjain APMC,Onion,Onion,14/08/2024,435.54,800.0,3650.0,3100.0,2024,8
Madhya Pradesh,Ujjain,Ujjain APMC,Onion,White,14/08/2024,435.54,3183.0,3325.0,3325.0,2024,8
Madhya Pradesh,Ujjain,Ujjain APMC,Onion,White,16/08/2024,320.38,3050.0,3050.0,3050.0,2024,8
Madhya Pradesh,Ujjain,Ujjain APMC,Onion,Onion,16/08/2024,320.38,880.0,3971.0,3000.0,2024,8
Madhya Pradesh,Ujjain,Ujjain APMC,Onion,Onion,17/08/2024,277.57,800.0,3316.0,2900.0,2024,8
Madhya Pradesh,Ujjain,Ujjain APMC,Onion,Onion,20/08/2024,142.47,952.0,3350.0,3300.0,2024,8
Madhya Pradesh,Ujjain,Ujjain APMC,Onion,Onion,21/08/2024,193.65,800.0,3611.0,3200.0,2024,8
Madhya Pradesh,Ujjain,Ujjain APMC,Onion,Onion,22/08/2024,454.43,1345.0,3607.0,3400.0,2024,8
Madhya Pradesh,Ujjain,Ujjain APMC,Onion,Onion,23/08/2024,755.15,600.0,3800.0,3400.0,2024,8
Madhya Pradesh,Ujjain,Ujjain APMC,Onion,Onion,24/08/2024,763.04,825.0,3700.0,3551.0,2024,8
Madhya Pradesh,Ujjain,Ujjain APMC,Onion,Onion,27/08/2024,416.41,200.0,3751.0,3500.0,2024,8
Madhya Pradesh,Ujjain,Ujjain APMC,Onion,Onion,28/08/2024,616.4,500.0,3700.0,3500.0,2024,8
Madhya Pradesh,Ujjain,Ujjain APMC,Onion,White,29/08/2024,379.495,3350.0,3350.0,3350.0,2024,8
Madhya Pradesh,Ujjain,Ujjain APMC,Onion,Onion,29/08/2024,379.495,800.0,3525.0,3000.0,2024,8
Madhya Pradesh,Ujjain,Ujjain APMC,Onion,Onion,30/08/2024,376.595,686.0,3415.0,3000.0,2024,8
Madhya Pradesh,Ujjain,Ujjain APMC,Onion,White,30/08/2024,376.595,2755.0,2802.0,2802.0,2024,8
Madhya Pradesh,Ujjain,Ujjain APMC,Onion,Onion,31/08/2024,220.43,749.0,3511.0,3200.0,2024,8
Madhya Pradesh,Ujjain,Ujjain APMC,Onion,White,31/08/2024,220.43,3216.0,3216.0,3216.0,2024,8
Madhya Pradesh,Ujjain,Ujjain APMC,Onion,Onion,03/09/2024,570.63,800.0,4021.0,3500.0,2024,9
Madhya Pradesh,Ujjain,Ujjain APMC,Onion,Onion,04/09/2024,712.59,800.0,3911.0,3300.0,2024,9
Madhya Pradesh,Ujjain,Ujjain APMC,Onion,Onion,05/09/2024,720.96,800.0,3800.0,3600.0,2024,9
Madhya Pradesh,Ujjain,Ujjain APMC,Onion,Onion,06/09/2024,650.8,600.0,3700.0,3000.0,2024,9
Madhya Pradesh,Ujjain,Ujjain APMC,Onion,Onion,07/09/2024,385.96,567.0,3721.0,3400.0,2024,9
Madhya Pradesh,Ujjain,Ujjain APMC,Onion,Onion,09/09/2024,360.93,600.0,3461.0,3300.0,2024,9
Madhya Pradesh,Ujjain,Ujjain APMC,Onion,White,09/09/2024,360.93,3251.0,3299.0,3299.0,2024,9
Madhya Pradesh,Ujjain,Ujjain APMC,Onion,Onion,10/09/2024,382.32,500.0,3532.0,3200.0,2024,9
Madhya Pradesh,Ujjain,Ujjain APMC,Onion,Onion,11/09/2024,401.96,723.0,3800.0,3700.0,2024,9
Madhya Pradesh,Ujjain,Ujjain APMC,Onion,Onion,12/09/2024,324.175,500.0,3852.0,3300.0,2024,9
Madhya Pradesh,Ujjain,Ujjain APMC,Onion,White,12/09/2024,324.175,1251.0,3200.0,3200.0,2024,9
Madhya Pradesh,Ujjain,Ujjain APMC,Onion,Onion,13/09/2024,426.23,800.0,3951.0,3500.0,2024,9
Madhya Pradesh,Ujjain,Ujjain APMC,Onion,Onion,14/09/2024,385.36,879.0,4671.0,4500.0,2024,9
Madhya Pradesh,Ujjain,Ujjain APMC,Onion,Onion,17/09/2024,519.945,800.0,4174.0,4000.0,2024,9
Madhya Pradesh,Ujjain,Ujjain APMC,Onion,White,17/09/2024,519.945,2280.0,3901.0,3901.0,2024,9
Madhya Pradesh,Ujjain,Ujjain APMC,Onion,Onion,19/09/2024,295.89,800.0,4330.0,4000.0,2024,9
Madhya Pradesh,Ujjain,Ujjain APMC,Onion,White,19/09/2024,295.89,3475.0,3971.0,3971.0,2024,9
Madhya Pradesh,Ujjain,Ujjain APMC,Onion,Onion,20/09/2024,353.585,500.0,4351.0,4000.0,2024,9
Madhya Pradesh,Ujjain,Ujjain APMC,Onion,White,20/09/2024,353.585,3139.0,4100.0,4100.0,2024,9
Madhya Pradesh,Ujjain,Ujjain APMC,Onion,White,21/09/2024,570.41,3211.0,4204.0,4204.0,2024,9
Madhya Pradesh,Ujjain,Ujjain APMC,Onion,Onion,21/09/2024,570.41,800.0,4411.0,3800.0,2024,9
Madhya Pradesh,Ujjain,Ujjain APMC,Onion,White,23/09/2024,513.565,3828.0,4127.0,4127.0,2024,9
Madhya Pradesh,Ujjain,Ujjain APMC,Onion,Onion,23/09/2024,513.565,380.0,4500.0,4000.0,2024,9
Madhya Pradesh,Ujjain,Ujjain APMC,Onion,Onion,24/09/2024,303.74,689.0,4501.0,4300.0,2024,9
Madhya Pradesh,Ujjain,Ujjain APMC,Onion,White,24/09/2024,303.74,3643.0,4095.0,4095.0,2024,9
Madhya Pradesh,Ujjain,Ujjain APMC,Onion,White,25/09/2024,463.985,3613.0,3613.0,3613.0,2024,9
Madhya Pradesh,Ujjain,Ujjain APMC,Onion,Onion,25/09/2024,463.985,800.0,4437.0,4000.0,2024,9
Madhya Pradesh,Ujjain,Ujjain APMC,Onion,White,26/09/2024,315.025,3743.0,3743.0,3743.0,2024,9
Madhya Pradesh,Ujjain,Ujjain APMC,Onion,Onion,26/09/2024,315.025,700.0,4548.0,4100.0,2024,9
Madhya Pradesh,Ujjain,Ujjain APMC,Onion,Onion,27/09/2024,576.64,600.0,4126.0,3800.0,2024,9
Madhya Pradesh,Ujjain,Ujjain APMC,Onion,Onion,28/09/2024,429.1,712.0,3900.0,3800.0,2024,9
Madhya Pradesh,Ujjain,Ujjain APMC,Onion,White,30/09/2024,256.02,3289.0,3289.0,3289.0,2024,9
Madhya Pradesh,Ujjain,Ujjain APMC,Onion,Onion,30/09/2024,256.02,700.0,3731.0,3400.0,2024,9
Madhya Pradesh,Ujjain,Ujjain APMC,Onion,Onion,01/10/2024,340.07,849.0,3975.0,3200.0,2024,10
Madhya Pradesh,Ujjain,Ujjain APMC,Onion,Onion,03/10/2024,116.41,750.0,4231.0,3800.0,2024,10
Madhya Pradesh,Ujjain,Ujjain APMC,Onion,White,03/10/2024,116.41,3017.0,3017.0,3017.0,2024,10
Madhya Pradesh,Ujjain,Ujjain APMC,Onion,Onion,04/10/2024,371.71,701.0,4351.0,4000.0,2024,10
Madhya Pradesh,Ujjain,Ujjain APMC,Onion,Onion,05/10/2024,257.705,200.0,4330.0,4000.0,2024,10
Madhya Pradesh,Ujjain,Ujjain APMC,Onion,White,05/10/2024,257.705,4041.0,4041.0,4041.0,2024,10
Madhya Pradesh,Ujjain,Ujjain APMC,Onion,White,07/10/2024,314.53,2376.0,3700.0,3700.0,2024,10
Madhya Pradesh,Ujjain,Ujjain APMC,Onion,Onion,07/10/2024,314.53,753.0,4051.0,3700.0,2024,10
Madhya Pradesh,Ujjain,Ujjain APMC,Onion,Onion,08/10/2024,432.79,1000.0,4150.0,3800.0,2024,10
Madhya Pradesh,Ujjain,Ujjain APMC,Onion,Onion,09/10/2024,470.04,600.0,4100.0,3400.0,2024,10
Madhya Pradesh,Ujjain,Ujjain APMC,Onion,Onion,14/10/2024,322.23,501.0,4051.0,3700.0,2024,10
Madhya Pradesh,Ujjain,Ujjain APMC,Onion,Onion,15/10/2024,600.62,660.0,3802.0,3400.0,2024,10
Madhya Pradesh,Ujjain,Ujjain APMC,Onion,Onion,16/10/2024,597.25,900.0,3800.0,3000.0,2024,10
Madhya Pradesh,Ujjain,Ujjain APMC,Onion,Onion,17/10/2024,407.12,500.0,3811.0,3000.0,2024,10
Madhya Pradesh,Ujjain,Ujjain APMC,Onion,Onion,18/10/2024,593.79,864.0,3975.0,3000.0,2024,10
Madhya Pradesh,Ujjain,Ujjain APMC,Onion,Onion,19/10/2024,521.68,500.0,3958.0,3500.0,2024,10
Madhya Pradesh,Ujjain,Ujjain APMC,Onion,Onion,21/10/2024,390.53,1201.0,4151.0,4000.0,2024,10
Madhya Pradesh,Ujjain,Ujjain APMC,Onion,Onion,22/10/2024,466.26,850.0,4100.0,4000.0,2024,10
Madhya Pradesh,Ujjain,Ujjain APMC,Onion,Onion,23/10/2024,604.81,874.0,4251.0,3800.0,2024,10
Madhya Pradesh,Ujjain,Ujjain APMC,Onion,Onion,24/10/2024,544.33,1134.0,4250.0,4100.0,2024,10
Madhya Pradesh,Ujjain,Ujjain APMC,Onion,Onion,25/10/2024,527.95,500.0,4200.0,4000.0,2024,10
Madhya Pradesh,Ujjain,Ujjain APMC,Onion,Onion,26/10/2024,471.62,500.0,4175.0,4000.0,2024,10
Madhya Pradesh,Ujjain,Ujjain APMC,Onion,Onion,28/10/2024,348.33,1025.0,4300.0,3900.0,2024,10
Madhya Pradesh,Ujjain,Ujjain APMC,Onion,Onion,04/11/2024,269.05,1296.0,5374.0,4300.0,2024,11
Madhya Pradesh,Ujjain,Ujjain APMC,Onion,Onion,05/11/2024,213.24,200.0,5041.0,4801.0,2024,11
Madhya Pradesh,Ujjain,Ujjain APMC,Onion,Onion,06/11/2024,265.26,1485.0,5100.0,5000.0,2024,11
Madhya Pradesh,Ujjain,Ujjain APMC,Onion,Onion,07/11/2024,250.29,1150.0,5308.0,5000.0,2024,11
Madhya Pradesh,Ujjain,Ujjain APMC,Onion,Onion,08/11/2024,328.84,1600.0,5120.0,4800.0,2024,11
Madhya Pradesh,Ujjain,Ujjain APMC,Onion,Onion,09/11/2024,345.52,550.0,4851.0,4700.0,2024,11
Madhya Pradesh,Ujjain,Ujjain APMC,Onion,Onion,11/11/2024,360.7,883.0,4751.0,4500.0,2024,11
Madhya Pradesh,Ujjain,Ujjain APMC,Onion,Onion,12/11/2024,221.77,500.0,5024.0,4700.0,2024,11
Madhya Pradesh,Ujjain,Ujjain APMC,Onion,Onion,13/11/2024,287.86,400.0,4850.0,4800.0,2024,11
Madhya Pradesh,Ujjain,Ujjain APMC,Onion,Onion,14/11/2024,204.11,600.0,4900.0,4700.0,2024,11
Madhya Pradesh,Ujjain,Ujjain APMC,Onion,Onion,16/11/2024,170.7,300.0,4731.0,4300.0,2024,11
Madhya Pradesh,Ujjain,Ujjain APMC,Onion,Onion,18/11/2024,149.79,663.0,4200.0,3800.0,2024,11
Madhya Pradesh,Ujjain,Ujjain APMC,Onion,Onion,19/11/2024,145.56,500.0,4457.0,3849.0,2024,11
Madhya Pradesh,Ujjain,Ujjain APMC,Onion,Onion,20/11/2024,119.48,501.0,4100.0,3800.0,2024,11
Madhya Pradesh,Ujjain,Ujjain APMC,Onion,Onion,21/11/2024,61.03,500.0,3951.0,3600.0,2024,11
Madhya Pradesh,Ujjain,Ujjain APMC,Onion,Onion,22/11/2024,57.4,650.0,4000.0,1000.0,2024,11
Madhya Pradesh,Ujjain,Ujjain APMC,Onion,Onion,23/11/2024,19.38,950.0,3834.0,3834.0,2024,11
Madhya Pradesh,Ujjain,Ujjain APMC,Onion,Onion,25/11/2024,30.17,771.0,3601.0,3601.0,2024,11
Madhya Pradesh,Ujjain,Ujjain APMC,Onion,Onion,26/11/2024,18.76,1571.0,3900.0,2600.0,2024,11
Madhya Pradesh,Ujjain,Ujjain APMC,Onion,Onion,27/11/2024,25.45,680.0,4000.0,4000.0,2024,11
Madhya Pradesh,Ujjain,Ujjain APMC,Onion,Onion,28/11/2024,24.09,650.0,4311.0,3300.0,2024,11
Madhya Pradesh,Ujjain,Ujjain APMC,Onion,Onion,02/12/2024,23.85,1500.0,4000.0,4000.0,2024,12
Madhya Pradesh,Ujjain,Ujjain APMC,Onion,Onion,03/12/2024,12.45,1538.0,3539.0,3539.0,2024,12
Madhya Pradesh,Ujjain,Ujjain APMC,Onion,White,05/12/2024,12.955,3800.0,3800.0,3800.0,2024,12
Madhya Pradesh,Ujjain,Ujjain APMC,Onion,Onion,05/12/2024,12.955,1000.0,3960.0,3960.0,2024,12
Madhya Pradesh,Ujjain,Ujjain APMC,Onion,Onion,06/12/2024,10.21,2756.0,3851.0,3851.0,2024,12
Madhya Pradesh,Ujjain,Ujjain APMC,Onion,Onion,07/12/2024,30.1,767.0,3950.0,3950.0,2024,12
Madhya Pradesh,Ujjain,Ujjain APMC,Onion,Onion,09/12/2024,10.37,1800.0,3507.0,3507.0,2024,12
Madhya Pradesh,Ujjain,Ujjain APMC,Onion,Onion,11/12/2024,29.93,1628.0,3661.0,3661.0,2024,12
Madhya Pradesh,Ujjain,Ujjain APMC,Onion,Onion,12/12/2024,26.51,1200.0,3900.0,3900.0,2024,12
Madhya Pradesh,Ujjain,Ujjain APMC,Onion,Onion,13/12/2024,38.94,1535.0,3454.0,3454.0,2024,12
Madhya Pradesh,Ujjain,Ujjain APMC,Onion,Onion,14/12/2024,23.8,800.0,3224.0,3224.0,2024,12
Madhya Pradesh,Ujjain,Ujjain APMC,Onion,Onion,16/12/2024,38.51,900.0,3079.0,3079.0,2024,12
Madhya Pradesh,Ujjain,Ujjain APMC,Onion,Onion,17/12/2024,38.17,200.0,2591.0,2591.0,2024,12
Madhya Pradesh,Ujjain,Ujjain APMC,Onion,Onion,18/12/2024,37.49,200.0,2249.0,1800.0,2024,12
Madhya Pradesh,Ujjain,Ujjain APMC,Onion,Onion,19/12/2024,34.39,900.0,1943.0,1400.0,2024,12
Madhya Pradesh,Ujjain,Ujjain APMC,Onion,Onion,20/12/2024,49.72,1062.0,2000.0,2000.0,2024,12
Madhya Pradesh,Ujjain,Ujjain APMC,Onion,Onion,21/12/2024,31.83,480.0,1997.0,1997.0,2024,12
Madhya Pradesh,Ujjain,Ujjain APMC,Onion,Onion,23/12/2024,30.94,603.0,1626.0,1626.0,2024,12
Madhya Pradesh,Ujjain,Ujjain APMC,Onion,Onion,24/12/2024,41.0,752.0,1810.0,1100.0,2024,12
Madhya Pradesh,Ujjain,Ujjain APMC,Onion,Onion,25/12/2024,38.68,515.0,1786.0,1786.0,2024,12
Madhya Pradesh,Ujjain,Ujjain APMC,Onion,Onion,26/12/2024,26.8,200.0,1741.0,1741.0,2024,12
Madhya Pradesh,Ujjain,Ujjain APMC,Onion,Onion,27/12/2024,35.97,464.0,1742.0,1742.0,2024,12
Madhya Pradesh,Ujjain,Ujjain APMC,Onion,Onion,28/12/2024,40.33,607.0,2200.0,2200.0,2024,12
Madhya Pradesh,Ujjain,Ujjain APMC,Onion,Onion,30/12/2024,10.43,1101.0,2461.0,2461.0,2024,12
Madhya Pradesh,Ujjain,Ujjain APMC,Onion,Onion,31/12/2024,15.74,800.0,2620.0,2620.0,2024,12
Madhya Pradesh,Ujjain,Ujjain APMC,Onion,Onion,01/01/2025,28.36,1094.0,2468.0,2468.0,2025,1
Madhya Pradesh,Ujjain,Ujjain APMC,Onion,Onion,02/01/2025,27.64,1933.0,2600.0,2600.0,2025,1
Madhya Pradesh,Ujjain,Ujjain APMC,Onion,Onion,03/01/2025,48.76,700.0,2409.0,2409.0,2025,1
Madhya Pradesh,Ujjain,Ujjain APMC,Onion,Onion,04/01/2025,47.32,448.0,2269.0,2101.0,2025,1
Madhya Pradesh,Ujjain,Ujjain APMC,Onion,Onion,06/01/2025,94.59,1060.0,2493.0,1600.0,2025,1
Madhya Pradesh,Ujjain,Ujjain APMC,Onion,Onion,07/01/2025,53.33,966.0,2323.0,1600.0,2025,1
Madhya Pradesh,Ujjain,Ujjain APMC,Onion,Onion,08/01/2025,71.44,655.0,2279.0,2279.0,2025,1
Madhya Pradesh,Ujjain,Ujjain APMC,Onion,Onion,10/01/2025,65.25,550.0,2084.0,2084.0,2025,1
Madhya Pradesh,Ujjain,Ujjain APMC,Onion,Onion,11/01/2025,72.63,571.0,1856.0,1100.0,2025,1
Madhya Pradesh,Ujjain,Ujjain APMC,Onion,Onion,13/01/2025,45.3,643.0,1714.0,1714.0,2025,1
Madhya Pradesh,Ujjain,Ujjain APMC,Onion,Onion,15/01/2025,19.02,350.0,2000.0,2000.0,2025,1
Madhya Pradesh,Ujjain,Ujjain APMC,Onion,Onion,16/01/2025,51.58,700.0,1901.0,1901.0,2025,1
Madhya Pradesh,Ujjain,Ujjain APMC,Onion,Onion,17/01/2025,52.74,704.0,2113.0,2113.0,2025,1
Madhya Pradesh,Ujjain,Ujjain APMC,Onion,Onion,18/01/2025,57.42,424.0,2100.0,2100.0,2025,1
Madhya Pradesh,Ujjain,Ujjain APMC,Onion,Onion,20/01/2025,67.69,1000.0,2251.0,2100.0,2025,1
Madhya Pradesh,Ujjain,Ujjain APMC,Onion,Onion,21/01/2025,67.69,949.0,2200.0,2200.0,2025,1
Madhya Pradesh,Ujjain,Ujjain APMC,Onion,Onion,22/01/2025,55.94,1372.0,2187.0,2100.0,2025,1
Madhya Pradesh,Ujjain,Ujjain APMC,Onion,Onion,23/01/2025,77.65,1177.0,2090.0,2090.0,2025,1
Madhya Pradesh,Ujjain,Ujjain APMC,Onion,Onion,24/01/2025,137.79,740.0,2080.0,2080.0,2025,1
Madhya Pradesh,Ujjain,Ujjain APMC,Onion,Onion,25/01/2025,96.03,744.0,2191.0,2191.0,2025,1
Madhya Pradesh,Ujjain,Ujjain APMC,Onion,Onion,27/01/2025,66.14,1120.0,2006.0,2006.0,2025,1
Madhya Pradesh,Ujjain,Ujjain APMC,Onion,Onion,27/01/2025,66.14,525.0,2120.0,2120.0,2025,1
Madhya Pradesh,Ujjain,Ujjain APMC,Onion,Onion,28/01/2025,69.94,770.0,2000.0,2000.0,2025,1
Madhya Pradesh,Ujjain,Ujjain APMC,Onion,Onion,28/01/2025,69.94,636.0,2066.0,2000.0,2025,1
Madhya Pradesh,Ujjain,Ujjain APMC,Onion,Onion,29/01/2025,96.1,855.0,1969.0,1969.0,2025,1
Madhya Pradesh,Ujjain,Ujjain APMC,Onion,Onion,30/01/2025,75.11,652.0,1975.0,1700.0,2025,1
Madhya Pradesh,Ujjain,Ujjain APMC,Onion,Onion,30/01/2025,75.11,300.0,2021.0,1700.0,2025,1
Madhya Pradesh,Ujjain,Ujjain APMC,Onion,Onion,31/01/2025,126.74,500.0,2000.0,2000.0,2025,1
Madhya Pradesh,Ujjain,Ujjain APMC,Onion,Onion,01/02/2025,120.1,769.0,2050.0,2050.0,2025,2
Madhya Pradesh,Ujjain,Ujjain APMC,Onion,Onion,04/02/2025,119.325,224.0,2058.0,2058.0,2025,2
Madhya Pradesh,Ujjain,Ujjain APMC,Onion,Onion,04/02/2025,119.325,880.0,2018.0,2018.0,2025,2
Madhya Pradesh,Ujjain,Ujjain APMC,Onion,Onion,05/02/2025,130.13,400.0,2100.0,2100.0,2025,2
Madhya Pradesh,Ujjain,Ujjain APMC,Onion,Onion,06/02/2025,80.955,563.0,2255.0,2150.0,2025,2
Madhya Pradesh,Ujjain,Ujjain APMC,Onion,Onion,06/02/2025,80.955,986.0,2150.0,2150.0,2025,2
Madhya Pradesh,Ujjain,Ujjain APMC,Onion,Onion,07/02/2025,111.25,898.0,2237.0,2237.0,2025,2
Madhya Pradesh,Ujjain,Ujjain APMC,Onion,Onion,08/02/2025,65.15,792.0,2269.0,2113.0,2025,2
Madhya Pradesh,Ujjain,Ujjain APMC,Onion,Onion,08/02/2025,65.15,765.0,2276.0,2113.0,2025,2
Madhya Pradesh,Ujjain,Ujjain APMC,Onion,Onion,10/02/2025,100.14,400.0,2484.0,2484.0,2025,2
Madhya Pradesh,Ujjain,Ujjain APMC,Onion,Onion,11/02/2025,100.72,857.0,2608.0,2608.0,2025,2
Madhya Pradesh,Ujjain,Ujjain APMC,Onion,Onion,12/02/2025,91.2,750.0,2627.0,2627.0,2025,2
Madhya Pradesh,Ujjain,Ujjain APMC,Onion,Onion,13/02/2025,104.67,1506.0,2850.0,2850.0,2025,2
Madhya Pradesh,Ujjain,Ujjain APMC,Onion,Onion,14/02/2025,43.965,1092.0,2866.0,2700.0,2025,2
Madhya Pradesh,Ujjain,Ujjain APMC,Onion,Onion,14/02/2025,43.965,1326.0,3115.0,3100.0,2025,2
Madhya Pradesh,Ujjain,Ujjain APMC,Onion,Onion,15/02/2025,99.31,1475.0,3100.0,3100.0,2025,2
Madhya Pradesh,Ujjain,Ujjain APMC,Onion,Onion,17/02/2025,52.96,2552.0,2655.0,2655.0,2025,2
Madhya Pradesh,Ujjain,Ujjain APMC,Onion,Onion,17/02/2025,52.96,1024.0,2920.0,2920.0,2025,2
Madhya Pradesh,Ujjain,Ujjain APMC,Onion,Onion,18/02/2025,41.68,700.0,2735.0,2400.0,2025,2
Madhya Pradesh,Ujjain,Ujjain APMC,Onion,Onion,18/02/2025,41.68,600.0,2800.0,2400.0,2025,2
Madhya Pradesh,Ujjain,Ujjain APMC,Onion,Onion,19/02/2025,47.585,700.0,2400.0,2400.0,2025,2
Madhya Pradesh,Ujjain,Ujjain APMC,Onion,Onion,19/02/2025,47.585,1006.0,2310.0,2310.0,2025,2
Madhya Pradesh,Ujjain,Ujjain APMC,Onion,Onion,20/02/2025,97.67,559.0,2300.0,2300.0,2025,2
Madhya Pradesh,Ujjain,Ujjain APMC,Onion,Onion,21/02/2025,42.785,437.0,2221.0,2221.0,2025,2
Madhya Pradesh,Ujjain,Ujjain APMC,Onion,Onion,21/02/2025,42.785,250.0,2410.0,2410.0,2025,2
Madhya Pradesh,Ujjain,Ujjain APMC,Onion,Onion,22/02/2025,46.8,600.0,2292.0,2000.0,2025,2
Madhya Pradesh,Ujjain,Ujjain APMC,Onion,Onion,22/02/2025,46.8,761.0,2724.0,2000.0,2025,2
Madhya Pradesh,Ujjain,Ujjain APMC,Onion,White,24/02/2025,23.526667,2054.0,2054.0,2054.0,2025,2
Madhya Pradesh,Ujjain,Ujjain APMC,Onion,Onion,24/02/2025,23.526667,652.0,2500.0,2500.0,2025,2
Madhya Pradesh,Ujjain,Ujjain APMC,Onion,Onion,24/02/2025,23.526667,700.0,2600.0,2500.0,2025,2
Madhya Pradesh,Ujjain,Ujjain APMC,Onion,Onion,25/02/2025,69.47,856.0,2578.0,2578.0,2025,2
Madhya Pradesh,Ujjain,Ujjain APMC,Onion,Onion,27/02/2025,27.735,949.0,2821.0,2821.0,2025,2
Madhya Pradesh,Ujjain,Ujjain APMC,Onion,Onion,27/02/2025,27.735,1190.0,2821.0,2821.0,2025,2
Madhya Pradesh,Ujjain,Ujjain APMC,Onion,Onion,28/02/2025,34.885,1002.0,2671.0,1800.0,2025,2
Madhya Pradesh,Ujjain,Ujjain APMC,Onion,Onion,28/02/2025,34.885,982.0,2941.0,1800.0,2025,2
Madhya Pradesh,Ujjain,Ujjain APMC,Onion,Onion,01/03/2025,93.58,850.0,2616.0,2616.0,2025,3
Madhya Pradesh,Ujjain,Ujjain APMC,Onion,Onion,03/03/2025,52.05,800.0,2508.0,1700.0,2025,3
Madhya Pradesh,Ujjain,Ujjain APMC,Onion,Onion,03/03/2025,52.05,400.0,3125.0,1700.0,2025,3
Madhya Pradesh,Ujjain,Ujjain APMC,Onion,Onion,04/03/2025,34.065,350.0,2120.0,2000.0,2025,3
Madhya Pradesh,Ujjain,Ujjain APMC,Onion,Onion,04/03/2025,34.065,801.0,2300.0,2000.0,2025,3
Madhya Pradesh,Ujjain,Ujjain APMC,Onion,Onion,05/03/2025,35.285,1188.0,2034.0,1500.0,2025,3
Madhya Pradesh,Ujjain,Ujjain APMC,Onion,Onion,05/03/2025,35.285,774.0,2260.0,1500.0,2025,3
Madhya Pradesh,Ujjain,Ujjain APMC,Onion,Onion,06/03/2025,39.69,237.0,2100.0,2000.0,2025,3
Madhya Pradesh,Ujjain,Ujjain APMC,Onion,Onion,06/03/2025,39.69,537.0,2084.0,2000.0,2025,3
Madhya Pradesh,Ujjain,Ujjain APMC,Onion,Onion,07/03/2025,40.585,610.0,2300.0,1200.0,2025,3
Madhya Pradesh,Ujjain,Ujjain APMC,Onion,Onion,07/03/2025,40.585,400.0,2114.0,1200.0,2025,3
Madhya Pradesh,Ujjain,Ujjain APMC,Onion,Onion,08/03/2025,48.375,515.0,2300.0,2300.0,2025,3
Madhya Pradesh,Ujjain,Ujjain APMC,Onion,Onion,08/03/2025,48.375,320.0,2335.0,2300.0,2025,3
Madhya Pradesh,Ujjain,Ujjain APMC,Onion,Onion,10/03/2025,85.64,500.0,2197.0,1200.0,2025,3
Madhya Pradesh,Ujjain,Ujjain APMC,Onion,Onion,10/03/2025,85.64,431.0,1660.0,1200.0,2025,3
Madhya Pradesh,Ujjain,Ujjain APMC,Onion,Onion,11/03/2025,69.435,185.0,1811.0,1200.0,2025,3
Madhya Pradesh,Ujjain,Ujjain APMC,Onion,Onion,11/03/2025,69.435,486.0,1600.0,1200.0,2025,3
Madhya Pradesh,Ujjain,Ujjain APMC,Onion,Onion,12/03/2025,62.495,171.0,1343.0,1200.0,2025,3
Madhya Pradesh,Ujjain,Ujjain APMC,Onion,Onion,12/03/2025,62.495,400.0,1366.0,1200.0,2025,3
Madhya Pradesh,Ujjain,Ujjain APMC,Onion,Onion,13/03/2025,18.275,437.0,1500.0,800.0,2025,3
Madhya Pradesh,Ujjain,Ujjain APMC,Onion,Onion,13/03/2025,18.275,800.0,1372.0,800.0,2025,3
Madhya Pradesh,Ujjain,Ujjain APMC,Onion,Onion,15/03/2025,29.55,808.0,1700.0,1700.0,2025,3
Madhya Pradesh,Ujjain,Ujjain APMC,Onion,Onion,17/03/2025,52.405,180.0,1400.0,1400.0,2025,3
Madhya Pradesh,Ujjain,Ujjain APMC,Onion,Onion,17/03/2025,52.405,400.0,1400.0,1400.0,2025,3
Madhya Pradesh,Ujjain,Ujjain APMC,Onion,Onion,18/03/2025,56.315,626.0,1485.0,950.0,2025,3
Madhya Pradesh,Ujjain,Ujjain APMC,Onion,Onion,18/03/2025,56.315,575.0,1399.0,950.0,2025,3
Madhya Pradesh,Ujjain,Ujjain APMC,Onion,Onion,20/03/2025,76.66,200.0,1300.0,851.0,2025,3
Madhya Pradesh,Ujjain,Ujjain APMC,Onion,Onion,20/03/2025,76.66,250.0,1314.0,851.0,2025,3
Madhya Pradesh,Ujjain,Ujjain APMC,Onion,Onion,21/03/2025,80.81,300.0,1384.0,1200.0,2025,3
Madhya Pradesh,Ujjain,Ujjain APMC,Onion,Onion,21/03/2025,80.81,260.0,1251.0,1200.0,2025,3
Madhya Pradesh,Ujjain,Ujjain APMC,Onion,Onion,22/03/2025,117.45,442.0,1349.0,1349.0,2025,3
Madhya Pradesh,Ujjain,Ujjain APMC,Onion,Onion,24/03/2025,78.755,222.0,1349.0,1100.0,2025,3
Madhya Pradesh,Ujjain,Ujjain APMC,Onion,Onion,24/03/2025,78.755,673.0,1400.0,1100.0,2025,3
Madhya Pradesh,Ujjain,Ujjain APMC,Onion,Onion,25/03/2025,69.985,450.0,1295.0,1050.0,2025,3
Madhya Pradesh,Ujjain,Ujjain APMC,Onion,Onion,25/03/2025,69.985,350.0,1273.0,1050.0,2025,3
Madhya Pradesh,Ujjain,Ujjain APMC,Onion,Onion,26/03/2025,57.025,350.0,1458.0,1300.0,2025,3
Madhya Pradesh,Ujjain,Ujjain APMC,Onion,Onion,26/03/2025,57.025,473.0,1454.0,1300.0,2025,3
Madhya Pradesh,Ujjain,Ujjain APMC,Onion,Onion,27/03/2025,117.94,400.0,1500.0,1400.0,2025,3
Madhya Pradesh,Ujjain,Ujjain APMC,Onion,Onion,27/03/2025,117.94,496.0,1350.0,900.0,2025,3
Madhya Pradesh,Ujjain,Ujjain APMC,Onion,Onion,01/04/2025,176.03,700.0,1301.0,1301.0,2025,4
Madhya Pradesh,Ujjain,Ujjain APMC,Onion,Onion,02/04/2025,158.34,351.0,1230.0,1125.0,2025,4
Madhya Pradesh,Ujjain,Ujjain APMC,Onion,Onion,02/04/2025,158.34,300.0,1250.0,1125.0,2025,4
Madhya Pradesh,Ujjain,Ujjain APMC,Onion,Onion,03/04/2025,165.285,500.0,1185.0,700.0,2025,4
Madhya Pradesh,Ujjain,Ujjain APMC,Onion,Onion,03/04/2025,165.285,450.0,1210.0,700.0,2025,4
Madhya Pradesh,Ujjain,Ujjain APMC,Onion,Onion,04/04/2025,186.385,400.0,1259.0,1000.0,2025,4
Madhya Pradesh,Ujjain,Ujjain APMC,Onion,Onion,04/04/2025,186.385,475.0,1220.0,1000.0,2025,4
Madhya Pradesh,Ujjain,Ujjain APMC,Onion,Onion,07/04/2025,202.505,400.0,1211.0,1100.0,2025,4
Madhya Pradesh,Ujjain,Ujjain APMC,Onion,Onion,07/04/2025,202.505,638.0,1251.0,1100.0,2025,4
Madhya Pradesh,Ujjain,Ujjain APMC,Onion,Onion,08/04/2025,189.47,420.0,1202.0,1150.0,2025,4
Madhya Pradesh,Ujjain,Ujjain APMC,Onion,Onion,08/04/2025,189.47,593.0,1248.0,1150.0,2025,4
Madhya Pradesh,Ujjain,Ujjain APMC,Onion,Onion,09/04/2025,262.505,400.0,1280.0,1100.0,2025,4
Madhya Pradesh,Ujjain,Ujjain APMC,Onion,Onion,09/04/2025,262.505,321.0,1401.0,1100.0,2025,4
Madhya Pradesh,Ujjain,Ujjain APMC,Onion,Onion,10/04/2025,165.405,249.0,1215.0,1200.0,2025,4
Madhya Pradesh,Ujjain,Ujjain APMC,Onion,Onion,10/04/2025,165.405,689.0,1228.0,1228.0,2025,4
Madhya Pradesh,Ujjain,Ujjain APMC,Onion,Onion,11/04/2025,321.53,377.0,1200.0,1100.0,2025,4
Madhya Pradesh,Ujjain,Ujjain APMC,Onion,Onion,11/04/2025,321.53,152.0,1225.0,1100.0,2025,4
Madhya Pradesh,Ujjain,Ujjain APMC,Onion,Onion,12/04/2025,168.09,336.0,1131.0,1000.0,2025,4
Madhya Pradesh,Ujjain,Ujjain APMC,Onion,Onion,12/04/2025,168.09,400.0,1121.0,1000.0,2025,4
Madhya Pradesh,Ujjain,Ujjain APMC,Onion,Onion,14/04/2025,214.45,411.0,1025.0,1000.0,2025,4
Madhya Pradesh,Ujjain,Ujjain APMC,Onion,Onion,14/04/2025,214.45,400.0,1073.0,1000.0,2025,4
Madhya Pradesh,Ujjain,Ujjain APMC,Onion,Onion,15/04/2025,227.17,200.0,1079.0,1000.0,2025,4
Madhya Pradesh,Ujjain,Ujjain APMC,Onion,Onion,15/04/2025,227.17,300.0,1085.0,1000.0,2025,4
Madhya Pradesh,Ujjain,Ujjain APMC,Onion,Onion,16/04/2025,150.175,341.0,975.0,900.0,2025,4
Madhya Pradesh,Ujjain,Ujjain APMC,Onion,Onion,16/04/2025,150.175,336.0,975.0,900.0,2025,4
Madhya Pradesh,Ujjain,Ujjain APMC,Onion,Onion,17/04/2025,196.745,261.0,1151.0,900.0,2025,4
Madhya Pradesh,Ujjain,Ujjain APMC,Onion,Onion,17/04/2025,196.745,225.0,1200.0,900.0,2025,4
Madhya Pradesh,Ujjain,Ujjain APMC,Onion,Onion,18/04/2025,206.22,282.0,1000.0,900.0,2025,4
Madhya Pradesh,Ujjain,Ujjain APMC,Onion,Onion,18/04/2025,206.22,300.0,1225.0,900.0,2025,4
Madhya Pradesh,Ujjain,Ujjain APMC,Onion,Onion,19/04/2025,145.215,250.0,1050.0,900.0,2025,4
Madhya Pradesh,Ujjain,Ujjain APMC,Onion,Onion,19/04/2025,145.215,250.0,1089.0,900.0,2025,4
Madhya Pradesh,Ujjain,Ujjain APMC,Onion,Onion,21/04/2025,209.395,254.0,1152.0,701.0,2025,4
Madhya Pradesh,Ujjain,Ujjain APMC,Onion,Onion,21/04/2025,209.395,220.0,1000.0,701.0,2025,4
Madhya Pradesh,Ujjain,Ujjain APMC,Onion,Onion,22/04/2025,191.545,270.0,1011.0,500.0,2025,4
Madhya Pradesh,Ujjain,Ujjain APMC,Onion,Onion,22/04/2025,191.545,224.0,996.0,500.0,2025,4
Madhya Pradesh,Ujjain,Ujjain APMC,Onion,Onion,23/04/2025,220.19,250.0,1021.0,400.0,2025,4
Madhya Pradesh,Ujjain,Ujjain APMC,Onion,Onion,23/04/2025,220.19,214.0,1060.0,400.0,2025,4
Madhya Pradesh,Ujjain,Ujjain APMC,Onion,Onion,24/04/2025,197.425,206.0,1056.0,700.0,2025,4
Madhya Pradesh,Ujjain,Ujjain APMC,Onion,Onion,24/04/2025,197.425,120.0,1001.0,700.0,2025,4
Madhya Pradesh,Ujjain,Ujjain APMC,Onion,Onion,25/04/2025,184.475,100.0,1025.0,300.0,2025,4
Madhya Pradesh,Ujjain,Ujjain APMC,Onion,Onion,25/04/2025,184.475,224.0,909.0,300.0,2025,4
Madhya Pradesh,Ujjain,Ujjain APMC,Onion,Onion,28/04/2025,381.55,200.0,1100.0,800.0,2025,4
Madhya Pradesh,Ujjain,Ujjain APMC,Onion,Onion,28/04/2025,381.55,149.0,1011.0,800.0,2025,4
Madhya Pradesh,Ujjain,Ujjain APMC,Onion,Onion,29/04/2025,208.655,211.0,1011.0,600.0,2025,4
Madhya Pradesh,Ujjain,Ujjain APMC,Onion,Onion,29/04/2025,208.655,150.0,1001.0,600.0,2025,4
Madhya Pradesh,Ujjain,Ujjain APMC,Onion,Onion,02/05/2025,227.575,126.0,1000.0,800.0,2025,5
Madhya Pradesh,Ujjain,Ujjain APMC,Onion,Onion,02/05/2025,227.575,110.0,1019.0,800.0,2025,5
Madhya Pradesh,Ujjain,Ujjain APMC,Onion,Onion,03/05/2025,193.695,100.0,1080.0,951.0,2025,5
Madhya Pradesh,Ujjain,Ujjain APMC,Onion,Onion,03/05/2025,193.695,100.0,1000.0,951.0,2025,5
Madhya Pradesh,Ujjain,Ujjain APMC,Onion,Onion,05/05/2025,108.853333,100.0,1033.0,500.0,2025,5
Madhya Pradesh,Ujjain,Ujjain APMC,Onion,Onion-Organic,05/05/2025,108.853333,501.0,501.0,501.0,2025,5
Madhya Pradesh,Ujjain,Ujjain APMC,Onion,Onion,05/05/2025,108.853333,250.0,1000.0,500.0,2025,5
Madhya Pradesh,Ujjain,Ujjain APMC,Onion,Onion,06/05/2025,135.94,100.0,1100.0,300.0,2025,5
Madhya Pradesh,Ujjain,Ujjain APMC,Onion,Onion,06/05/2025,135.94,288.0,1176.0,300.0,2025,5
Madhya Pradesh,Ujjain,Ujjain APMC,Onion,Onion,07/05/2025,187.1,100.0,1059.0,400.0,2025,5
Madhya Pradesh,Ujjain,Ujjain APMC,Onion,Onion,07/05/2025,187.1,140.0,1212.0,400.0,2025,5
Madhya Pradesh,Ujjain,Ujjain APMC,Onion,Onion,08/05/2025,198.95,188.0,1251.0,200.0,2025,5
Madhya Pradesh,Ujjain,Ujjain APMC,Onion,Onion,08/05/2025,198.95,160.0,1085.0,200.0,2025,5
Madhya Pradesh,Ujjain,Ujjain APMC,Onion,Onion,09/05/2025,202.54,120.0,1206.0,500.0,2025,5
Madhya Pradesh,Ujjain,Ujjain APMC,Onion,Onion,09/05/2025,202.54,110.0,1265.0,500.0,2025,5
Madhya Pradesh,Ujjain,Ujjain APMC,Onion,Onion,10/05/2025,101.703333,159.0,1180.0,500.0,2025,5
Madhya Pradesh,Ujjain,Ujjain APMC,Onion,Onion,10/05/2025,101.703333,160.0,1081.0,500.0,2025,5
Madhya Pradesh,Ujjain,Ujjain APMC,Onion,Onion-Organic,10/05/2025,101.703333,364.0,364.0,364.0,2025,5
Madhya Pradesh,Ujjain,Ujjain APMC,Onion,Onion,12/05/2025,183.01,150.0,991.0,700.0,2025,5
Madhya Pradesh,Ujjain,Ujjain APMC,Onion,Onion,12/05/2025,183.01,100.0,1125.0,1000.0,2025,5
Madhya Pradesh,Ujjain,Ujjain APMC,Onion,Onion,13/05/2025,222.765,108.0,1138.0,800.0,2025,5
Madhya Pradesh,Ujjain,Ujjain APMC,Onion,Onion,13/05/2025,222.765,127.0,1000.0,800.0,2025,5
Madhya Pradesh,Ujjain,Ujjain APMC,Onion,Onion,14/05/2025,221.33,100.0,1000.0,100.0,2025,5
Madhya Pradesh,Ujjain,Ujjain APMC,Onion,Onion,14/05/2025,221.33,100.0,951.0,100.0,2025,5
Madhya Pradesh,Ujjain,Ujjain APMC,Onion,Onion,15/05/2025,384.38,100.0,980.0,200.0,2025,5
Madhya Pradesh,Ujjain,Ujjain APMC,Onion,Onion,15/05/2025,384.38,100.0,1005.0,200.0,2025,5
Madhya Pradesh,Ujjain,Ujjain APMC,Onion,Onion-Organic,16/05/2025,173.286667,250.0,250.0,250.0,2025,5
Madhya Pradesh,Ujjain,Ujjain APMC,Onion,Onion,16/05/2025,173.286667,100.0,901.0,500.0,2025,5
Madhya Pradesh,Ujjain,Ujjain APMC,Onion,Onion,16/05/2025,173.286667,100.0,1000.0,500.0,2025,5
Madhya Pradesh,Ujjain,Ujjain APMC,Onion,Onion,17/05/2025,212.55,100.0,900.0,500.0,2025,5
Madhya Pradesh,Ujjain,Ujjain APMC,Onion,Onion,17/05/2025,212.55,135.0,1010.0,500.0,2025,5
Madhya Pradesh,Ujjain,Ujjain APMC,Onion,Onion,19/05/2025,203.765,100.0,861.0,400.0,2025,5
Madhya Pradesh,Ujjain,Ujjain APMC,Onion,Onion,19/05/2025,203.765,100.0,850.0,400.0,2025,5
Madhya Pradesh,Ujjain,Ujjain APMC,Onion,Onion,20/05/2025,155.735,120.0,925.0,400.0,2025,5
Madhya Pradesh,Ujjain,Ujjain APMC,Onion,Onion,20/05/2025,155.735,100.0,900.0,400.0,2025,5
Madhya Pradesh,Ujjain,Ujjain APMC,Onion,Onion,21/05/2025,176.22,100.0,1051.0,400.0,2025,5
Madhya Pradesh,Ujjain,Ujjain APMC,Onion,Onion,21/05/2025,176.22,100.0,1102.0,400.0,2025,5
Madhya Pradesh,Ujjain,Ujjain APMC,Onion,Onion,22/05/2025,53.01,100.0,1180.0,700.0,2025,5
Madhya Pradesh,Ujjain,Ujjain APMC,Onion,Onion,22/05/2025,53.01,103.0,1201.0,700.0,2025,5
Madhya Pradesh,Ujjain,Ujjain APMC,Onion,Onion,23/05/2025,103.926667,158.0,1009.0,751.0,2025,5
Madhya Pradesh,Ujjain,Ujjain APMC,Onion,Onion,23/05/2025,103.926667,107.0,1168.0,751.0,2025,5
Madhya Pradesh,Ujjain,Ujjain APMC,Onion,Onion-Organic,23/05/2025,103.926667,264.0,264.0,264.0,2025,5
Madhya Pradesh,Ujjain,Ujjain APMC,Onion,Onion,24/05/2025,141.485,100.0,1100.0,600.0,2025,5
Madhya Pradesh,Ujjain,Ujjain APMC,Onion,Onion,24/05/2025,141.485,100.0,1100.0,600.0,2025,5
Madhya Pradesh,Ujjain,Ujjain APMC,Onion,Onion,26/05/2025,99.655,140.0,875.0,400.0,2025,5
Madhya Pradesh,Ujjain,Ujjain APMC,Onion,Onion,26/05/2025,99.655,100.0,1100.0,400.0,2025,5
Madhya Pradesh,Ujjain,Ujjain APMC,Onion,Onion,27/05/2025,104.345,129.0,1021.0,800.0,2025,5
Madhya Pradesh,Ujjain,Ujjain APMC,Onion,Onion,27/05/2025,104.345,120.0,1068.0,800.0,2025,5
Madhya Pradesh,Ujjain,Ujjain APMC,Onion,Onion,28/05/2025,109.63,100.0,1255.0,400.0,2025,5
Madhya Pradesh,Ujjain,Ujjain APMC,Onion,Onion,28/05/2025,109.63,170.0,1153.0,400.0,2025,5
Madhya Pradesh,Ujjain,Ujjain APMC,Onion,Onion,29/05/2025,70.4,141.0,1060.0,800.0,2025,5
Madhya Pradesh,Ujjain,Ujjain APMC,Onion,Onion,29/05/2025,70.4,239.0,1009.0,800.0,2025,5
Madhya Pradesh,Ujjain,Ujjain APMC,Onion,Onion,30/05/2025,185.515,185.0,1221.0,300.0,2025,5
Madhya Pradesh,Ujjain,Ujjain APMC,Onion,Onion,30/05/2025,185.515,200.0,1200.0,300.0,2025,5
Madhya Pradesh,Ujjain,Ujjain APMC,Onion,Onion,31/05/2025,147.755,100.0,1026.0,800.0,2025,5
Madhya Pradesh,Ujjain,Ujjain APMC,Onion,Onion,31/05/2025,147.755,100.0,1151.0,800.0,2025,5
Madhya Pradesh,Ujjain,Ujjain APMC,Onion,Onion,02/06/2025,154.415,140.0,1125.0,300.0,2025,6
Madhya Pradesh,Ujjain,Ujjain APMC,Onion,Onion,02/06/2025,154.415,141.0,1265.0,300.0,2025,6
Madhya Pradesh,Ujjain,Ujjain APMC,Onion,Onion,03/06/2025,95.73,100.0,1151.0,400.0,2025,6
Madhya Pradesh,Ujjain,Ujjain APMC,Onion,Onion,03/06/2025,95.73,100.0,1200.0,400.0,2025,6
Madhya Pradesh,Ujjain,Ujjain APMC,Onion,White,03/06/2025,95.73,401.0,401.0,401.0,2025,6
Madhya Pradesh,Ujjain,Ujjain APMC,Onion,Onion,04/06/2025,77.715,153.0,1000.0,600.0,2025,6
Madhya Pradesh,Ujjain,Ujjain APMC,Onion,Onion,04/06/2025,77.715,100.0,900.0,600.0,2025,6
Madhya Pradesh,Ujjain,Ujjain APMC,Onion,Onion,05/06/2025,102.495,149.0,1200.0,150.0,2025,6
Madhya Pradesh,Ujjain,Ujjain APMC,Onion,Onion,05/06/2025,102.495,111.0,991.0,150.0,2025,6
Madhya Pradesh,Ujjain,Ujjain APMC,Onion,Onion,06/06/2025,100.895,150.0,1072.0,200.0,2025,6
Madhya Pradesh,Ujjain,Ujjain APMC,Onion,Onion,06/06/2025,100.895,150.0,1112.0,200.0,2025,6
Madhya Pradesh,Ujjain,Ujjain APMC,Onion,Onion,09/06/2025,75.965,175.0,1250.0,400.0,2025,6
Madhya Pradesh,Ujjain,Ujjain APMC,Onion,Onion,09/06/2025,75.965,150.0,1700.0,400.0,2025,6
Madhya Pradesh,Ujjain,Ujjain APMC,Onion,Onion,10/06/2025,91.58,250.0,1211.0,300.0,2025,6
Madhya Pradesh,Ujjain,Ujjain APMC,Onion,Onion,10/06/2025,91.58,203.0,1101.0,300.0,2025,6
Madhya Pradesh,Ujjain,Ujjain APMC,Onion,Onion,11/06/2025,133.92,250.0,1201.0,300.0,2025,6
Madhya Pradesh,Ujjain,Ujjain APMC,Onion,Onion,11/06/2025,133.92,112.0,1500.0,300.0,2025,6
Madhya Pradesh,Ujjain,Ujjain APMC,Onion,Onion,12/06/2025,126.175,301.0,1411.0,1000.0,2025,6
Madhya Pradesh,Ujjain,Ujjain APMC,Onion,Onion,12/06/2025,126.175,324.0,1409.0,1000.0,2025,6
Madhya Pradesh,Ujjain,Ujjain APMC,Onion,Onion,13/06/2025,142.45,300.0,1478.0,600.0,2025,6
Madhya Pradesh,Ujjain,Ujjain APMC,Onion,Onion,13/06/2025,142.45,300.0,1350.0,600.0,2025,6
Madhya Pradesh,Ujjain,Ujjain APMC,Onion,Onion,14/06/2025,102.605,350.0,1251.0,1100.0,2025,6
Madhya Pradesh,Ujjain,Ujjain APMC,Onion,Onion,14/06/2025,102.605,343.0,1375.0,1100.0,2025,6
Madhya Pradesh,Ujjain,Ujjain APMC,Onion,Onion,16/06/2025,152.935,200.0,1370.0,400.0,2025,6
Madhya Pradesh,Ujjain,Ujjain APMC,Onion,Onion,16/06/2025,152.935,300.0,1300.0,400.0,2025,6
Madhya Pradesh,Ujjain,Ujjain APMC,Onion,Onion,17/06/2025,120.27,309.0,1251.0,700.0,2025,6
Madhya Pradesh,Ujjain,Ujjain APMC,Onion,Onion,17/06/2025,120.27,200.0,1215.0,700.0,2025,6
Madhya Pradesh,Ujjain,Ujjain APMC,Onion,Onion,18/06/2025,122.76,225.0,1425.0,700.0,2025,6
Madhya Pradesh,Ujjain,Ujjain APMC,Onion,Onion,18/06/2025,122.76,230.0,1420.0,700.0,2025,6
Madhya Pradesh,Ujjain,Ujjain APMC,Onion,Onion,19/06/2025,142.115,200.0,1500.0,1300.0,2025,6
Madhya Pradesh,Ujjain,Ujjain APMC,Onion,Onion,19/06/2025,142.115,299.0,1480.0,1300.0,2025,6
Madhya Pradesh,Ujjain,Ujjain APMC,Onion,Onion,20/06/2025,144.91,300.0,2790.0,350.0,2025,6
Madhya Pradesh,Ujjain,Ujjain APMC,Onion,Onion,20/06/2025,144.91,200.0,1433.0,350.0,2025,6
Madhya Pradesh,Ujjain,Ujjain APMC,Onion,Onion,21/06/2025,102.77,300.0,2297.0,400.0,2025,6
Madhya Pradesh,Ujjain,Ujjain APMC,Onion,Onion,21/06/2025,102.77,300.0,1426.0,400.0,2025,6
Madhya Pradesh,Ujjain,Ujjain APMC,Onion,Onion,23/06/2025,171.59,340.0,3501.0,400.0,2025,6
Madhya Pradesh,Ujjain,Ujjain APMC,Onion,Onion,23/06/2025,171.59,380.0,1551.0,400.0,2025,6
Madhya Pradesh,Ujjain,Ujjain APMC,Onion,Onion,24/06/2025,166.675,350.0,1550.0,400.0,2025,6
Madhya Pradesh,Ujjain,Ujjain APMC,Onion,Onion,24/06/2025,166.675,260.0,1903.0,400.0,2025,6
Madhya Pradesh,Ujjain,Ujjain APMC,Onion,Onion,25/06/2025,115.615,437.0,1500.0,1200.0,2025,6
Madhya Pradesh,Ujjain,Ujjain APMC,Onion,Onion,25/06/2025,115.615,300.0,1710.0,1200.0,2025,6
Madhya Pradesh,Ujjain,Ujjain APMC,Onion,Onion,26/06/2025,179.465,297.0,1608.0,500.0,2025,6
Madhya Pradesh,Ujjain,Ujjain APMC,Onion,Onion,26/06/2025,179.465,452.0,1441.0,500.0,2025,6
Madhya Pradesh,Ujjain,Ujjain APMC,Onion,Onion,27/06/2025,235.955,250.0,3490.0,550.0,2025,6
Madhya Pradesh,Ujjain,Ujjain APMC,Onion,Onion,27/06/2025,235.955,218.0,1510.0,550.0,2025,6
Madhya Pradesh,Ujjain,Ujjain APMC,Onion,Onion,28/06/2025,193.88,240.0,2806.0,400.0,2025,6
Madhya Pradesh,Ujjain,Ujjain APMC,Onion,Onion,28/06/2025,193.88,294.0,1569.0,400.0,2025,6
Madhya Pradesh,Ujjain,Ujjain APMC,Onion,Onion,30/06/2025,195.855,294.0,1410.0,500.0,2025,6
Madhya Pradesh,Ujjain,Ujjain APMC,Onion,Onion,30/06/2025,195.855,400.0,2610.0,500.0,2025,6
Madhya Pradesh,Ujjain,Ujjain APMC,Onion,Onion,01/07/2025,194.87,300.0,1450.0,425.0,2025,7
Madhya Pradesh,Ujjain,Ujjain APMC,Onion,Onion,01/07/2025,194.87,300.0,1370.0,425.0,2025,7
Madhya Pradesh,Ujjain,Ujjain APMC,Onion,Onion,03/07/2025,145.04,345.0,3507.0,400.0,2025,7
Madhya Pradesh,Ujjain,Ujjain APMC,Onion,Onion,03/07/2025,145.04,200.0,1472.0,400.0,2025,7
Madhya Pradesh,Ujjain,Ujjain APMC,Onion,Onion,04/07/2025,197.14,300.0,1511.0,400.0,2025,7
Madhya Pradesh,Ujjain,Ujjain APMC,Onion,Onion,04/07/2025,197.14,365.0,1435.0,400.0,2025,7
Madhya Pradesh,Ujjain,Ujjain APMC,Onion,Onion,05/07/2025,108.52,324.0,1451.0,700.0,2025,7
Madhya Pradesh,Ujjain,Ujjain APMC,Onion,Onion,05/07/2025,108.52,300.0,1451.0,700.0,2025,7
Madhya Pradesh,Ujjain,Ujjain APMC,Onion,White,05/07/2025,108.52,415.0,415.0,415.0,2025,7
Madhya Pradesh,Ujjain,Ujjain APMC,Onion,Onion,07/07/2025,172.84,380.0,1475.0,400.0,2025,7
Madhya Pradesh,Ujjain,Ujjain APMC,Onion,Onion,07/07/2025,172.84,300.0,1500.0,400.0,2025,7
Madhya Pradesh,Ujjain,Ujjain APMC,Onion,Onion,08/07/2025,214.07,323.0,1411.0,425.0,2025,7
Madhya Pradesh,Ujjain,Ujjain APMC,Onion,Onion,08/07/2025,214.07,300.0,1412.0,425.0,2025,7
Madhya Pradesh,Ujjain,Ujjain APMC,Onion,Onion,09/07/2025,189.125,350.0,1450.0,450.0,2025,7
Madhya Pradesh,Ujjain,Ujjain APMC,Onion,Onion,09/07/2025,189.125,300.0,1475.0,450.0,2025,7
Madhya Pradesh,Ujjain,Ujjain APMC,Onion,Onion,11/07/2025,235.31,349.0,1451.0,425.0,2025,7
Madhya Pradesh,Ujjain,Ujjain APMC,Onion,Onion,11/07/2025,235.31,286.0,1480.0,425.0,2025,7
Madhya Pradesh,Ujjain,Ujjain APMC,Onion,Onion,12/07/2025,191.155,300.0,1451.0,700.0,2025,7
Madhya Pradesh,Ujjain,Ujjain APMC,Onion,Onion,12/07/2025,191.155,377.0,1491.0,700.0,2025,7
Madhya Pradesh,Ujjain,Ujjain APMC,Onion,Onion,14/07/2025,164.335,401.0,1431.0,700.0,2025,7
Madhya Pradesh,Ujjain,Ujjain APMC,Onion,Onion,14/07/2025,164.335,390.0,1460.0,700.0,2025,7
Madhya Pradesh,Ujjain,Ujjain APMC,Onion,Onion,15/07/2025,196.055,455.0,1450.0,1400.0,2025,7
Madhya Pradesh,Ujjain,Ujjain APMC,Onion,Onion,15/07/2025,196.055,234.0,1477.0,1400.0,2025,7
Madhya Pradesh,Ujjain,Ujjain APMC,Onion,Onion,16/07/2025,237.16,300.0,1411.0,600.0,2025,7
Madhya Pradesh,Ujjain,Ujjain APMC,Onion,Onion,16/07/2025,237.16,400.0,1400.0,600.0,2025,7
Madhya Pradesh,Ujjain,Ujjain APMC,Onion,Onion,17/07/2025,261.305,300.0,1351.0,700.0,2025,7
Madhya Pradesh,Ujjain,Ujjain APMC,Onion,Onion,17/07/2025,261.305,386.0,1321.0,700.0,2025,7
Madhya Pradesh,Ujjain,Ujjain APMC,Onion,Onion,18/07/2025,202.91,386.0,1300.0,1200.0,2025,7
Madhya Pradesh,Ujjain,Ujjain APMC,Onion,Onion,18/07/2025,202.91,250.0,1350.0,1200.0,2025,7
Madhya Pradesh,Ujjain,Ujjain APMC,Onion,White,18/07/2025,202.91,1016.0,1016.0,1016.0,2025,7
Madhya Pradesh,Ujjain,Ujjain APMC,Onion,Onion,19/07/2025,222.415,200.0,1390.0,400.0,2025,7
Madhya Pradesh,Ujjain,Ujjain APMC,Onion,Onion,19/07/2025,222.415,300.0,1337.0,400.0,2025,7
Madhya Pradesh,Ujjain,Ujjain APMC,Onion,Onion,21/07/2025,221.585,200.0,1369.0,1000.0,2025,7
Madhya Pradesh,Ujjain,Ujjain APMC,Onion,Onion,21/07/2025,221.585,250.0,1430.0,1000.0,2025,7
Madhya Pradesh,Ujjain,Ujjain APMC,Onion,Onion-Organic,22/07/2025,104.29,550.0,600.0,600.0,2025,7
Madhya Pradesh,Ujjain,Ujjain APMC,Onion,Onion,22/07/2025,104.29,200.0,1324.0,1100.0,2025,7
Madhya Pradesh,Ujjain,Ujjain APMC,Onion,Onion,22/07/2025,104.29,340.0,1450.0,1100.0,2025,7
Madhya Pradesh,Ujjain,Ujjain APMC,Onion,White,23/07/2025,126.54,1142.0,1142.0,1142.0,2025,7
Madhya Pradesh,Ujjain,Ujjain APMC,Onion,Onion,23/07/2025,126.54,350.0,1411.0,500.0,2025,7
Madhya Pradesh,Ujjain,Ujjain APMC,Onion,Onion,23/07/2025,126.54,368.0,1400.0,500.0,2025,7
Madhya Pradesh,Ujjain,Ujjain APMC,Onion,Onion,25/07/2025,154.19,350.0,1425.0,400.0,2025,7
Madhya Pradesh,Ujjain,Ujjain APMC,Onion,Onion,25/07/2025,154.19,300.0,1323.0,400.0,2025,7
Madhya Pradesh,Ujjain,Ujjain APMC,Onion,Onion,28/07/2025,315.85,300.0,1301.0,1000.0,2025,7
Madhya Pradesh,Ujjain,Ujjain APMC,Onion,Onion,28/07/2025,315.85,350.0,1300.0,1000.0,2025,7
Madhya Pradesh,Ujjain,Ujjain APMC,Onion,Onion,30/07/2025,380.34,300.0,1251.0,400.0,2025,7
Madhya Pradesh,Ujjain,Ujjain APMC,Onion,Onion,30/07/2025,380.34,200.0,1465.0,400.0,2025,7
Madhya Pradesh,Ujjain,Ujjain APMC,Onion,Onion,31/07/2025,325.885,238.0,1253.0,1000.0,2025,7
Madhya Pradesh,Ujjain,Ujjain APMC,Onion,Onion,31/07/2025,325.885,350.0,1271.0,1000.0,2025,7
Madhya Pradesh,Ujjain,Ujjain APMC,Onion,Onion,01/08/2025,300.77,300.0,1251.0,400.0,2025,8
Madhya Pradesh,Ujjain,Ujjain APMC,Onion,Onion,01/08/2025,300.77,347.0,1265.0,400.0,2025,8
Madhya Pradesh,Ujjain,Ujjain APMC,Onion,Onion,02/08/2025,169.69,349.0,1250.0,400.0,2025,8
Madhya Pradesh,Ujjain,Ujjain APMC,Onion,White,02/08/2025,169.69,806.0,806.0,806.0,2025,8
Madhya Pradesh,Ujjain,Ujjain APMC,Onion,Onion,02/08/2025,169.69,300.0,1251.0,400.0,2025,8
Madhya Pradesh,Ujjain,Ujjain APMC,Onion,Onion,04/08/2025,211.105,349.0,1351.0,1100.0,2025,8
Madhya Pradesh,Ujjain,Ujjain APMC,Onion,Onion,04/08/2025,211.105,321.0,1300.0,1100.0,2025,8
Madhya Pradesh,Ujjain,Ujjain APMC,Onion,Onion,05/08/2025,224.77,256.0,1325.0,1000.0,2025,8
Madhya Pradesh,Ujjain,Ujjain APMC,Onion,Onion,05/08/2025,224.77,240.0,1350.0,1000.0,2025,8
Madhya Pradesh,Ujjain,Ujjain APMC,Onion,Onion,06/08/2025,207.335,250.0,1352.0,650.0,2025,8
Madhya Pradesh,Ujjain,Ujjain APMC,Onion,Onion,06/08/2025,207.335,284.0,1415.0,650.0,2025,8
Madhya Pradesh,Ujjain,Ujjain APMC,Onion,Onion,07/08/2025,203.39,349.0,1452.0,1400.0,2025,8
Madhya Pradesh,Ujjain,Ujjain APMC,Onion,Onion,07/08/2025,203.39,294.0,1500.0,1400.0,2025,8
Madhya Pradesh,Ujjain,Ujjain APMC,Onion,Onion,08/08/2025,135.25,350.0,1520.0,1300.0,2025,8
Madhya Pradesh,Ujjain,Ujjain APMC,Onion,Onion,08/08/2025,135.25,250.0,1650.0,1300.0,2025,8
Madhya Pradesh,Ujjain,Ujjain APMC,Onion,Onion,11/08/2025,127.8,300.0,1515.0,1300.0,2025,8
Madhya Pradesh,Ujjain,Ujjain APMC,Onion,Onion,11/08/2025,127.8,325.0,1521.0,1300.0,2025,8
Madhya Pradesh,Ujjain,Ujjain APMC,Onion,Onion,12/08/2025,156.96,300.0,1621.0,1200.0,2025,8
Madhya Pradesh,Ujjain,Ujjain APMC,Onion,Onion,12/08/2025,156.96,311.0,1566.0,1200.0,2025,8
Madhya Pradesh,Ujjain,Ujjain APMC,Onion,Onion,13/08/2025,245.975,400.0,1700.0,1000.0,2025,8
Madhya Pradesh,Ujjain,Ujjain APMC,Onion,Onion,13/08/2025,245.975,370.0,1717.0,1000.0,2025,8
Madhya Pradesh,Ujjain,Ujjain APMC,Onion,Onion,14/08/2025,326.725,349.0,1651.0,1300.0,2025,8
Madhya Pradesh,Ujjain,Ujjain APMC,Onion,Onion,14/08/2025,326.725,300.0,1674.0,1300.0,2025,8
Madhya Pradesh,Ujjain,Ujjain APMC,Onion,Onion,19/08/2025,363.275,324.0,1617.0,600.0,2025,8
Madhya Pradesh,Ujjain,Ujjain APMC,Onion,Onion,19/08/2025,363.275,350.0,1663.0,600.0,2025,8
Madhya Pradesh,Ujjain,Ujjain APMC,Onion,Onion,20/08/2025,484.27,340.0,1460.0,600.0,2025,8
Madhya Pradesh,Ujjain,Ujjain APMC,Onion,Onion,20/08/2025,484.27,294.0,1550.0,600.0,2025,8
Madhya Pradesh,Ujjain,Ujjain APMC,Onion,Onion,21/08/2025,444.425,300.0,1489.0,1100.0,2025,8
Madhya Pradesh,Ujjain,Ujjain APMC,Onion,Onion,21/08/2025,444.425,300.0,1487.0,1100.0,2025,8
Madhya Pradesh,Ujjain,Ujjain APMC,Onion,Onion,22/08/2025,143.445,277.0,1389.0,1000.0,2025,8
Madhya Pradesh,Ujjain,Ujjain APMC,Onion,Onion,22/08/2025,143.445,300.0,1400.0,1000.0,2025,8
Madhya Pradesh,Ujjain,Ujjain APMC,Onion,Onion,25/08/2025,225.306667,149.0,1351.0,500.0,2025,8
Madhya Pradesh,Ujjain,Ujjain APMC,Onion,White,25/08/2025,225.306667,867.0,867.0,867.0,2025,8
Madhya Pradesh,Ujjain,Ujjain APMC,Onion,Onion,25/08/2025,225.306667,250.0,1307.0,500.0,2025,8
Madhya Pradesh,Ujjain,Ujjain APMC,Onion,Onion,26/08/2025,304.15,250.0,1325.0,500.0,2025,8
Madhya Pradesh,Ujjain,Ujjain APMC,Onion,Onion,26/08/2025,304.15,200.0,1351.0,500.0,2025,8
Madhya Pradesh,Ujjain,Ujjain APMC,Onion,Onion,27/08/2025,190.63,200.0,1314.0,400.0,2025,8
Madhya Pradesh,Ujjain,Ujjain APMC,Onion,Onion,27/08/2025,190.63,340.0,1385.0,400.0,2025,8
Madhya Pradesh,Ujjain,Ujjain APMC,Onion,Onion,28/08/2025,160.765,252.0,1248.0,500.0,2025,8
Madhya Pradesh,Ujjain,Ujjain APMC,Onion,Onion,28/08/2025,160.765,250.0,1412.0,500.0,2025,8
Madhya Pradesh,Ujjain,Ujjain APMC,Onion,Onion,29/08/2025,290.22,300.0,1308.0,1300.0,2025,8
Madhya Pradesh,Ujjain,Ujjain APMC,Onion,Onion,30/08/2025,49.18,350.0,600.0,600.0,2025,8
Madhya Pradesh,Ujjain,Ujjain APMC,Onion,Onion,30/08/2025,49.18,352.0,1372.0,600.0,2025,8
Madhya Pradesh,Ujjain,Ujjain APMC,Onion,Onion,01/09/2025,333.893333,180.0,1290.0,800.0,2025,9
Madhya Pradesh,Ujjain,Ujjain APMC,Onion,White,01/09/2025,333.893333,835.0,839.0,839.0,2025,9
Madhya Pradesh,Ujjain,Ujjain APMC,Onion,Onion,01/09/2025,333.893333,250.0,1323.0,800.0,2025,9
Madhya Pradesh,Ujjain,Ujjain APMC,Onion,Onion,02/09/2025,192.91,250.0,1263.0,600.0,2025,9
Madhya Pradesh,Ujjain,Ujjain APMC,Onion,Onion,02/09/2025,192.91,300.0,1272.0,600.0,2025,9
Madhya Pradesh,Ujjain,Ujjain APMC,Onion,White,03/09/2025,105.37,249.0,249.0,249.0,2025,9
Madhya Pradesh,Ujjain,Ujjain APMC,Onion,Onion,03/09/2025,105.37,300.0,1451.0,600.0,2025,9
Madhya Pradesh,Ujjain,Ujjain APMC,Onion,Onion,03/09/2025,105.37,249.0,1390.0,600.0,2025,9
Madhya Pradesh,Ujjain,Ujjain APMC,Onion,Onion,04/09/2025,244.11,150.0,1313.0,1000.0,2025,9
Madhya Pradesh,Ujjain,Ujjain APMC,Onion,Onion,04/09/2025,244.11,225.0,1249.0,1000.0,2025,9
Madhya Pradesh,Ujjain,Ujjain APMC,Onion,Onion,06/09/2025,151.963333,200.0,1315.0,1000.0,2025,9
Madhya Pradesh,Ujjain,Ujjain APMC,Onion,Onion,06/09/2025,151.963333,274.0,1311.0,1000.0,2025,9
Madhya Pradesh,Ujjain,Ujjain APMC,Onion,White,06/09/2025,151.963333,250.0,489.0,489.0,2025,9
Madhya Pradesh,Ujjain,Ujjain APMC,Onion,Onion,08/09/2025,178.956667,200.0,1220.0,800.0,2025,9
Madhya Pradesh,Ujjain,Ujjain APMC,Onion,Onion,08/09/2025,178.956667,149.0,1202.0,800.0,2025,9
Madhya Pradesh,Ujjain,Ujjain APMC,Onion,White,08/09/2025,178.956667,1120.0,1120.0,1120.0,2025,9
Madhya Pradesh,Ujjain,Ujjain APMC,Onion,Onion,09/09/2025,327.855,150.0,1251.0,1000.0,2025,9
Madhya Pradesh,Ujjain,Ujjain APMC,Onion,Onion,09/09/2025,327.855,149.0,1210.0,1000.0,2025,9
Madhya Pradesh,Ujjain,Ujjain APMC,Onion,Onion,10/09/2025,321.59,263.0,1111.0,850.0,2025,9
Madhya Pradesh,Ujjain,Ujjain APMC,Onion,Onion,10/09/2025,321.59,160.0,1106.0,850.0,2025,9
Madhya Pradesh,Ujjain,Ujjain APMC,Onion,White,10/09/2025,321.59,500.0,500.0,500.0,2025,9
Madhya Pradesh,Ujjain,Ujjain APMC,Onion,Onion,11/09/2025,496.435,100.0,1150.0,600.0,2025,9
Madhya Pradesh,Ujjain,Ujjain APMC,Onion,Onion,11/09/2025,496.435,150.0,1125.0,600.0,2025,9
Madhya Pradesh,Ujjain,Ujjain APMC,Onion,Onion,13/09/2025,280.555,100.0,1100.0,200.0,2025,9
Madhya Pradesh,Ujjain,Ujjain APMC,Onion,Onion,13/09/2025,280.555,150.0,984.0,200.0,2025,9
Madhya Pradesh,Ujjain,Ujjain APMC,Onion,Onion,15/09/2025,316.51,100.0,1040.0,700.0,2025,9
Madhya Pradesh,Ujjain,Ujjain APMC,Onion,Onion,15/09/2025,316.51,150.0,1030.0,700.0,2025,9
Madhya Pradesh,Ujjain,Ujjain APMC,Onion,Onion,17/09/2025,318.306667,100.0,1073.0,600.0,2025,9
Madhya Pradesh,Ujjain,Ujjain APMC,Onion,White,17/09/2025,318.306667,630.0,861.0,861.0,2025,9
Madhya Pradesh,Ujjain,Ujjain APMC,Onion,Onion,17/09/2025,318.306667,195.0,1050.0,600.0,2025,9
Madhya Pradesh,Ujjain,Ujjain APMC,Onion,Onion,18/09/2025,246.005,177.0,1000.0,700.0,2025,9
Madhya Pradesh,Ujjain,Ujjain APMC,Onion,Onion,18/09/2025,246.005,173.0,989.0,700.0,2025,9
Madhya Pradesh,Ujjain,Ujjain APMC,Onion,Onion,19/09/2025,363.1,160.0,951.0,180.0,2025,9
Madhya Pradesh,Ujjain,Ujjain APMC,Onion,Onion,19/09/2025,363.1,100.0,935.0,180.0,2025,9
Madhya Pradesh,Ujjain,Ujjain APMC,Onion,Onion,20/09/2025,276.235,180.0,900.0,600.0,2025,9
Madhya Pradesh,Ujjain,Ujjain APMC,Onion,Onion,20/09/2025,276.235,194.0,951.0,600.0,2025,9
Madhya Pradesh,Ujjain,Ujjain APMC,Onion,White,22/09/2025,148.16,593.0,593.0,593.0,2025,9
Madhya Pradesh,Ujjain,Ujjain APMC,Onion,Onion,22/09/2025,148.16,174.0,1150.0,700.0,2025,9
Madhya Pradesh,Ujjain,Ujjain APMC,Onion,Onion,22/09/2025,148.16,211.0,877.0,700.0,2025,9
Madhya Pradesh,Ujjain,Ujjain APMC,Onion,Onion,23/09/2025,319.535,150.0,1001.0,300.0,2025,9
Madhya Pradesh,Ujjain,Ujjain APMC,Onion,Onion,23/09/2025,319.535,100.0,972.0,300.0,2025,9
Madhya Pradesh,Ujjain,Ujjain APMC,Onion,Onion,24/09/2025,242.605,200.0,1180.0,700.0,2025,9
Madhya Pradesh,Ujjain,Ujjain APMC,Onion,Onion,24/09/2025,242.605,200.0,1075.0,700.0,2025,9
Madhya Pradesh,Ujjain,Ujjain APMC,Onion,Onion,25/09/2025,205.01,225.0,1311.0,1000.0,2025,9
Madhya Pradesh,Ujjain,Ujjain APMC,Onion,Onion,25/09/2025,205.01,210.0,1225.0,1000.0,2025,9
Madhya Pradesh,Ujjain,Ujjain APMC,Onion,Onion,26/09/2025,129.28,241.0,1150.0,1025.0,2025,9
Madhya Pradesh,Ujjain,Ujjain APMC,Onion,Onion,26/09/2025,129.28,200.0,1200.0,1025.0,2025,9
Madhya Pradesh,Ujjain,Ujjain APMC,Onion,Onion,27/09/2025,427.485,200.0,1123.0,850.0,2025,9
Madhya Pradesh,Ujjain,Ujjain APMC,Onion,Onion,27/09/2025,427.485,100.0,1099.0,850.0,2025,9
Madhya Pradesh,Ujjain,Ujjain APMC,Onion,Onion,29/09/2025,434.435,80.0,1133.0,850.0,2025,9
Madhya Pradesh,Ujjain,Ujjain APMC,Onion,Onion,29/09/2025,434.435,200.0,1247.0,850.0,2025,9
Madhya Pradesh,Ujjain,Ujjain APMC,Onion,Onion,04/10/2025,420.795,175.0,1100.0,1000.0,2025,10
Madhya Pradesh,Ujjain,Ujjain APMC,Onion,Onion,04/10/2025,420.795,138.0,1051.0,1000.0,2025,10
Madhya Pradesh,Ujjain,Ujjain APMC,Onion,Onion,06/10/2025,434.64,100.0,1111.0,700.0,2025,10
Madhya Pradesh,Ujjain,Ujjain APMC,Onion,Onion,06/10/2025,434.64,225.0,1120.0,700.0,2025,10
Madhya Pradesh,Ujjain,Ujjain APMC,Onion,White,06/10/2025,434.64,608.0,608.0,608.0,2025,10
Madhya Pradesh,Ujjain,Ujjain APMC,Onion,Onion,07/10/2025,411.545,200.0,1119.0,800.0,2025,10
Madhya Pradesh,Ujjain,Ujjain APMC,Onion,Onion,07/10/2025,411.545,150.0,1088.0,800.0,2025,10
Madhya Pradesh,Ujjain,Ujjain APMC,Onion,Onion,08/10/2025,526.235,155.0,1061.0,800.0,2025,10
Madhya Pradesh,Ujjain,Ujjain APMC,Onion,Onion,08/10/2025,526.235,150.0,1100.0,800.0,2025,10
Madhya Pradesh,Ujjain,Ujjain APMC,Onion,Onion,09/10/2025,408.385,175.0,1108.0,300.0,2025,10
Madhya Pradesh,Ujjain,Ujjain APMC,Onion,Onion,09/10/2025,408.385,250.0,1140.0,300.0,2025,10
Madhya Pradesh,Ujjain,Ujjain APMC,Onion,Onion,10/10/2025,15.94,401.0,572.0,572.0,2025,10
Madhya Pradesh,Ujjain,Ujjain APMC,Onion,Onion,13/10/2025,721.34,112.0,1000.0,800.0,2025,10
Madhya Pradesh,Ujjain,Ujjain APMC,Onion,Onion,13/10/2025,721.34,200.0,1001.0,800.0,2025,10
Madhya Pradesh,Ujjain,Ujjain APMC,Onion,Onion,14/10/2025,601.38,100.0,984.0,800.0,2025,10
Madhya Pradesh,Ujjain,Ujjain APMC,Onion,Onion,14/10/2025,601.38,150.0,945.0,800.0,2025,10
Madhya Pradesh,Ujjain,Ujjain APMC,Onion,White,15/10/2025,447.363333,301.0,301.0,301.0,2025,10
Madhya Pradesh,Ujjain,Ujjain APMC,Onion,Onion,15/10/2025,447.363333,100.0,892.0,500.0,2025,10
Madhya Pradesh,Ujjain,Ujjain APMC,Onion,Onion,15/10/2025,447.363333,100.0,1200.0,500.0,2025,10
Madhya Pradesh,Ujjain,Ujjain APMC,Onion,Onion,16/10/2025,541.925,100.0,999.0,700.0,2025,10
Madhya Pradesh,Ujjain,Ujjain APMC,Onion,Onion,16/10/2025,541.925,100.0,991.0,700.0,2025,10
Madhya Pradesh,Ujjain,Ujjain APMC,Onion,Onion,24/10/2025,15.23,374.0,911.0,911.0,2025,10
Madhya Pradesh,Ujjain,Ujjain APMC,Onion,Onion,27/10/2025,229.26,250.0,1150.0,800.0,2025,10
Madhya Pradesh,Ujjain,Ujjain APMC,Onion,Onion,28/10/2025,451.025,159.0,1051.0,800.0,2025,10
Madhya Pradesh,Ujjain,Ujjain APMC,Onion,Onion,28/10/2025,451.025,100.0,1226.0,800.0,2025,10
Madhya Pradesh,Ujjain,Ujjain APMC,Onion,Onion,29/10/2025,621.37,100.0,1000.0,600.0,2025,10
Madhya Pradesh,Ujjain,Ujjain APMC,Onion,Onion,29/10/2025,621.37,149.0,1072.0,600.0,2025,10
Madhya Pradesh,Ujjain,Ujjain APMC,Onion,Onion,30/10/2025,3.94,466.0,713.0,713.0,2025,10
Madhya Pradesh,Ujjain,Ujjain APMC,Onion,Onion,31/10/2025,496.64,170.0,1081.0,700.0,2025,10
Madhya Pradesh,Ujjain,Ujjain APMC,Onion,Onion,31/10/2025,496.64,100.0,1180.0,700.0,2025,10
Madhya Pradesh,Ujjain,Ujjain APMC,Onion,Onion,03/11/2025,485.376667,100.0,1301.0,900.0,2025,11
Madhya Pradesh,Ujjain,Ujjain APMC,Onion,White,03/11/2025,485.376667,725.0,725.0,725.0,2025,11
Madhya Pradesh,Ujjain,Ujjain APMC,Onion,Onion,03/11/2025,485.376667,181.0,6533.0,900.0,2025,11
Madhya Pradesh,Ujjain,Ujjain APMC,Onion,Onion,04/11/2025,109.695,150.0,1112.0,300.0,2025,11
Madhya Pradesh,Ujjain,Ujjain APMC,Onion,Onion,04/11/2025,109.695,211.0,1039.0,300.0,2025,11
Madhya Pradesh,Ujjain,Ujjain APMC,Onion,Onion,06/11/2025,537.2130000000001,100.0,1150.02,600.0,2025,11
Madhya Pradesh,Ujjain,Ujjain APMC,Onion,Onion,06/11/2025,852.46,100.0,1802.0,900.0,2025,11
Madhya Pradesh,Ujjain,Ujjain APMC,Onion,Onion,07/11/2025,389.17800000000005,100.0,995.36,600.0,2025,11
Madhya Pradesh,Ujjain,Ujjain APMC,Onion,Onion,07/11/2025,809.4830000000001,100.0,1071.0,700.0,2025,11
Madhya Pradesh,Ujjain,Ujjain APMC,Onion,Onion,08/11/2025,375.399,111.0,954.99,500.0,2025,11
Madhya Pradesh,Ujjain,Ujjain APMC,Onion,Onion,08/11/2025,729.145,113.04,951.0,500.0,2025,11
Madhya Pradesh,Ujjain,Ujjain APMC,Onion,Onion,10/11/2025,710.6300000000001,116.22,951.0,500.0,2025,11
Madhya Pradesh,Ujjain,Ujjain APMC,Onion,Onion,10/11/2025,335.192,164.32,827.48,400.0,2025,11
Madhya Pradesh,Ujjain,Ujjain APMC,Onion,Onion,11/11/2025,563.166,143.63,904.7,800.0,2025,11
Madhya Pradesh,Ujjain,Ujjain APMC,Onion,Onion-Organic,12/11/2025,2.761,544.3,544.3,544.3,2025,11
Madhya Pradesh,Ujjain,Ujjain APMC,Onion,Onion,12/11/2025,333.29200000000003,147.0,874.99,400.0,2025,11
Madhya Pradesh,Ujjain,Ujjain APMC,Onion,Onion,12/11/2025,598.8050000000001,134.3,875.99,600.0,2025,11
Madhya Pradesh,Ujjain,Ujjain APMC,Onion,Onion,13/11/2025,597.0600000000001,100.0,1000.0,600.0,2025,11
Madhya Pradesh,Ujjain,Ujjain APMC,Onion,Onion,14/11/2025,855.192,100.0,850.01,400.0,2025,11
Madhya Pradesh,Ujjain,Ujjain APMC,Onion,Onion,14/11/2025,416.44300000000004,100.0,850.01,500.0,2025,11
Madhya Pradesh,Ujjain,Ujjain APMC,Onion,Onion,17/11/2025,1012.6990000000001,100.0,916.74,300.0,2025,11
Madhya Pradesh,Ujjain,Ujjain APMC,Onion,Onion,17/11/2025,555.6260000000001,100.0,877.81,400.0,2025,11
Madhya Pradesh,Ujjain,Ujjain APMC,Onion,Onion,18/11/2025,520.2180000000001,100.0,1231.18,300.0,2025,11
Madhya Pradesh,Ujjain,Ujjain APMC,Onion,Onion,18/11/2025,493.01400000000007,100.0,825.02,300.0,2025,11
Madhya Pradesh,Ujjain,Ujjain APMC,Onion,Onion,19/11/2025,655.3770000000001,100.0,911.0,200.0,2025,11
Madhya Pradesh,Ujjain,Ujjain APMC,Onion,Onion,20/11/2025,579.1550000000001,100.0,810.99,400.0,2025,11
Madhya Pradesh,Ujjain,Ujjain APMC,Onion,Onion,20/11/2025,304.489,128.79,999.1,211.0,2025,11
Madhya Pradesh,Ujjain,Ujjain APMC,Onion,Onion,21/11/2025,756.569,100.0,832.39,300.0,2025,11
Madhya Pradesh,Ujjain,Ujjain APMC,Onion,Onion,24/11/2025,669.4090000000001,100.0,770.25,300.0,2025,11
Madhya Pradesh,Ujjain,Ujjain APMC,Onion,Onion,24/11/2025,424.824,100.0,800.0,200.0,2025,11
Madhya Pradesh,Ujjain,Ujjain APMC,Onion,Onion,25/11/2025,557.2420000000001,100.0,804.45,300.0,2025,11
Madhya Pradesh,Ujjain,Ujjain APMC,Onion,Onion,26/11/2025,308.43000000000006,100.0,751.0,300.0,2025,11
Madhya Pradesh,Ujjain,Ujjain APMC,Onion,Onion,26/11/2025,549.494,100.0,1973.54,300.0,2025,11
Madhya Pradesh,Ujjain,Ujjain APMC,Onion,Onion,27/11/2025,280.068,100.0,675.94,200.0,2025,11
Madhya Pradesh,Ujjain,Ujjain APMC,Onion,Onion,27/11/2025,544.71,100.0,779.13,400.0,2025,11
Madhya Pradesh,Ujjain,Ujjain(F&V) APMC,Onion,Onion,04/11/2025,1152.0,100.0,1400.0,677.0,2025,11
Madhya Pradesh,Ujjain,Ujjain APMC,Onion,Onion,01/12/2025,455.241,100.0,651.0,400.0,2025,12
Madhya Pradesh,Ujjain,Ujjain APMC,Onion,Onion,04/12/2025,241.81,119.99,752.01,300.0,2025,12
Madhya Pradesh,Ujjain,Ujjain APMC,Onion,Onion,04/12/2025,358.985,100.0,817.0,500.0,2025,12
Madhya Pradesh,Ujjain,Ujjain APMC,Onion,Onion,05/12/2025,311.98800000000006,110.24,791.01,600.0,2025,12
Madhya Pradesh,Ujjain,Ujjain APMC,Onion,Onion,05/12/2025,165.04100000000003,100.0,825.0,525.0,2025,12
Madhya Pradesh,Ujjain,Ujjain APMC,Onion,Onion,06/12/2025,387.721,100.0,819.16,550.01,2025,12
Madhya Pradesh,Ujjain,Ujjain APMC,Onion,Onion,06/12/2025,236.00700000000003,125.0,927.4,500.0,2025,12
Madhya Pradesh,Ujjain,Ujjain APMC,Onion,Onion,08/12/2025,147.615,137.82,1174.99,700.0,2025,12
Madhya Pradesh,Ujjain,Ujjain APMC,Onion,Onion,08/12/2025,424.086,188.6,1324.99,800.0,2025,12
Madhya Pradesh,Ujjain,Ujjain APMC,Onion,Onion,09/12/2025,331.44100000000003,182.57,1301.0,500.0,2025,12
Madhya Pradesh,Ujjain,Ujjain APMC,Onion,Onion,09/12/2025,180.485,250.09,1250.0,900.0,2025,12
Madhya Pradesh,Ujjain,Ujjain APMC,Onion,Onion,10/12/2025,223.141,300.0,1298.7,1230.0,2025,12
Madhya Pradesh,Ujjain,Ujjain APMC,Onion,Onion,11/12/2025,348.45000000000005,249.9,1430.0,1150.0,2025,12
Madhya Pradesh,Ujjain,Ujjain APMC,Onion,Onion,13/12/2025,571.57,225.13,1650.0,1000.0,2025,12
Madhya Pradesh,Ujjain,Ujjain APMC,Onion,Onion,13/12/2025,669.082,160.0,1700.0,500.0,2025,12
Madhya Pradesh,Ujjain,Ujjain APMC,Onion,Onion,25/12/2025,197.651,100.0,1872.0,850.0,2025,12
Madhya Pradesh,Ujjain,Ujjain APMC,Onion,Onion,26/12/2025,319.762,186.95,1771.99,300.0,2025,12
Madhya Pradesh,Ujjain,Ujjain APMC,Onion,Onion,26/12/2025,134.322,200.0,1226.11,300.0,2025,12
Madhya Pradesh,Ujjain,Ujjain APMC,Onion,Onion,27/12/2025,123.269,211.0,1300.0,325.0,2025,12
Madhya Pradesh,Ujjain,Ujjain APMC,Onion,Onion,29/12/2025,139.908,200.0,1375.66,280.0,2025,12
Madhya Pradesh,Ujjain,Ujjain APMC,Onion,Onion,29/12/2025,293.87399999999997,175.0,4765.0,250.0,2025,12
Madhya Pradesh,Ujjain,Ujjain APMC,Onion,Onion,30/12/2025,243.42100000000002,100.0,1315.85,200.0,2025,12
Madhya Pradesh,Ujjain,Ujjain APMC,Onion,Onion,30/12/2025,82.887,150.0,1206.21,250.0,2025,12
Madhya Pradesh,Ujjain,Ujjain APMC,Onion,Onion,31/12/2025,206.38800000000003,200.0,1272.0,300.0,2025,12
Madhya Pradesh,Ujjain,Ujjain APMC,Onion,Onion,31/12/2025,133.205,201.0,1285.91,250.0,2025,12
Madhya Pradesh,Ujjain,Ujjain APMC,Onion,Onion,01/01/2026,196.14700000000002,200.0,1689.42,200.0,2026,1
Madhya Pradesh,Ujjain,Ujjain APMC,Onion,Onion,02/01/2026,147.038,175.65,1250.92,300.0,2026,1
Madhya Pradesh,Ujjain,Ujjain APMC,Onion,Onion,02/01/2026,189.83800000000002,200.0,1591.28,290.0,2026,1
Madhya Pradesh,Ujjain,Ujjain APMC,Onion,Onion,03/01/2026,204.32600000000002,200.0,1667.89,200.0,2026,1
Madhya Pradesh,Ujjain,Ujjain APMC,Onion,Onion,05/01/2026,163.61800000000002,100.0,1698.0,150.0,2026,1
Madhya Pradesh,Ujjain,Ujjain APMC,Onion,Onion,06/01/2026,132.116,150.0,1351.0,200.0,2026,1
Madhya Pradesh,Ujjain,Ujjain APMC,Onion,Onion,07/01/2026,155.639,150.0,1400.45,150.0,2026,1
Madhya Pradesh,Ujjain,Ujjain APMC,Onion,Onion,07/01/2026,63.691,125.25,1224.96,200.0,2026,1
Madhya Pradesh,Ujjain,Ujjain APMC,Onion,Onion,08/01/2026,62.098000000000006,200.0,1419.03,300.0,2026,1
Madhya Pradesh,Ujjain,Ujjain APMC,Onion,Onion,09/01/2026,62.251000000000005,120.0,1351.0,300.0,2026,1
Madhya Pradesh,Ujjain,Ujjain APMC,Onion,Onion,10/01/2026,149.29500000000002,200.0,1601.0,250.0,2026,1
Madhya Pradesh,Ujjain,Ujjain APMC,Onion,Onion,12/01/2026,198.95000000000002,200.0,1496.61,250.0,2026,1
Madhya Pradesh,Ujjain,Ujjain APMC,Onion,Onion,15/01/2026,35.337,200.0,1475.0,225.0,2026,1
Madhya Pradesh,Ujjain,Ujjain APMC,Onion,Onion,16/01/2026,30.247000000000003,224.88,1726.5,250.0,2026,1
Madhya Pradesh,Ujjain,Ujjain APMC,Onion,Onion,17/01/2026,44.046,212.78,1528.64,250.0,2026,1
Madhya Pradesh,Ujjain,Ujjain APMC,Onion,Onion,19/01/2026,148.173,150.0,1650.0,200.0,2026,1
Madhya Pradesh,Ujjain,Ujjain APMC,Onion,Onion,24/01/2026,45.791000000000004,250.0,1525.0,250.0,2026,1
Madhya Pradesh,Ujjain,Ujjain APMC,Onion,White,28/01/2026,0.6200000000000001,814.83,814.83,814.83,2026,1
Madhya Pradesh,Ujjain,Ujjain APMC,Onion,White,29/01/2026,1.6670000000000003,1041.57,1041.57,1041.57,2026,1
Madhya Pradesh,Ujjain,Ujjain APMC,Onion,Onion,29/01/2026,66.48200000000001,110.0,1312.71,350.0,2026,1
Madhya Pradesh,Ujjain,Ujjain APMC,Onion,Onion,03/02/2026,59.388000000000005,223.44,1250.0,1250.0,2026,2
Madhya Pradesh,Ujjain,Ujjain APMC,Onion,Onion,03/02/2026,19.382,350.11,1211.97,1211.97,2026,2
Madhya Pradesh,Ujjain,Ujjain APMC,Onion,Onion,05/02/2026,45.076,100.0,1059.0,1059.0,2026,2
Madhya Pradesh,Ujjain,Ujjain APMC,Onion,Onion,05/02/2026,66.79299999999999,100.0,1150.0,1150.0,2026,2
Madhya Pradesh,Ujjain,Ujjain APMC,Onion,Onion,06/02/2026,39.407000000000004,321.26,1125.0,1125.0,2026,2
Madhya Pradesh,Ujjain,Ujjain APMC,Onion,Onion,06/02/2026,27.475,172.95,1283.68,1283.68,2026,2
Madhya Pradesh,Ujjain,Ujjain APMC,Onion,Onion,07/02/2026,49.322,203.02,1301.0,1301.0,2026,2
Madhya Pradesh,Ujjain,Ujjain APMC,Onion,Onion,07/02/2026,45.723000000000006,300.0,1151.6,1151.6,2026,2
Madhya Pradesh,Ujjain,Ujjain APMC,Onion,Onion,09/02/2026,41.947,454.96,1150.97,1150.97,2026,2
Madhya Pradesh,Ujjain,Ujjain APMC,Onion,Onion,09/02/2026,36.792,174.8,1171.0,600.0,2026,2
Madhya Pradesh,Ujjain,Ujjain APMC,Onion,Onion,10/02/2026,37.698,150.0,1163.4,1163.4,2026,2
Madhya Pradesh,Ujjain,Ujjain APMC,Onion,Onion,10/02/2026,55.587,402.02,1120.13,1120.13,2026,2
Madhya Pradesh,Ujjain,Ujjain APMC,Onion,Onion,11/02/2026,37.545,100.0,1400.0,1400.0,2026,2
Madhya Pradesh,Ujjain,Ujjain APMC,Onion,Onion,11/02/2026,39.526,150.0,1165.09,1165.09,2026,2
Madhya Pradesh,Ujjain,Ujjain APMC,Onion,Onion,12/02/2026,43.043000000000006,150.0,1224.66,1224.66,2026,2
Madhya Pradesh,Ujjain,Ujjain APMC,Onion,Onion,12/02/2026,13.652000000000001,349.57,1150.0,1150.0,2026,2
Madhya Pradesh,Ujjain,Ujjain APMC,Onion,Onion,13/02/2026,27.352,397.25,1296.0,1296.0,2026,2
Madhya Pradesh,Ujjain,Ujjain APMC,Onion,Onion,13/02/2026,23.464,400.0,1197.97,1197.97,2026,2
Madhya Pradesh,Ujjain,Ujjain APMC,Onion,Onion,14/02/2026,32.458999999999996,331.78,1500.0,1500.0,2026,2
Madhya Pradesh,Ujjain,Ujjain APMC,Onion,Onion,14/02/2026,33.87,180.0,1257.7,1257.7,2026,2
Madhya Pradesh,Ujjain,Ujjain APMC,Onion,Onion,16/02/2026,29.566000000000003,100.0,1158.03,1158.03,2026,2
Madhya Pradesh,Ujjain,Ujjain APMC,Onion,Onion,16/02/2026,68.58300000000001,384.97,1180.0,1180.0,2026,2
Madhya Pradesh,Ujjain,Ujjain APMC,Onion,Onion,17/02/2026,38.642,353.4,1173.38,1173.38,2026,2
Madhya Pradesh,Ujjain,Ujjain APMC,Onion,Onion,17/02/2026,16.574,443.6,1296.83,1296.83,2026,2
Madhya Pradesh,Ujjain,Ujjain APMC,Onion,Onion,18/02/2026,33.999,420.76,1376.96,1376.96,2026,2
Madhya Pradesh,Ujjain,Ujjain APMC,Onion,Onion,18/02/2026,68.057,201.0,1170.52,1170.52,2026,2
Madhya Pradesh,Ujjain,Ujjain APMC,Onion,Onion,19/02/2026,70.608,323.01,1365.93,1365.93,2026,2
Madhya Pradesh,Ujjain,Ujjain APMC,Onion,Onion,19/02/2026,48.525000000000006,156.0,1030.78,1030.78,2026,2
Madhya Pradesh,Ujjain,Ujjain APMC,Onion,Onion,20/02/2026,53.717999999999996,309.9,1310.15,1310.15,2026,2
Madhya Pradesh,Ujjain,Ujjain APMC,Onion,Onion,21/02/2026,26.943,300.19,1300.0,1300.0,2026,2
Madhya Pradesh,Ujjain,Ujjain APMC,Onion,Onion,21/02/2026,4.553,120.0,1177.66,1177.66,2026,2
Madhya Pradesh,Ujjain,Ujjain APMC,Onion,Onion,23/02/2026,46.252,200.0,1232.61,1232.61,2026,2
Madhya Pradesh,Ujjain,Ujjain APMC,Onion,Onion,23/02/2026,58.072,235.44,1400.0,1400.0,2026,2
Madhya Pradesh,Ujjain,Ujjain APMC,Onion,Onion,24/02/2026,48.025000000000006,150.0,1258.88,1258.88,2026,2
Madhya Pradesh,Ujjain,Ujjain APMC,Onion,Onion,24/02/2026,38.422000000000004,608.74,1400.98,1400.98,2026,2
Madhya Pradesh,Ujjain,Ujjain APMC,Onion,Onion,25/02/2026,21.884,340.45,1139.79,1139.79,2026,2
Madhya Pradesh,Ujjain,Ujjain APMC,Onion,Onion,25/02/2026,37.797000000000004,160.0,1350.93,1350.93,2026,2
Madhya Pradesh,Ujjain,Ujjain APMC,Onion,Onion,26/02/2026,20.009,381.78,1220.23,1220.23,2026,2
Madhya Pradesh,Ujjain,Ujjain APMC,Onion,Onion,26/02/2026,52.406,180.12,1150.0,1150.0,2026,2
Madhya Pradesh,Ujjain,Ujjain APMC,Onion,Onion,27/02/2026,35.639,120.0,1175.0,1175.0,2026,2
Madhya Pradesh,Ujjain,Ujjain APMC,Onion,Onion,28/02/2026,47.6,260.0,1122.04,1122.04,2026,2
Madhya Pradesh,Ujjain,Ujjain APMC,Onion,Onion,28/02/2026,6.71,325.0,1160.0,1160.0,2026,2
Madhya Pradesh,Ujjain,Ujjain APMC,Onion,Onion,02/03/2026,25.621,312.5,1087.21,1087.21,2026,3
Madhya Pradesh,Ujjain,Ujjain APMC,Onion,Onion,02/03/2026,41.54900000000001,220.0,1200.24,1200.24,2026,3
Madhya Pradesh,Ujjain,Ujjain APMC,Onion,Onion,05/03/2026,6.397,251.0,1073.98,1073.98,2026,3
Madhya Pradesh,Ujjain,Ujjain APMC,Onion,Onion,05/03/2026,18.472,500.0,1300.0,1300.0,2026,3
Madhya Pradesh,Ujjain,Ujjain APMC,Onion,Onion,06/03/2026,14.042,276.94,1175.06,1175.06,2026,3
Madhya Pradesh,Ujjain,Ujjain APMC,Onion,Onion,06/03/2026,25.883,180.0,1100.0,1100.0,2026,3
Madhya Pradesh,Ujjain,Ujjain APMC,Onion,Onion,07/03/2026,12.482,537.35,1331.0,1331.0,2026,3
Madhya Pradesh,Ujjain,Ujjain APMC,Onion,Onion,07/03/2026,8.167,500.0,1901.89,1901.89,2026,3
Madhya Pradesh,Ujjain,Ujjain APMC,Onion,Onion,09/03/2026,17.826,300.0,1200.0,1200.0,2026,3
Madhya Pradesh,Ujjain,Ujjain APMC,Onion,Onion,09/03/2026,14.065000000000001,649.98,1800.0,1800.0,2026,3
Madhya Pradesh,Ujjain,Ujjain APMC,Onion,Onion,10/03/2026,30.977999999999998,400.0,1024.0,1024.0,2026,3
Madhya Pradesh,Ujjain,Ujjain APMC,Onion,Onion,10/03/2026,18.938,104.31,1157.7,1157.7,2026,3
Madhya Pradesh,Ujjain,Ujjain APMC,Onion,Onion,11/03/2026,22.359,310.88,1300.0,1300.0,2026,3
Madhya Pradesh,Ujjain,Ujjain APMC,Onion,Onion,11/03/2026,26.066000000000003,438.72,1501.05,1501.05,2026,3
Madhya Pradesh,Ujjain,Ujjain APMC,Onion,Onion,12/03/2026,14.046000000000001,450.0,1155.79,1155.79,2026,3
Madhya Pradesh,Ujjain,Ujjain APMC,Onion,Onion,12/03/2026,27.167,435.42,1300.0,1300.0,2026,3
Madhya Pradesh,Ujjain,Ujjain APMC,Onion,Onion,13/03/2026,19.116,557.62,1217.78,1217.78,2026,3
Madhya Pradesh,Ujjain,Ujjain APMC,Onion,Onion,13/03/2026,13.831000000000001,450.03,1047.12,1047.12,2026,3
Madhya Pradesh,Ujjain,Ujjain APMC,Onion,Onion,14/03/2026,13.440000000000001,500.72,1020.0,1020.0,2026,3
Madhya Pradesh,Ujjain,Ujjain APMC,Onion,Onion,14/03/2026,31.586000000000002,470.61,1265.66,1265.66,2026,3
Madhya Pradesh,Ujjain,Ujjain APMC,Onion,Onion,16/03/2026,10.832,474.83,1549.92,1549.92,2026,3
Madhya Pradesh,Ujjain,Ujjain APMC,Onion,Onion,16/03/2026,43.148,400.0,1510.0,1510.0,2026,3
Madhya Pradesh,Ujjain,Ujjain APMC,Onion,Onion,18/03/2026,77.251,312.8,1300.0,1300.0,2026,3
Madhya Pradesh,Ujjain,Ujjain APMC,Onion,Onion,18/03/2026,27.665,609.75,1225.03,1225.03,2026,3
Madhya Pradesh,Ujjain,Ujjain APMC,Onion,Onion,23/03/2026,44.995000000000005,300.0,1124.99,1124.99,2026,3
Madhya Pradesh,Ujjain,Ujjain APMC,Onion,Onion,23/03/2026,13.166,420.0,1139.67,1139.67,2026,3
Madhya Pradesh,Ujjain,Ujjain APMC,Onion,Onion,24/03/2026,27.216000000000005,236.52,1000.0,1000.0,2026,3
Madhya Pradesh,Ujjain,Ujjain APMC,Onion,Onion,24/03/2026,67.65599999999999,120.0,976.19,976.19,2026,3
Madhya Pradesh,Ujjain,Ujjain APMC,Onion,Onion,25/03/2026,24.535,461.17,1154.36,1154.36,2026,3
Madhya Pradesh,Ujjain,Ujjain APMC,Onion,Onion,25/03/2026,22.276,160.0,927.32,927.32,2026,3
Madhya Pradesh,Ujjain,Ujjain APMC,Onion,Onion,26/03/2026,19.201,552.0,1561.68,1561.68,2026,3
Madhya Pradesh,Ujjain,Ujjain APMC,Onion,Onion,26/03/2026,8.528,242.0,792.82,792.82,2026,3
Madhya Pradesh,Ujjain,Ujjain APMC,Onion,Onion,28/03/2026,27.926000000000002,571.34,1608.0,743.0,2026,3
Madhya Pradesh,Ujjain,Ujjain APMC,Onion,Onion,28/03/2026,14.597999999999999,881.0,1170.3,1170.3,2026,3
Madhya Pradesh,Ujjain,Ujjain APMC,Onion,Onion,01/04/2026,25.258000000000003,564.48,1070.85,1070.85,2026,4
Madhya Pradesh,Ujjain,Ujjain APMC,Onion,Onion,01/04/2026,6.831,468.77,1148.12,1148.12,2026,4
Madhya Pradesh,Ujjain,Ujjain APMC,Onion,Onion,02/04/2026,22.328000000000003,439.86,1239.59,1239.59,2026,4
Madhya Pradesh,Ujjain,Ujjain APMC,Onion,Onion,03/04/2026,50.082,369.05,953.19,675.0,2026,4
Madhya Pradesh,Ujjain,Ujjain APMC,Onion,Onion,03/04/2026,62.784000000000006,212.6,988.93,988.93,2026,4
Madhya Pradesh,Ujjain,Ujjain APMC,Onion,Onion,04/04/2026,36.681000000000004,100.0,1207.05,1207.05,2026,4
Madhya Pradesh,Ujjain,Ujjain APMC,Onion,Onion,04/04/2026,79.474,173.18,1250.0,1250.0,2026,4
Madhya Pradesh,Ujjain,Ujjain APMC,Onion,Onion,06/04/2026,50.268,318.35,1151.01,1151.01,2026,4
Madhya Pradesh,Ujjain,Ujjain APMC,Onion,Onion,06/04/2026,36.861000000000004,100.0,1001.0,1001.0,2026,4
Madhya Pradesh,Ujjain,Ujjain APMC,Onion,Onion,07/04/2026,50.933,150.0,1142.02,1142.02,2026,4
Madhya Pradesh,Ujjain,Ujjain APMC,Onion,Onion,07/04/2026,52.202,100.0,911.0,911.0,2026,4
Madhya Pradesh,Ujjain,Ujjain APMC,Onion,Onion,08/04/2026,36.721,200.0,1135.26,1135.26,2026,4
Madhya Pradesh,Ujjain,Ujjain APMC,Onion,Onion,09/04/2026,50.452,200.0,1194.26,1194.26,2026,4
Madhya Pradesh,Ujjain,Ujjain APMC,Onion,Onion,09/04/2026,25.444000000000003,192.76,1511.01,1511.01,2026,4
Madhya Pradesh,Ujjain,Ujjain APMC,Onion,Onion,11/04/2026,63.46900000000001,242.0,1102.93,1101.0,2026,4
Madhya Pradesh,Ujjain,Ujjain APMC,Onion,Onion,11/04/2026,27.778,291.56,1249.0,1249.0,2026,4
Madhya Pradesh,Ujjain,Ujjain APMC,Onion,Onion,13/04/2026,60.952,122.0,1300.0,1300.0,2026,4
Madhya Pradesh,Ujjain,Ujjain APMC,Onion,Onion,13/04/2026,52.841,118.46,1250.0,1250.0,2026,4
Madhya Pradesh,Ujjain,Ujjain APMC,Onion,Onion,14/04/2026,41.69800000000001,187.25,1095.68,1095.68,2026,4
Madhya Pradesh,Ujjain,Ujjain APMC,Onion,Onion,14/04/2026,33.949000000000005,182.74,1175.06,1175.06,2026,4
Madhya Pradesh,Ujjain,Ujjain APMC,Onion,Onion,15/04/2026,48.96000000000001,332.9,1200.0,700.0,2026,4
Madhya Pradesh,Ujjain,Ujjain APMC,Onion,Onion,16/04/2026,44.764,148.0,1275.0,1275.0,2026,4
Madhya Pradesh,Ujjain,Ujjain APMC,Onion,Onion,16/04/2026,19.900000000000002,250.0,1075.04,1075.04,2026,4
Madhya Pradesh,Ujjain,Ujjain APMC,Onion,Onion,18/04/2026,79.644,155.0,1200.0,1200.0,2026,4
Madhya Pradesh,Ujjain,Ujjain APMC,Onion,Onion,18/04/2026,59.34,111.6,1171.01,1171.01,2026,4
Madhya Pradesh,Ujjain,Ujjain APMC,Onion,Onion,21/04/2026,86.756,160.0,913.26,913.26,2026,4
Madhya Pradesh,Ujjain,Ujjain APMC,Onion,Onion,21/04/2026,34.514,137.55,1071.0,1071.0,2026,4
Madhya Pradesh,Ujjain,Ujjain APMC,Onion,Onion,23/04/2026,18.041,200.0,1120.92,1120.92,2026,4
Madhya Pradesh,Ujjain,Ujjain APMC,Onion,Onion,23/04/2026,58.214,201.27,1350.0,1350.0,2026,4
Madhya Pradesh,Ujjain,Ujjain APMC,Onion,Onion,24/04/2026,36.003,124.48,1111.02,1111.02,2026,4
Madhya Pradesh,Ujjain,Ujjain APMC,Onion,Onion,24/04/2026,86.69900000000001,121.2,1200.0,1200.0,2026,4
Madhya Pradesh,Ujjain,Ujjain APMC,Onion,Onion,25/04/2026,15.92,218.75,1150.0,1150.0,2026,4
Madhya Pradesh,Ujjain,Ujjain APMC,Onion,Onion,25/04/2026,50.536,188.37,1097.79,1097.79,2026,4
Madhya Pradesh,Ujjain,Ujjain APMC,Onion,Onion,27/04/2026,41.09,110.84,1180.0,1180.0,2026,4
Madhya Pradesh,Ujjain,Ujjain APMC,Onion,Onion,28/04/2026,33.52,100.0,1351.0,1351.0,2026,4
Madhya Pradesh,Ujjain,Ujjain APMC,Onion,Onion,28/04/2026,60.379999999999995,120.0,1250.97,751.0,2026,4
Madhya Pradesh,Ujjain,Ujjain APMC,Onion,Onion,29/04/2026,15.999000000000002,300.0,1361.02,1361.02,2026,4
Madhya Pradesh,Ujjain,Ujjain APMC,Onion,Onion,29/04/2026,35.627,284.64,1401.03,1401.03,2026,4
Madhya Pradesh,Ujjain,Ujjain APMC,Onion,Onion,30/04/2026,70.741,200.0,1270.0,1270.0,2026,4
Madhya Pradesh,Ujjain,Ujjain APMC,Onion,Onion,30/04/2026,39.379000000000005,195.25,1550.0,1550.0,2026,4
Madhya Pradesh,Ujjain,Ujjain APMC,Onion,Onion,02/05/2026,163.00300000000001,200.0,1388.7,675.0,2026,5
Madhya Pradesh,Ujjain,Ujjain APMC,Onion,Onion,02/05/2026,122.907,159.07,1500.0,1500.0,2026,5
Madhya Pradesh,Ujjain,Ujjain APMC,Onion,Onion,04/05/2026,293.214,100.0,1600.0,1000.0,2026,5
Madhya Pradesh,Ujjain,Ujjain APMC,Onion,Onion,04/05/2026,145.906,120.0,1470.0,1421.0,2026,5
Madhya Pradesh,Ujjain,Ujjain APMC,Onion,Onion,05/05/2026,137.136,160.0,1340.0,1300.0,2026,5
Madhya Pradesh,Ujjain,Ujjain APMC,Onion,Onion,06/05/2026,145.351,100.0,1400.0,1400.0,2026,5
Madhya Pradesh,Ujjain,Ujjain APMC,Onion,Onion,06/05/2026,264.60900000000004,100.0,1313.02,800.0,2026,5
Madhya Pradesh,Ujjain,Ujjain APMC,Onion,Onion,07/05/2026,234.58000000000004,125.0,1460.04,1225.01,2026,5
Madhya Pradesh,Ujjain,Ujjain APMC,Onion,Onion,08/05/2026,114.74700000000001,100.0,1301.0,925.0,2026,5
Madhya Pradesh,Ujjain,Ujjain APMC,Onion,Onion,08/05/2026,224.316,100.0,1347.44,600.0,2026,5
Madhya Pradesh,Ujjain,Ujjain APMC,Onion,Onion,09/05/2026,96.25900000000001,150.0,1441.95,892.0,2026,5
Madhya Pradesh,Ujjain,Ujjain APMC,Onion,Onion,11/05/2026,204.85000000000002,200.0,1400.0,855.0,2026,5
Madhya Pradesh,Ujjain,Ujjain APMC,Onion,Onion,12/05/2026,277.25600000000003,150.0,1311.06,1000.0,2026,5
Madhya Pradesh,Ujjain,Ujjain APMC,Onion,Onion,23/05/2026,38.206,200.0,1450.96,1450.96,2026,5
Madhya Pradesh,Ujjain,Ujjain APMC,Onion,Onion,27/05/2026,64.567,230.14,1250.99,900.0,2026,5
Madhya Pradesh,Ujjain,Ujjain APMC,Onion,Onion,29/05/2026,65.849,280.0,1430.0,911.0,2026,5
Madhya Pradesh,Ujjain,Ujjain APMC,Onion,Onion,30/05/2026,25.245,251.15,1292.62,1292.62,2026,5
Madhya Pradesh,Ujjain,Ujjain APMC,Onion,Onion,02/06/2026,53.772000000000006,300.0,1554.0,600.0,2026,6
Madhya Pradesh,Ujjain,Ujjain APMC,Onion,Onion,03/06/2026,175.45000000000002,200.3,1821.15,900.0,2026,6
Madhya Pradesh,Ujjain,Ujjain APMC,Onion,Onion,03/06/2026,74.39800000000001,312.6,1704.0,665.0,2026,6
Madhya Pradesh,Ujjain,Ujjain APMC,Onion,Onion,05/06/2026,66.399,285.0,1560.62,600.0,2026,6
Madhya Pradesh,Ujjain,Ujjain APMC,Onion,Onion,06/06/2026,90.83500000000001,223.08,1502.89,551.0,2026,6
Madhya Pradesh,Ujjain,Ujjain APMC,Onion,Onion,08/06/2026,152.441,300.0,1594.52,800.0,2026,6
Madhya Pradesh,Ujjain,Ujjain APMC,Onion,Onion,10/06/2026,143.044,294.69,1744.82,400.0,2026,6
Madhya Pradesh,Ujjain,Ujjain APMC,Onion,Onion,11/06/2026,67.38,200.0,1415.22,350.0,2026,6
Madhya Pradesh,Ujjain,Ujjain APMC,Onion,Onion,12/06/2026,56.661,300.0,1850.98,411.0,2026,6
Madhya Pradesh,Ujjain,Ujjain APMC,Onion,Onion,12/06/2026,148.348,300.0,1825.03,500.0,2026,6
Madhya Pradesh,Ujjain,Ujjain APMC,Onion,Onion,13/06/2026,63.114000000000004,300.0,1700.0,400.0,2026,6
Madhya Pradesh,Ujjain,Ujjain APMC,Onion,Onion,13/06/2026,101.731,311.68,1700.0,400.0,2026,6
Madhya Pradesh,Ujjain,Ujjain APMC,Onion,Onion,15/06/2026,2.6390000000000002,784.24,784.24,784.24,2026,6
Madhya Pradesh,Ujjain,Ujjain APMC,Onion,Onion,16/06/2026,152.008,200.0,1739.76,300.0,2026,6
Madhya Pradesh,Ujjain,Ujjain APMC,Onion,Onion,16/06/2026,112.24700000000001,300.0,1972.73,300.0,2026,6
Madhya Pradesh,Ujjain,Ujjain APMC,Onion,Onion,18/06/2026,144.528,199.69,2201.09,500.0,2026,6
Madhya Pradesh,Ujjain,Ujjain APMC,Onion,Onion,20/06/2026,222.57500000000002,300.0,2001.0,600.0,2026,6
Madhya Pradesh,Ujjain,Ujjain APMC,Onion,Onion,22/06/2026,203.87,200.0,2100.0,600.0,2026,6
Madhya Pradesh,Ujjain,Ujjain APMC,Onion,Onion,22/06/2026,132.949,400.0,2100.0,600.0,2026,6
Madhya Pradesh,Ujjain,Ujjain APMC,Onion,Onion,24/06/2026,72.743,350.0,2126.0,500.0,2026,6
Madhya Pradesh,Ujjain,Ujjain APMC,Onion,Onion,25/06/2026,172.00900000000001,300.0,2480.0,600.0,2026,6
Madhya Pradesh,Ujjain,Ujjain APMC,Onion,Onion,29/06/2026,252.64200000000002,300.0,2414.98,700.0,2026,6
Madhya Pradesh,Ujjain,Ujjain APMC,Onion,Onion,30/06/2026,255.25300000000004,351.0,2550.0,600.0,2026,6
Madhya Pradesh,Ujjain,Ujjain APMC,Onion,Onion,02/07/2026,148.56900000000002,500.0,2676.02,800.0,2026,7
Madhya Pradesh,Ujjain,Ujjain APMC,Onion,Onion,03/07/2026,183.16500000000002,466.17,2200.0,1000.0,2026,7
Madhya Pradesh,Ujjain,Ujjain APMC,Onion,Onion,04/07/2026,343.03200000000004,400.0,2388.7,700.0,2026,7
Madhya Pradesh,Ujjain,Ujjain APMC,Onion,Onion,04/07/2026,168.596,500.0,2358.62,700.0,2026,7
Madhya Pradesh,Ujjain,Ujjain APMC,Onion,Onion,06/07/2026,123.41199999999999,514.55,2218.68,700.0,2026,7
Madhya Pradesh,Ujjain,Ujjain APMC,Onion,Onion,06/07/2026,341.43000000000006,341.32,2361.7,1000.0,2026,7
Madhya Pradesh,Ujjain,Ujjain APMC,Onion,Onion,07/07/2026,130.27700000000002,400.0,11831.0,500.0,2026,7
Madhya Pradesh,Ujjain,Ujjain APMC,Onion,Other,08/07/2026,3.097,937.48,937.48,937.48,2026,7
Madhya Pradesh,Ujjain,Ujjain APMC,Onion,Onion,08/07/2026,182.81900000000002,500.0,2610.98,500.0,2026,7
Madhya Pradesh,Ujjain,Ujjain APMC,Onion,Onion,09/07/2026,222.11700000000002,549.15,2611.89,600.0,2026,7
Madhya Pradesh,Ujjain,Ujjain APMC,Onion,Onion,10/07/2026,204.34400000000002,600.0,2423.53,1100.0,2026,7
Madhya Pradesh,Ujjain,Ujjain APMC,Onion,Onion,11/07/2026,277.939,473.41,2211.0,1400.0,2026,7
Madhya Pradesh,Ujjain,Ujjain APMC,Onion,Onion,13/07/2026,238.933,400.0,2500.0,500.0,2026,7
Madhya Pradesh,Ujjain,Ujjain APMC,Onion,Onion,13/07/2026,87.63400000000001,400.0,2324.95,1400.0,2026,7
Madhya Pradesh,Ujjain,Ujjain APMC,Onion,Onion,15/07/2026,306.344,400.0,2500.0,1300.0,2026,7
Madhya Pradesh,Ujjain,Ujjain APMC,Onion,Onion,16/07/2026,218.127,471.95,2401.0,1545.77,2026,7
Madhya Pradesh,Ujjain,Ujjain APMC,Onion,Onion,16/07/2026,149.304,500.0,2439.96,1500.0,2026,7
Madhya Pradesh,Ujjain,Ujjain APMC,Onion,Onion,17/07/2026,341.10200000000003,400.0,2475.02,1800.0,2026,7
Madhya Pradesh,Ujjain,Ujjain APMC,Onion,Onion,18/07/2026,95.48500000000001,400.0,2344.21,1550.0,2026,7
Madhya Pradesh,Ujjain,Ujjain APMC,Onion,Onion,18/07/2026,242.258,435.9,2312.29,800.0,2026,7
Madhya Pradesh,Ujjain,Ujjain APMC,Onion,Onion,20/07/2026,248.752,300.0,2340.2,900.0,2026,7
Madhya Pradesh,Ujjain,Ujjain APMC,Onion,Onion,21/07/2026,93.27100000000002,500.0,2327.76,1100.0,2026,7
Madhya Pradesh,Ujjain,Ujjain APMC,Onion,Onion,21/07/2026,227.49,300.0,2228.04,2100.0,2026,7
Madhya Pradesh,Ujjain,Ujjain APMC,Onion,Onion,22/07/2026,220.16100000000003,400.0,2300.0,1100.0,2026,7
Madhya Pradesh,Ujjain,Ujjain APMC,Onion,Onion,23/07/2026,190.36900000000003,479.98,2200.0,2001.0,2026,7
Madhya Pradesh,Ujjain,Ujjain APMC,Onion,Onion,23/07/2026,97.152,847.5,2412.21,1100.0,2026,7
Madhya Pradesh,Ujjain,Ujjain APMC,Onion,Onion,24/07/2026,224.10900000000004,450.0,2200.0,1400.0,2026,7
Madhya Pradesh,Ujjain,Ujjain APMC,Onion,Onion,24/07/2026,100.45100000000001,500.0,2374.51,2374.51,2026,7
Madhya Pradesh,Ujjain,Ujjain APMC,Onion,Onion,25/07/2026,89.69900000000001,500.0,2485.21,2312.98,2026,7
Madhya Pradesh,Ujjain,Ujjain APMC,Onion,Onion,25/07/2026,226.72,525.03,2400.0,2000.0,2026,7
Madhya Pradesh,Ujjain,Ujjain APMC,Onion,Onion,27/07/2026,105.306,800.0,2324.69,2324.69,2026,7
Madhya Pradesh,Ujjain,Ujjain APMC,Onion,Onion,27/07/2026,246.362,400.0,2500.0,1600.0,2026,7
Madhya Pradesh,Ujjain,Ujjain APMC,Onion,Onion,28/07/2026,90.811,450.87,2525.17,2525.17,2026,7
Madhya Pradesh,Ujjain,Ujjain APMC,Onion,Onion,28/07/2026,196.584,500.0,2300.0,1400.0,2026,7
Madhya Pradesh,Ujjain,Ujjain APMC,Onion,Onion,30/07/2026,227.843,400.0,2453.86,1700.0,2026,7
Madhya Pradesh,Ujjain,Ujjain APMC,Onion,Onion,30/07/2026,150.384,777.32,2401.07,2100.0,2026,7
Madhya Pradesh,Ujjain,Ujjain APMC,Onion,Onion,31/07/2026,304.98600000000005,500.0,2400.0,1300.0,2026,7
Madhya Pradesh,Ujjain,Ujjain APMC,Onion,Onion,31/07/2026,113.14600000000002,400.0,2292.71,1900.0,2026,7
Madhya Pradesh,Ujjain,Ujjain APMC,Onion,Onion,01/08/2026,131.34900000000002,250.0,2312.01,2312.01,2026,8
Madhya Pradesh,Ujjain,Ujjain APMC,Onion,Onion,01/08/2026,313.35200000000003,661.25,2422.01,1000.0,2026,8
Madhya Pradesh,Ujjain,Ujjain APMC,Onion,Onion,03/08/2026,338.06600000000003,349.3,2250.99,1200.0,2026,8
Madhya Pradesh,Ujjain,Ujjain APMC,Onion,Onion,03/08/2026,135.216,520.96,2421.0,1667.0,2026,8
Madhya Pradesh,Ujjain,Ujjain APMC,Onion,Onion,04/08/2026,147.691,465.0,2356.03,2100.0,2026,8
Madhya Pradesh,Ujjain,Ujjain APMC,Onion,Onion,04/08/2026,179.237,424.81,2259.01,2000.0,2026,8
Madhya Pradesh,Ujjain,Ujjain APMC,Onion,Onion,05/08/2026,203.615,300.0,2323.0,1800.0,2026,8
Madhya Pradesh,Ujjain,Ujjain APMC,Onion,Onion,05/08/2026,78.034,350.46,2458.99,2458.99,2026,8
Madhya Pradesh,Ujjain,Ujjain APMC,Onion,Onion,06/08/2026,108.79000000000002,321.02,2411.05,1800.0,2026,8
Madhya Pradesh,Ujjain,Ujjain APMC,Onion,Onion,06/08/2026,273.593,250.0,2401.79,1000.0,2026,8
Madhya Pradesh,Ujjain,Ujjain APMC,Onion,Onion,07/08/2026,155.511,300.0,2449.95,2125.0,2026,8
Madhya Pradesh,Ujjain,Ujjain APMC,Onion,Onion,08/08/2026,122.485,210.71,2649.88,1400.0,2026,8
Madhya Pradesh,Ujjain,Ujjain APMC,Onion,Onion,08/08/2026,242.11300000000003,200.0,2388.0,1600.0,2026,8
Madhya Pradesh,Ujjain,Ujjain APMC,Onion,Onion,10/08/2026,214.98000000000002,367.71,2451.04,2000.0,2026,8
Madhya Pradesh,Ujjain,Ujjain APMC,Onion,Onion,10/08/2026,88.241,600.0,2237.85,1100.0,2026,8
Madhya Pradesh,Ujjain,Ujjain APMC,Onion,Onion,11/08/2026,121.33,300.0,2434.68,2300.0,2026,8
Madhya Pradesh,Ujjain,Ujjain APMC,Onion,Onion,11/08/2026,187.981,300.0,2353.5,2300.0,2026,8
Madhya Pradesh,Ujjain,Ujjain APMC,Onion,Onion,13/08/2026,303.714,247.93,2900.0,1550.0,2026,8
Madhya Pradesh,Ujjain,Ujjain APMC,Onion,Onion,13/08/2026,144.262,350.0,2929.0,1800.0,2026,8
Madhya Pradesh,Ujjain,Ujjain APMC,Onion,Onion,14/08/2026,272.225,200.0,3124.4,2400.0,2026,8
Madhya Pradesh,Ujjain,Ujjain APMC,Onion,Onion,14/08/2026,322.562,300.0,3050.0,2200.0,2026,8
Madhya Pradesh,Ujjain,Ujjain APMC,Onion,Onion,18/08/2026,181.86800000000002,332.03,3825.03,1700.0,2026,8
Madhya Pradesh,Ujjain,Ujjain APMC,Onion,Onion,18/08/2026,350.36100000000005,200.0,3700.0,3500.0,2026,8
Madhya Pradesh,Ujjain,Ujjain APMC,Onion,Onion,19/08/2026,361.694,400.0,3878.01,3000.0,2026,8
Madhya Pradesh,Ujjain,Ujjain APMC,Onion,Onion,19/08/2026,427.59,500.0,3800.0,3600.0,2026,8
Madhya Pradesh,Ujjain,Ujjain APMC,Onion,Onion,20/08/2026,441.64700000000005,137.38,3672.2,1500.0,2026,8
Madhya Pradesh,Ujjain,Ujjain APMC,Onion,Onion,20/08/2026,500.10600000000005,200.0,3501.0,2500.0,2026,8
Madhya Pradesh,Ujjain,Ujjain APMC,Onion,White,20/08/2026,0.7370000000000001,2772.04,2772.04,2772.04,2026,8
Madhya Pradesh,Ujjain,Ujjain APMC,Onion,Onion,21/08/2026,434.833,250.0,3511.0,3000.0,2026,8
Madhya Pradesh,Ujjain,Ujjain APMC,Onion,Onion,21/08/2026,517.549,200.0,3700.99,3000.0,2026,8
Madhya Pradesh,Ujjain,Ujjain APMC,Onion,Onion,22/08/2026,0.953,3008.83,3008.83,3008.83,2026,8
Madhya Pradesh,Ujjain,Ujjain APMC,Onion,Onion,24/08/2026,380.13200000000006,400.0,4111.02,2000.0,2026,8
Madhya Pradesh,Ujjain,Ujjain APMC,Onion,Onion,24/08/2026,348.241,309.0,4351.0,3553.0,2026,8
Madhya Pradesh,Ujjain,Ujjain APMC,Onion,Onion,25/08/2026,308.04400000000004,100.0,4025.0,3700.0,2026,8
Madhya Pradesh,Ujjain,Ujjain APMC,Onion,Small - I,25/08/2026,3.469,1501.0,1501.0,1501.0,2026,8
Madhya Pradesh,Ujjain,Ujjain APMC,Onion,Onion,25/08/2026,245.394,300.0,4100.0,3400.0,2026,8
Madhya Pradesh,Ujjain,Ujjain APMC,Onion,Onion,27/08/2026,398.673,200.0,3751.09,3000.0,2026,8
Madhya Pradesh,Ujjain,Ujjain APMC,Onion,Onion,27/08/2026,292.978,200.0,4010.95,3100.0,2026,8
Madhya Pradesh,Ujjain,Ujjain APMC,Onion,Onion,29/08/2026,107.961,256.88,3651.01,1600.0,2026,8
Madhya Pradesh,Ujjain,Ujjain APMC,Onion,Onion,29/08/2026,80.486,140.0,3510.0,2500.0,2026,8
Madhya Pradesh,Ujjain,Ujjain APMC,Onion,Onion,31/08/2026,177.212,549.59,3700.0,2200.0,2026,8
Madhya Pradesh,Ujjain,Ujjain APMC,Onion,White,31/08/2026,1.1740000000000002,3711.0,3711.0,3711.0,2026,8
Madhya Pradesh,Ujjain,Ujjain APMC,Onion,Onion,31/08/2026,83.38400000000001,300.0,3700.98,3700.98,2026,8
Madhya Pradesh,Ujjain,Ujjain APMC,Onion,Onion,01/09/2026,108.64100000000002,210.0,3843.61,3200.0,2026,9
Madhya Pradesh,Ujjain,Ujjain APMC,Onion,Onion,01/09/2026,240.473,477.67,4100.0,2100.0,2026,9
Madhya Pradesh,Ujjain,Ujjain APMC,Onion,Onion,02/09/2026,154.99900000000002,500.0,4149.96,3900.0,2026,9
Madhya Pradesh,Ujjain,Ujjain APMC,Onion,White,02/09/2026,1.468,3288.82,3288.82,3288.82,2026,9
Madhya Pradesh,Ujjain,Ujjain APMC,Onion,Onion,02/09/2026,318.327,300.0,4102.54,3800.0,2026,9
Madhya Pradesh,Ujjain,Ujjain APMC,Onion,Small - I,02/09/2026,1.5220000000000002,2589.48,2589.48,2589.48,2026,9
Madhya Pradesh,Ujjain,Ujjain APMC,Onion,Onion,03/09/2026,331.92100000000005,300.0,4351.0,3200.0,2026,9
Madhya Pradesh,Ujjain,Ujjain APMC,Onion,Onion,03/09/2026,302.752,502.89,4352.6,1500.0,2026,9
Madhya Pradesh,Ujjain,Ujjain APMC,Onion,Onion,05/09/2026,200.448,300.0,5151.0,4300.0,2026,9
Madhya Pradesh,Ujjain,Ujjain APMC,Onion,Onion,05/09/2026,363.966,285.01,4500.0,3600.0,2026,9
Madhya Pradesh,Ujjain,Ujjain APMC,Onion,Onion,08/09/2026,461.28000000000003,500.0,4381.0,3000.0,2026,9
Madhya Pradesh,Ujjain,Ujjain APMC,Onion,White,08/09/2026,0.6030000000000001,3850.0,3850.0,3850.0,2026,9
Madhya Pradesh,Ujjain,Ujjain APMC,Onion,Onion,08/09/2026,507.737,300.0,4366.25,3500.0,2026,9
Madhya Pradesh,Ujjain,Ujjain APMC,Onion,Onion,09/09/2026,462.712,300.0,4000.0,2800.0,2026,9
Madhya Pradesh,Ujjain,Ujjain APMC,Onion,Onion,09/09/2026,440.866,148.39,4200.0,3600.0,2026,9
Madhya Pradesh,Ujjain,Ujjain APMC,Onion,Onion,10/09/2026,467.46400000000006,100.0,4001.0,3500.0,2026,9
Madhya Pradesh,Ujjain,Ujjain APMC,Onion,Onion-Organic,10/09/2026,9.017000000000001,2929.0,2929.0,2929.0,2026,9
Madhya Pradesh,Ujjain,Ujjain APMC,Onion,Onion,11/09/2026,470.72600000000006,149.45,3899.02,2800.0,2026,9
Madhya Pradesh,Ujjain,Ujjain APMC,Onion,White,11/09/2026,0.8160000000000001,2688.6,2688.6,2688.6,2026,9
Madhya Pradesh,Ujjain,Ujjain APMC,Onion,Onion,11/09/2026,334.904,383.0,3708.68,3400.0,2026,9
Madhya Pradesh,Ujjain,Ujjain APMC,Onion,Onion,14/09/2026,154.779,424.08,3900.0,3900.0,2026,9
Madhya Pradesh,Ujjain,Ujjain APMC,Onion,Onion,14/09/2026,51.572,120.0,4033.44,4033.44,2026,9
Madhya Pradesh,Ujjain,Ujjain APMC,Onion,White,15/09/2026,1.673,3661.74,3661.74,3661.74,2026,9
Madhya Pradesh,Ujjain,Ujjain APMC,Onion,Onion,15/09/2026,130.227,300.0,4011.0,4000.0,2026,9
Madhya Pradesh,Ujjain,Ujjain APMC,Onion,Onion,15/09/2026,350.87,302.02,4479.49,3200.0,2026,9
Madhya Pradesh,Ujjain,Ujjain APMC,Onion,Onion,16/09/2026,325.475,200.0,4058.67,3500.0,2026,9
Madhya Pradesh,Ujjain,Ujjain APMC,Onion,Onion,16/09/2026,144.18,300.0,4150.0,3018.0,2026,9
Madhya Pradesh,Ujjain,Ujjain APMC,Onion,Onion,17/09/2026,97.846,912.0,3996.0,3441.0,2026,9
Madhya Pradesh,Ujjain,Ujjain APMC,Onion,Onion,17/09/2026,348.981,252.0,4201.0,3400.0,2026,9
Madhya Pradesh,Ujjain,Ujjain APMC,Onion,Onion,18/09/2026,184.08900000000003,149.63,3910.0,3200.0,2026,9
Madhya Pradesh,Ujjain,Ujjain APMC,Onion,Onion,18/09/2026,22.776,1656.8,3750.0,2851.0,2026,9
Madhya Pradesh,Ujjain,Ujjain APMC,Onion,Onion,19/09/2026,69.824,1377.18,3549.96,3549.96,2026,9
